{"type":"FeatureCollection","features":[{"type":"Feature","geometry":{"type":"Point","coordinates":[72.78854,19.27593]},"properties":{"id":0,"type":"junction","ground_m":1.86,"invert_m":-2.04,"down":18,"hops":1,"local_area_m2":1530000.0,"acc_area_m2":1530000.0,"runoff_c":0.378,"acc_ca_m2":578455,"design_q_m3s":4.017,"blockage":0.507,"pipe_d_m":2.4,"barrels":1,"slope":0.001,"length_m":1237,"manning_n":0.013,"capacity_m3s":7.828}},{"type":"Feature","geometry":{"type":"Point","coordinates":[72.79424,19.27864]},"properties":{"id":1,"type":"junction","ground_m":8.0,"invert_m":4.7,"down":18,"hops":1,"local_area_m2":1440000.0,"acc_area_m2":1440000.0,"runoff_c":0.308,"acc_ca_m2":444096,"design_q_m3s":3.084,"blockage":0.091,"pipe_d_m":1.8,"barrels":1,"slope":0.001,"length_m":1749,"manning_n":0.013,"capacity_m3s":3.635}},{"type":"Feature","geometry":{"type":"Point","coordinates":[72.81421,19.27322]},"properties":{"id":2,"type":"junction","ground_m":0.01,"invert_m":-3.29,"down":19,"hops":2,"local_area_m2":1440000.0,"acc_area_m2":1440000.0,"runoff_c":0.3,"acc_ca_m2":432054,"design_q_m3s":3.0,"blockage":0.271,"pipe_d_m":1.8,"barrels":1,"slope":0.001,"length_m":1921,"manning_n":0.013,"capacity_m3s":3.635}},{"type":"Feature","geometry":{"type":"Point","coordinates":[72.82276,19.2705]},"properties":{"id":3,"type":"junction","ground_m":0.84,"invert_m":-2.46,"down":4,"hops":2,"local_area_m2":1440000.0,"acc_area_m2":1440000.0,"runoff_c":0.3,"acc_ca_m2":432000,"design_q_m3s":3.0,"blockage":0.123,"pipe_d_m":1.8,"barrels":1,"slope":0.001,"length_m":849,"manning_n":0.013,"capacity_m3s":3.635}},{"type":"Feature","geometry":{"type":"Point","coordinates":[72.82847,19.27593]},"properties":{"id":4,"type":"junction","ground_m":0.16,"invert_m":-4.34,"down":5,"hops":1,"local_area_m2":1440000.0,"acc_area_m2":4320000.0,"runoff_c":0.3,"acc_ca_m2":1296000,"design_q_m3s":9.0,"blockage":0.13,"pipe_d_m":3.0,"barrels":1,"slope":0.001,"length_m":2122,"manning_n":0.013,"capacity_m3s":14.194}},{"type":"Feature","geometry":{"type":"Point","coordinates":[72.84843,19.27864]},"properties":{"id":5,"type":"outfall","ground_m":0.19,"invert_m":-4.31,"down":null,"hops":0,"local_area_m2":900000.0,"acc_area_m2":72900000.0,"runoff_c":0.3,"acc_ca_m2":26900532,"design_q_m3s":186.809,"blockage":0.174,"pipe_d_m":3.0,"barrels":14,"slope":0.001,"length_m":300,"manning_n":0.013,"capacity_m3s":198.712}},{"type":"Feature","geometry":{"type":"Point","coordinates":[72.85413,19.27593]},"properties":{"id":6,"type":"junction","ground_m":1.22,"invert_m":-3.28,"down":5,"hops":1,"local_area_m2":1440000.0,"acc_area_m2":43200000.0,"runoff_c":0.427,"acc_ca_m2":16030872,"design_q_m3s":111.325,"blockage":0.052,"pipe_d_m":3.0,"barrels":7,"slope":0.0015,"length_m":671,"manning_n":0.013,"capacity_m3s":123.11}},{"type":"Feature","geometry":{"type":"Point","coordinates":[72.86554,19.2705]},"properties":{"id":7,"type":"junction","ground_m":2.37,"invert_m":-1.53,"down":6,"hops":2,"local_area_m2":1440000.0,"acc_area_m2":1440000.0,"runoff_c":0.633,"acc_ca_m2":910926,"design_q_m3s":6.326,"blockage":0.206,"pipe_d_m":2.4,"barrels":1,"slope":0.001,"length_m":1342,"manning_n":0.013,"capacity_m3s":7.828}},{"type":"Feature","geometry":{"type":"Point","coordinates":[72.88265,19.27864]},"properties":{"id":8,"type":"junction","ground_m":1.3,"invert_m":-3.2,"down":25,"hops":3,"local_area_m2":1440000.0,"acc_area_m2":33120000.0,"runoff_c":0.683,"acc_ca_m2":11619612,"design_q_m3s":80.692,"blockage":0.344,"pipe_d_m":3.0,"barrels":6,"slope":0.001,"length_m":2581,"manning_n":0.013,"capacity_m3s":85.162}},{"type":"Feature","geometry":{"type":"Point","coordinates":[72.88836,19.27864]},"properties":{"id":9,"type":"junction","ground_m":-0.8,"invert_m":-5.3,"down":8,"hops":4,"local_area_m2":1440000.0,"acc_area_m2":25920000.0,"runoff_c":0.591,"acc_ca_m2":8772246,"design_q_m3s":60.918,"blockage":0.093,"pipe_d_m":3.0,"barrels":5,"slope":0.001,"length_m":600,"manning_n":0.013,"capacity_m3s":70.969}},{"type":"Feature","geometry":{"type":"Point","coordinates":[72.90547,19.27864]},"properties":{"id":10,"type":"junction","ground_m":-0.73,"invert_m":-5.23,"down":9,"hops":5,"local_area_m2":1440000.0,"acc_area_m2":20160000.0,"runoff_c":0.319,"acc_ca_m2":6596262,"design_q_m3s":45.807,"blockage":0.081,"pipe_d_m":3.0,"barrels":4,"slope":0.001,"length_m":1800,"manning_n":0.013,"capacity_m3s":56.775}},{"type":"Feature","geometry":{"type":"Point","coordinates":[72.91403,19.2705]},"properties":{"id":11,"type":"junction","ground_m":1.57,"invert_m":-2.93,"down":10,"hops":6,"local_area_m2":1440000.0,"acc_area_m2":14400000.0,"runoff_c":0.341,"acc_ca_m2":4840074,"design_q_m3s":33.612,"blockage":0.142,"pipe_d_m":3.0,"barrels":2,"slope":0.0018,"length_m":1273,"manning_n":0.013,"capacity_m3s":38.16}},{"type":"Feature","geometry":{"type":"Point","coordinates":[72.91973,19.27864]},"properties":{"id":12,"type":"junction","ground_m":6.1,"invert_m":1.6,"down":11,"hops":7,"local_area_m2":1440000.0,"acc_area_m2":10080000.0,"runoff_c":0.327,"acc_ca_m2":3484620,"design_q_m3s":24.199,"blockage":0.146,"pipe_d_m":3.0,"barrels":1,"slope":0.0042,"length_m":1082,"manning_n":0.013,"capacity_m3s":29.047}},{"type":"Feature","geometry":{"type":"Point","coordinates":[72.93399,19.27864]},"properties":{"id":13,"type":"junction","ground_m":46.49,"invert_m":43.19,"down":12,"hops":8,"local_area_m2":1440000.0,"acc_area_m2":7200000.0,"runoff_c":0.3,"acc_ca_m2":2582118,"design_q_m3s":17.931,"blockage":0.097,"pipe_d_m":1.8,"barrels":1,"slope":0.0269,"length_m":1500,"manning_n":0.013,"capacity_m3s":18.861}},{"type":"Feature","geometry":{"type":"Point","coordinates":[72.9454,19.27864]},"properties":{"id":14,"type":"junction","ground_m":12.85,"invert_m":8.35,"down":13,"hops":9,"local_area_m2":1440000.0,"acc_area_m2":4320000.0,"runoff_c":0.312,"acc_ca_m2":1718118,"design_q_m3s":11.931,"blockage":0.087,"pipe_d_m":3.0,"barrels":1,"slope":0.001,"length_m":1200,"manning_n":0.013,"capacity_m3s":14.194}},{"type":"Feature","geometry":{"type":"Point","coordinates":[72.96251,19.27864]},"properties":{"id":15,"type":"junction","ground_m":3.09,"invert_m":-0.81,"down":14,"hops":10,"local_area_m2":1440000.0,"acc_area_m2":1440000.0,"runoff_c":0.456,"acc_ca_m2":657072,"design_q_m3s":4.563,"blockage":0.19,"pipe_d_m":2.4,"barrels":1,"slope":0.001,"length_m":1800,"manning_n":0.013,"capacity_m3s":7.828}},{"type":"Feature","geometry":{"type":"Point","coordinates":[72.96536,19.27864]},"properties":{"id":16,"type":"inlet","ground_m":0.52,"invert_m":-3.38,"down":35,"hops":11,"local_area_m2":1440000.0,"acc_area_m2":1440000.0,"runoff_c":0.461,"acc_ca_m2":664416,"design_q_m3s":4.614,"blockage":0.323,"pipe_d_m":2.4,"barrels":1,"slope":0.001,"length_m":2343,"manning_n":0.013,"capacity_m3s":7.828}},{"type":"Feature","geometry":{"type":"Point","coordinates":[72.97677,19.27322]},"properties":{"id":17,"type":"inlet","ground_m":0.46,"invert_m":-2.84,"down":36,"hops":11,"local_area_m2":1440000.0,"acc_area_m2":1440000.0,"runoff_c":0.303,"acc_ca_m2":436266,"design_q_m3s":3.03,"blockage":0.28,"pipe_d_m":1.8,"barrels":1,"slope":0.001,"length_m":1921,"manning_n":0.013,"capacity_m3s":3.635}},{"type":"Feature","geometry":{"type":"Point","coordinates":[72.78569,19.26508]},"properties":{"id":18,"type":"outfall","ground_m":6.29,"invert_m":2.39,"down":null,"hops":0,"local_area_m2":1170000.0,"acc_area_m2":8460000.0,"runoff_c":0.309,"acc_ca_m2":2712913,"design_q_m3s":18.84,"blockage":0.289,"pipe_d_m":2.4,"barrels":1,"slope":0.0193,"length_m":300,"manning_n":0.013,"capacity_m3s":34.389}},{"type":"Feature","geometry":{"type":"Point","coordinates":[72.79995,19.26237]},"properties":{"id":19,"type":"junction","ground_m":4.86,"invert_m":0.96,"down":18,"hops":1,"local_area_m2":1440000.0,"acc_area_m2":2880000.0,"runoff_c":0.323,"acc_ca_m2":896562,"design_q_m3s":6.226,"blockage":0.1,"pipe_d_m":2.4,"barrels":1,"slope":0.001,"length_m":1530,"manning_n":0.013,"capacity_m3s":7.828}},{"type":"Feature","geometry":{"type":"Point","coordinates":[72.81421,19.26508]},"properties":{"id":20,"type":"junction","ground_m":0.82,"invert_m":-2.48,"down":40,"hops":2,"local_area_m2":1440000.0,"acc_area_m2":1440000.0,"runoff_c":0.3,"acc_ca_m2":432000,"design_q_m3s":3.0,"blockage":0.088,"pipe_d_m":1.8,"barrels":1,"slope":0.001,"length_m":1825,"manning_n":0.013,"capacity_m3s":3.635}},{"type":"Feature","geometry":{"type":"Point","coordinates":[72.81991,19.25965]},"properties":{"id":21,"type":"junction","ground_m":0.82,"invert_m":-2.48,"down":4,"hops":2,"local_area_m2":1440000.0,"acc_area_m2":1440000.0,"runoff_c":0.3,"acc_ca_m2":432000,"design_q_m3s":3.0,"blockage":0.039,"pipe_d_m":1.8,"barrels":1,"slope":0.001,"length_m":2012,"manning_n":0.013,"capacity_m3s":3.635}},{"type":"Feature","geometry":{"type":"Point","coordinates":[72.83132,19.26779]},"properties":{"id":22,"type":"junction","ground_m":1.56,"invert_m":-1.74,"down":5,"hops":1,"local_area_m2":1440000.0,"acc_area_m2":1440000.0,"runoff_c":0.3,"acc_ca_m2":432000,"design_q_m3s":3.0,"blockage":0.122,"pipe_d_m":1.8,"barrels":1,"slope":0.001,"length_m":2163,"manning_n":0.013,"capacity_m3s":3.635}},{"type":"Feature","geometry":{"type":"Point","coordinates":[72.84558,19.25965]},"properties":{"id":23,"type":"junction","ground_m":1.18,"invert_m":-3.32,"down":5,"hops":1,"local_area_m2":1440000.0,"acc_area_m2":2880000.0,"runoff_c":0.3,"acc_ca_m2":1395360,"design_q_m3s":9.69,"blockage":0.035,"pipe_d_m":3.0,"barrels":1,"slope":0.001,"length_m":2121,"manning_n":0.013,"capacity_m3s":14.194}},{"type":"Feature","geometry":{"type":"Point","coordinates":[72.85699,19.26779]},"properties":{"id":24,"type":"junction","ground_m":2.58,"invert_m":-1.92,"down":5,"hops":1,"local_area_m2":1440000.0,"acc_area_m2":20160000.0,"runoff_c":0.389,"acc_ca_m2":7476246,"design_q_m3s":51.918,"blockage":0.069,"pipe_d_m":3.0,"barrels":3,"slope":0.0016,"length_m":1500,"manning_n":0.013,"capacity_m3s":53.749}},{"type":"Feature","geometry":{"type":"Point","coordinates":[72.86839,19.25965]},"properties":{"id":25,"type":"junction","ground_m":1.99,"invert_m":-2.51,"down":6,"hops":2,"local_area_m2":1440000.0,"acc_area_m2":40320000.0,"runoff_c":0.473,"acc_ca_m2":14505210,"design_q_m3s":100.731,"blockage":0.308,"pipe_d_m":3.0,"barrels":8,"slope":0.001,"length_m":2343,"manning_n":0.013,"capacity_m3s":113.55}},{"type":"Feature","geometry":{"type":"Point","coordinates":[72.8741,19.26779]},"properties":{"id":26,"type":"junction","ground_m":8.03,"invert_m":4.73,"down":25,"hops":3,"local_area_m2":1440000.0,"acc_area_m2":2880000.0,"runoff_c":0.517,"acc_ca_m2":1176228,"design_q_m3s":8.168,"blockage":0.028,"pipe_d_m":1.8,"barrels":1,"slope":0.0056,"length_m":1082,"manning_n":0.013,"capacity_m3s":8.59}},{"type":"Feature","geometry":{"type":"Point","coordinates":[72.89121,19.26779]},"properties":{"id":27,"type":"junction","ground_m":12.91,"invert_m":9.01,"down":8,"hops":4,"local_area_m2":1440000.0,"acc_area_m2":5760000.0,"runoff_c":0.394,"acc_ca_m2":1863162,"design_q_m3s":12.939,"blockage":0.101,"pipe_d_m":2.4,"barrels":1,"slope":0.0077,"length_m":1500,"manning_n":0.013,"capacity_m3s":21.779}},{"type":"Feature","geometry":{"type":"Point","coordinates":[72.89691,19.26779]},"properties":{"id":28,"type":"junction","ground_m":19.41,"invert_m":16.11,"down":9,"hops":5,"local_area_m2":1440000.0,"acc_area_m2":4320000.0,"runoff_c":0.32,"acc_ca_m2":1324944,"design_q_m3s":9.201,"blockage":0.079,"pipe_d_m":1.8,"barrels":1,"slope":0.0135,"length_m":1500,"manning_n":0.013,"capacity_m3s":13.343}},{"type":"Feature","geometry":{"type":"Point","coordinates":[72.91403,19.26779]},"properties":{"id":29,"type":"junction","ground_m":14.31,"invert_m":11.01,"down":10,"hops":6,"local_area_m2":1440000.0,"acc_area_m2":4320000.0,"runoff_c":0.3,"acc_ca_m2":1296648,"design_q_m3s":9.005,"blockage":0.175,"pipe_d_m":1.8,"barrels":1,"slope":0.01,"length_m":1500,"manning_n":0.013,"capacity_m3s":11.51}},{"type":"Feature","geometry":{"type":"Point","coordinates":[72.92258,19.26779]},"properties":{"id":30,"type":"junction","ground_m":17.16,"invert_m":14.16,"down":11,"hops":7,"local_area_m2":1440000.0,"acc_area_m2":2880000.0,"runoff_c":0.3,"acc_ca_m2":864000,"design_q_m3s":6.0,"blockage":0.08,"pipe_d_m":1.5,"barrels":1,"slope":0.0164,"length_m":949,"manning_n":0.013,"capacity_m3s":9.061}},{"type":"Feature","geometry":{"type":"Point","coordinates":[72.93114,19.26779]},"properties":{"id":31,"type":"junction","ground_m":108.13,"invert_m":105.73,"down":12,"hops":8,"local_area_m2":1440000.0,"acc_area_m2":1440000.0,"runoff_c":0.3,"acc_ca_m2":432000,"design_q_m3s":3.0,"blockage":0.263,"pipe_d_m":0.9,"barrels":1,"slope":0.0601,"length_m":1697,"manning_n":0.013,"capacity_m3s":4.439}},{"type":"Feature","geometry":{"type":"Point","coordinates":[72.94825,19.26779]},"properties":{"id":32,"type":"junction","ground_m":41.9,"invert_m":38.6,"down":13,"hops":9,"local_area_m2":1440000.0,"acc_area_m2":1440000.0,"runoff_c":0.3,"acc_ca_m2":432000,"design_q_m3s":3.0,"blockage":0.387,"pipe_d_m":1.8,"barrels":1,"slope":0.001,"length_m":1921,"manning_n":0.013,"capacity_m3s":3.635}},{"type":"Feature","geometry":{"type":"Point","coordinates":[72.96251,19.26779]},"properties":{"id":33,"type":"junction","ground_m":12.66,"invert_m":8.76,"down":14,"hops":10,"local_area_m2":1440000.0,"acc_area_m2":1440000.0,"runoff_c":0.425,"acc_ca_m2":611766,"design_q_m3s":4.248,"blockage":0.237,"pipe_d_m":2.4,"barrels":1,"slope":0.001,"length_m":2163,"manning_n":0.013,"capacity_m3s":7.828}},{"type":"Feature","geometry":{"type":"Point","coordinates":[72.97392,19.26508]},"properties":{"id":34,"type":"junction","ground_m":3.17,"invert_m":-0.73,"down":54,"hops":10,"local_area_m2":1440000.0,"acc_area_m2":1440000.0,"runoff_c":0.621,"acc_ca_m2":894834,"design_q_m3s":6.214,"blockage":0.13,"pipe_d_m":2.4,"barrels":1,"slope":0.0018,"length_m":1500,"manning_n":0.013,"capacity_m3s":10.366}},{"type":"Feature","geometry":{"type":"Point","coordinates":[72.98247,19.26508]},"properties":{"id":35,"type":"junction","ground_m":0.89,"invert_m":-3.61,"down":55,"hops":10,"local_area_m2":1440000.0,"acc_area_m2":2880000.0,"runoff_c":0.468,"acc_ca_m2":1338606,"design_q_m3s":9.296,"blockage":0.122,"pipe_d_m":3.0,"barrels":1,"slope":0.001,"length_m":1082,"manning_n":0.013,"capacity_m3s":14.194}},{"type":"Feature","geometry":{"type":"Point","coordinates":[72.98818,19.25965]},"properties":{"id":36,"type":"junction","ground_m":0.13,"invert_m":-3.77,"down":55,"hops":10,"local_area_m2":360000.0,"acc_area_m2":1800000.0,"runoff_c":0.477,"acc_ca_m2":607824,"design_q_m3s":4.221,"blockage":0.029,"pipe_d_m":2.4,"barrels":1,"slope":0.001,"length_m":300,"manning_n":0.013,"capacity_m3s":7.828}},{"type":"Feature","geometry":{"type":"Point","coordinates":[72.78283,19.2488]},"properties":{"id":37,"type":"outfall","ground_m":6.32,"invert_m":3.62,"down":null,"hops":0,"local_area_m2":1260000.0,"acc_area_m2":1260000.0,"runoff_c":0.303,"acc_ca_m2":381618,"design_q_m3s":2.65,"blockage":0.043,"pipe_d_m":1.2,"barrels":1,"slope":0.0194,"length_m":300,"manning_n":0.013,"capacity_m3s":5.431}},{"type":"Feature","geometry":{"type":"Point","coordinates":[72.8028,19.25694]},"properties":{"id":38,"type":"junction","ground_m":4.83,"invert_m":1.53,"down":18,"hops":1,"local_area_m2":1440000.0,"acc_area_m2":1440000.0,"runoff_c":0.3,"acc_ca_m2":432648,"design_q_m3s":3.005,"blockage":0.077,"pipe_d_m":1.8,"barrels":1,"slope":0.001,"length_m":2013,"manning_n":0.013,"capacity_m3s":3.635}},{"type":"Feature","geometry":{"type":"Point","coordinates":[72.8085,19.25423]},"properties":{"id":39,"type":"junction","ground_m":0.74,"invert_m":-2.56,"down":59,"hops":1,"local_area_m2":1440000.0,"acc_area_m2":1440000.0,"runoff_c":0.3,"acc_ca_m2":432000,"design_q_m3s":3.0,"blockage":0.078,"pipe_d_m":1.8,"barrels":1,"slope":0.001,"length_m":1697,"manning_n":0.013,"capacity_m3s":3.635}},{"type":"Feature","geometry":{"type":"Point","coordinates":[72.81706,19.2488]},"properties":{"id":40,"type":"junction","ground_m":0.65,"invert_m":-3.25,"down":59,"hops":1,"local_area_m2":1440000.0,"acc_area_m2":2880000.0,"runoff_c":0.3,"acc_ca_m2":864000,"design_q_m3s":6.0,"blockage":0.056,"pipe_d_m":2.4,"barrels":1,"slope":0.001,"length_m":671,"manning_n":0.013,"capacity_m3s":7.828}},{"type":"Feature","geometry":{"type":"Point","coordinates":[72.83132,19.25423]},"properties":{"id":41,"type":"junction","ground_m":0.69,"invert_m":-3.81,"down":59,"hops":1,"local_area_m2":1170000.0,"acc_area_m2":8280000.0,"runoff_c":0.3,"acc_ca_m2":4438206,"design_q_m3s":30.821,"blockage":0.056,"pipe_d_m":3.0,"barrels":3,"slope":0.001,"length_m":1697,"manning_n":0.013,"capacity_m3s":42.581}},{"type":"Feature","geometry":{"type":"Point","coordinates":[72.84558,19.25151]},"properties":{"id":42,"type":"junction","ground_m":1.58,"invert_m":-2.92,"down":41,"hops":2,"local_area_m2":1440000.0,"acc_area_m2":4320000.0,"runoff_c":0.464,"acc_ca_m2":2351430,"design_q_m3s":16.329,"blockage":0.064,"pipe_d_m":3.0,"barrels":2,"slope":0.001,"length_m":1530,"manning_n":0.013,"capacity_m3s":28.387}},{"type":"Feature","geometry":{"type":"Point","coordinates":[72.85699,19.25694]},"properties":{"id":43,"type":"junction","ground_m":6.94,"invert_m":3.64,"down":23,"hops":2,"local_area_m2":1440000.0,"acc_area_m2":1440000.0,"runoff_c":0.669,"acc_ca_m2":963360,"design_q_m3s":6.69,"blockage":0.244,"pipe_d_m":1.8,"barrels":1,"slope":0.0047,"length_m":1237,"manning_n":0.013,"capacity_m3s":7.844}},{"type":"Feature","geometry":{"type":"Point","coordinates":[72.86839,19.25694]},"properties":{"id":44,"type":"junction","ground_m":3.24,"invert_m":-1.26,"down":24,"hops":2,"local_area_m2":1440000.0,"acc_area_m2":18720000.0,"runoff_c":0.714,"acc_ca_m2":6916590,"design_q_m3s":48.032,"blockage":0.042,"pipe_d_m":3.0,"barrels":4,"slope":0.001,"length_m":1697,"manning_n":0.013,"capacity_m3s":56.775}},{"type":"Feature","geometry":{"type":"Point","coordinates":[72.8741,19.25694]},"properties":{"id":45,"type":"junction","ground_m":17.09,"invert_m":14.09,"down":25,"hops":3,"local_area_m2":1440000.0,"acc_area_m2":2880000.0,"runoff_c":0.415,"acc_ca_m2":1028916,"design_q_m3s":7.145,"blockage":0.418,"pipe_d_m":1.5,"barrels":1,"slope":0.0225,"length_m":671,"manning_n":0.013,"capacity_m3s":10.605}},{"type":"Feature","geometry":{"type":"Point","coordinates":[72.89406,19.25694]},"properties":{"id":46,"type":"junction","ground_m":72.0,"invert_m":69.3,"down":26,"hops":4,"local_area_m2":1440000.0,"acc_area_m2":1440000.0,"runoff_c":0.3,"acc_ca_m2":432000,"design_q_m3s":3.0,"blockage":0.361,"pipe_d_m":1.2,"barrels":1,"slope":0.0264,"length_m":2419,"manning_n":0.013,"capacity_m3s":6.34}},{"type":"Feature","geometry":{"type":"Point","coordinates":[72.89691,19.25694]},"properties":{"id":47,"type":"junction","ground_m":49.48,"invert_m":46.48,"down":27,"hops":5,"local_area_m2":1440000.0,"acc_area_m2":4320000.0,"runoff_c":0.3,"acc_ca_m2":1296000,"design_q_m3s":9.0,"blockage":0.329,"pipe_d_m":1.5,"barrels":1,"slope":0.0273,"length_m":1342,"manning_n":0.013,"capacity_m3s":11.671}},{"type":"Feature","geometry":{"type":"Point","coordinates":[72.91688,19.25694]},"properties":{"id":48,"type":"junction","ground_m":49.51,"invert_m":46.51,"down":28,"hops":6,"local_area_m2":1440000.0,"acc_area_m2":2880000.0,"runoff_c":0.3,"acc_ca_m2":864000,"design_q_m3s":6.0,"blockage":0.08,"pipe_d_m":1.5,"barrels":1,"slope":0.0124,"length_m":2419,"manning_n":0.013,"capacity_m3s":7.886}},{"type":"Feature","geometry":{"type":"Point","coordinates":[72.91973,19.25151]},"properties":{"id":49,"type":"junction","ground_m":53.69,"invert_m":50.69,"down":29,"hops":7,"local_area_m2":1440000.0,"acc_area_m2":2880000.0,"runoff_c":0.3,"acc_ca_m2":864000,"design_q_m3s":6.0,"blockage":0.245,"pipe_d_m":1.5,"barrels":1,"slope":0.0208,"length_m":1897,"manning_n":0.013,"capacity_m3s":10.184}},{"type":"Feature","geometry":{"type":"Point","coordinates":[72.93969,19.2488]},"properties":{"id":50,"type":"junction","ground_m":169.44,"invert_m":167.04,"down":30,"hops":8,"local_area_m2":1440000.0,"acc_area_m2":1440000.0,"runoff_c":0.3,"acc_ca_m2":432000,"design_q_m3s":3.0,"blockage":0.06,"pipe_d_m":0.9,"barrels":1,"slope":0.0551,"length_m":2766,"manning_n":0.013,"capacity_m3s":4.248}},{"type":"Feature","geometry":{"type":"Point","coordinates":[72.9511,19.25151]},"properties":{"id":51,"type":"junction","ground_m":104.89,"invert_m":102.19,"down":71,"hops":9,"local_area_m2":1440000.0,"acc_area_m2":1440000.0,"runoff_c":0.3,"acc_ca_m2":432000,"design_q_m3s":3.0,"blockage":0.126,"pipe_d_m":1.2,"barrels":1,"slope":0.0191,"length_m":849,"manning_n":0.013,"capacity_m3s":5.387}},{"type":"Feature","geometry":{"type":"Point","coordinates":[72.96251,19.25694]},"properties":{"id":52,"type":"junction","ground_m":22.4,"invert_m":19.1,"down":72,"hops":9,"local_area_m2":1440000.0,"acc_area_m2":1440000.0,"runoff_c":0.308,"acc_ca_m2":442908,"design_q_m3s":3.076,"blockage":0.404,"pipe_d_m":1.8,"barrels":1,"slope":0.001,"length_m":1921,"manning_n":0.013,"capacity_m3s":3.635}},{"type":"Feature","geometry":{"type":"Point","coordinates":[72.97392,19.25694]},"properties":{"id":53,"type":"junction","ground_m":14.09,"invert_m":10.19,"down":73,"hops":9,"local_area_m2":1440000.0,"acc_area_m2":1440000.0,"runoff_c":0.446,"acc_ca_m2":642060,"design_q_m3s":4.459,"blockage":0.052,"pipe_d_m":2.4,"barrels":1,"slope":0.001,"length_m":1500,"manning_n":0.013,"capacity_m3s":7.828}},{"type":"Feature","geometry":{"type":"Point","coordinates":[72.98533,19.25694]},"properties":{"id":54,"type":"junction","ground_m":0.54,"invert_m":-3.96,"down":73,"hops":9,"local_area_m2":1440000.0,"acc_area_m2":2880000.0,"runoff_c":0.632,"acc_ca_m2":1804464,"design_q_m3s":12.531,"blockage":0.115,"pipe_d_m":3.0,"barrels":1,"slope":0.001,"length_m":1237,"manning_n":0.013,"capacity_m3s":14.194}},{"type":"Feature","geometry":{"type":"Point","coordinates":[72.98818,19.25694]},"properties":{"id":55,"type":"junction","ground_m":0.23,"invert_m":-4.27,"down":73,"hops":9,"local_area_m2":360000.0,"acc_area_m2":5040000.0,"runoff_c":0.413,"acc_ca_m2":2095254,"design_q_m3s":14.55,"blockage":0.347,"pipe_d_m":3.0,"barrels":2,"slope":0.001,"length_m":1342,"manning_n":0.013,"capacity_m3s":28.387}},{"type":"Feature","geometry":{"type":"Point","coordinates":[72.79139,19.24066]},"properties":{"id":56,"type":"junction","ground_m":1.01,"invert_m":-2.29,"down":75,"hops":1,"local_area_m2":1530000.0,"acc_area_m2":1530000.0,"runoff_c":0.327,"acc_ca_m2":501056,"design_q_m3s":3.48,"blockage":0.185,"pipe_d_m":1.8,"barrels":1,"slope":0.001,"length_m":1697,"manning_n":0.013,"capacity_m3s":3.635}},{"type":"Feature","geometry":{"type":"Point","coordinates":[72.79424,19.23795]},"properties":{"id":57,"type":"junction","ground_m":-0.1,"invert_m":-3.4,"down":78,"hops":1,"local_area_m2":1440000.0,"acc_area_m2":1440000.0,"runoff_c":0.305,"acc_ca_m2":439776,"design_q_m3s":3.054,"blockage":0.063,"pipe_d_m":1.8,"barrels":1,"slope":0.001,"length_m":2122,"manning_n":0.013,"capacity_m3s":3.635}},{"type":"Feature","geometry":{"type":"Point","coordinates":[72.8085,19.24609]},"properties":{"id":58,"type":"junction","ground_m":0.74,"invert_m":-2.56,"down":78,"hops":1,"local_area_m2":1440000.0,"acc_area_m2":1440000.0,"runoff_c":0.301,"acc_ca_m2":433296,"design_q_m3s":3.009,"blockage":0.127,"pipe_d_m":1.8,"barrels":1,"slope":0.001,"length_m":1342,"manning_n":0.013,"capacity_m3s":3.635}},{"type":"Feature","geometry":{"type":"Point","coordinates":[72.81991,19.24337]},"properties":{"id":59,"type":"outfall","ground_m":0.57,"invert_m":-3.93,"down":null,"hops":0,"local_area_m2":990000.0,"acc_area_m2":13590000.0,"runoff_c":0.3,"acc_ca_m2":6031368,"design_q_m3s":41.885,"blockage":0.044,"pipe_d_m":3.0,"barrels":3,"slope":0.001,"length_m":300,"manning_n":0.013,"capacity_m3s":42.581}},{"type":"Feature","geometry":{"type":"Point","coordinates":[72.83417,19.24066]},"properties":{"id":60,"type":"junction","ground_m":1.43,"invert_m":-3.07,"down":79,"hops":1,"local_area_m2":1350000.0,"acc_area_m2":2790000.0,"runoff_c":0.301,"acc_ca_m2":1411992,"design_q_m3s":9.805,"blockage":0.055,"pipe_d_m":3.0,"barrels":1,"slope":0.001,"length_m":1898,"manning_n":0.013,"capacity_m3s":14.194}},{"type":"Feature","geometry":{"type":"Point","coordinates":[72.84273,19.24337]},"properties":{"id":61,"type":"junction","ground_m":1.69,"invert_m":-2.81,"down":41,"hops":2,"local_area_m2":1350000.0,"acc_area_m2":2790000.0,"runoff_c":0.507,"acc_ca_m2":1735776,"design_q_m3s":12.054,"blockage":0.224,"pipe_d_m":3.0,"barrels":1,"slope":0.001,"length_m":1697,"manning_n":0.013,"capacity_m3s":14.194}},{"type":"Feature","geometry":{"type":"Point","coordinates":[72.85699,19.24609]},"properties":{"id":62,"type":"junction","ground_m":10.89,"invert_m":6.99,"down":42,"hops":3,"local_area_m2":1440000.0,"acc_area_m2":2880000.0,"runoff_c":0.603,"acc_ca_m2":1682694,"design_q_m3s":11.685,"blockage":0.31,"pipe_d_m":2.4,"barrels":1,"slope":0.0069,"length_m":1342,"manning_n":0.013,"capacity_m3s":20.621}},{"type":"Feature","geometry":{"type":"Point","coordinates":[72.86839,19.24609]},"properties":{"id":63,"type":"junction","ground_m":13.0,"invert_m":9.1,"down":44,"hops":3,"local_area_m2":1440000.0,"acc_area_m2":5760000.0,"runoff_c":0.748,"acc_ca_m2":2373516,"design_q_m3s":16.483,"blockage":0.347,"pipe_d_m":2.4,"barrels":1,"slope":0.0081,"length_m":1200,"manning_n":0.013,"capacity_m3s":22.327}},{"type":"Feature","geometry":{"type":"Point","coordinates":[72.8741,19.24609]},"properties":{"id":64,"type":"junction","ground_m":19.83,"invert_m":15.93,"down":44,"hops":3,"local_area_m2":1440000.0,"acc_area_m2":11520000.0,"runoff_c":0.341,"acc_ca_m2":3515076,"design_q_m3s":24.41,"blockage":0.197,"pipe_d_m":2.4,"barrels":1,"slope":0.0124,"length_m":1342,"manning_n":0.013,"capacity_m3s":27.529}},{"type":"Feature","geometry":{"type":"Point","coordinates":[72.88551,19.23795]},"properties":{"id":65,"type":"junction","ground_m":67.01,"invert_m":64.31,"down":45,"hops":4,"local_area_m2":1440000.0,"acc_area_m2":1440000.0,"runoff_c":0.3,"acc_ca_m2":432000,"design_q_m3s":3.0,"blockage":0.387,"pipe_d_m":1.2,"barrels":1,"slope":0.0206,"length_m":2419,"manning_n":0.013,"capacity_m3s":5.601}},{"type":"Feature","geometry":{"type":"Point","coordinates":[72.89691,19.23795]},"properties":{"id":66,"type":"junction","ground_m":126.8,"invert_m":124.4,"down":85,"hops":5,"local_area_m2":1440000.0,"acc_area_m2":1440000.0,"runoff_c":0.3,"acc_ca_m2":432000,"design_q_m3s":3.0,"blockage":0.383,"pipe_d_m":0.9,"barrels":1,"slope":0.0444,"length_m":1697,"manning_n":0.013,"capacity_m3s":3.815}},{"type":"Feature","geometry":{"type":"Point","coordinates":[72.91688,19.24337]},"properties":{"id":67,"type":"junction","ground_m":121.3,"invert_m":118.6,"down":47,"hops":6,"local_area_m2":1440000.0,"acc_area_m2":2880000.0,"runoff_c":0.3,"acc_ca_m2":864000,"design_q_m3s":6.0,"blockage":0.038,"pipe_d_m":1.2,"barrels":1,"slope":0.0278,"length_m":2581,"manning_n":0.013,"capacity_m3s":6.504}},{"type":"Feature","geometry":{"type":"Point","coordinates":[72.92829,19.24337]},"properties":{"id":68,"type":"junction","ground_m":79.42,"invert_m":76.72,"down":48,"hops":7,"local_area_m2":1440000.0,"acc_area_m2":1440000.0,"runoff_c":0.3,"acc_ca_m2":432000,"design_q_m3s":3.0,"blockage":0.262,"pipe_d_m":1.2,"barrels":1,"slope":0.0156,"length_m":1921,"manning_n":0.013,"capacity_m3s":4.865}},{"type":"Feature","geometry":{"type":"Point","coordinates":[72.93114,19.24337]},"properties":{"id":69,"type":"junction","ground_m":95.78,"invert_m":93.38,"down":49,"hops":8,"local_area_m2":1440000.0,"acc_area_m2":1440000.0,"runoff_c":0.3,"acc_ca_m2":432000,"design_q_m3s":3.0,"blockage":0.228,"pipe_d_m":0.9,"barrels":1,"slope":0.0281,"length_m":1500,"manning_n":0.013,"capacity_m3s":3.032}},{"type":"Feature","geometry":{"type":"Point","coordinates":[72.94255,19.23795]},"properties":{"id":70,"type":"junction","ground_m":107.97,"invert_m":105.27,"down":91,"hops":8,"local_area_m2":1440000.0,"acc_area_m2":1440000.0,"runoff_c":0.304,"acc_ca_m2":437778,"design_q_m3s":3.04,"blockage":0.31,"pipe_d_m":1.2,"barrels":1,"slope":0.0239,"length_m":2419,"manning_n":0.013,"capacity_m3s":6.032}},{"type":"Feature","geometry":{"type":"Point","coordinates":[72.95681,19.24609]},"properties":{"id":71,"type":"junction","ground_m":88.69,"invert_m":85.69,"down":92,"hops":8,"local_area_m2":1440000.0,"acc_area_m2":2880000.0,"runoff_c":0.3,"acc_ca_m2":864000,"design_q_m3s":6.0,"blockage":0.319,"pipe_d_m":1.5,"barrels":1,"slope":0.0215,"length_m":2766,"manning_n":0.013,"capacity_m3s":10.377}},{"type":"Feature","geometry":{"type":"Point","coordinates":[72.97392,19.24337]},"properties":{"id":72,"type":"junction","ground_m":31.9,"invert_m":28.9,"down":93,"hops":8,"local_area_m2":1440000.0,"acc_area_m2":2880000.0,"runoff_c":0.451,"acc_ca_m2":1091718,"design_q_m3s":7.581,"blockage":0.162,"pipe_d_m":1.5,"barrels":1,"slope":0.0129,"length_m":1697,"manning_n":0.013,"capacity_m3s":8.032}},{"type":"Feature","geometry":{"type":"Point","coordinates":[72.98247,19.24609]},"properties":{"id":73,"type":"junction","ground_m":13.05,"invert_m":8.55,"down":93,"hops":8,"local_area_m2":1440000.0,"acc_area_m2":10800000.0,"runoff_c":0.614,"acc_ca_m2":5425542,"design_q_m3s":37.677,"blockage":0.358,"pipe_d_m":3.0,"barrels":2,"slope":0.002,"length_m":1530,"manning_n":0.013,"capacity_m3s":40.151}},{"type":"Feature","geometry":{"type":"Point","coordinates":[72.98818,19.24609]},"properties":{"id":74,"type":"junction","ground_m":17.68,"invert_m":15.28,"down":93,"hops":8,"local_area_m2":360000.0,"acc_area_m2":360000.0,"runoff_c":0.365,"acc_ca_m2":131544,"design_q_m3s":0.913,"blockage":0.367,"pipe_d_m":0.9,"barrels":1,"slope":0.005,"length_m":1530,"manning_n":0.013,"capacity_m3s":1.284}},{"type":"Feature","geometry":{"type":"Point","coordinates":[72.77998,19.22981]},"properties":{"id":75,"type":"outfall","ground_m":4.23,"invert_m":1.23,"down":null,"hops":0,"local_area_m2":270000.0,"acc_area_m2":3240000.0,"runoff_c":0.337,"acc_ca_m2":1040948,"design_q_m3s":7.229,"blockage":0.601,"pipe_d_m":1.5,"barrels":1,"slope":0.0124,"length_m":300,"manning_n":0.013,"capacity_m3s":7.882}},{"type":"Feature","geometry":{"type":"Point","coordinates":[72.79139,19.22981]},"properties":{"id":76,"type":"junction","ground_m":0.15,"invert_m":-3.15,"down":75,"hops":1,"local_area_m2":1440000.0,"acc_area_m2":1440000.0,"runoff_c":0.312,"acc_ca_m2":448848,"design_q_m3s":3.117,"blockage":0.165,"pipe_d_m":1.8,"barrels":1,"slope":0.001,"length_m":1200,"manning_n":0.013,"capacity_m3s":3.635}},{"type":"Feature","geometry":{"type":"Point","coordinates":[72.79424,19.23252]},"properties":{"id":77,"type":"junction","ground_m":0.14,"invert_m":-3.16,"down":78,"hops":1,"local_area_m2":1440000.0,"acc_area_m2":1440000.0,"runoff_c":0.305,"acc_ca_m2":438534,"design_q_m3s":3.045,"blockage":0.27,"pipe_d_m":1.8,"barrels":1,"slope":0.001,"length_m":2122,"manning_n":0.013,"capacity_m3s":3.635}},{"type":"Feature","geometry":{"type":"Point","coordinates":[72.81421,19.23524]},"properties":{"id":78,"type":"outfall","ground_m":0.01,"invert_m":-4.49,"down":null,"hops":0,"local_area_m2":1260000.0,"acc_area_m2":9900000.0,"runoff_c":0.347,"acc_ca_m2":3928014,"design_q_m3s":27.278,"blockage":0.16,"pipe_d_m":3.0,"barrels":2,"slope":0.001,"length_m":600,"manning_n":0.013,"capacity_m3s":28.387}},{"type":"Feature","geometry":{"type":"Point","coordinates":[72.81706,19.23524]},"properties":{"id":79,"type":"outfall","ground_m":0.18,"invert_m":-4.32,"down":null,"hops":0,"local_area_m2":900000.0,"acc_area_m2":29610000.0,"runoff_c":0.561,"acc_ca_m2":16028496,"design_q_m3s":111.309,"blockage":0.192,"pipe_d_m":3.0,"barrels":8,"slope":0.001,"length_m":300,"manning_n":0.013,"capacity_m3s":113.55}},{"type":"Feature","geometry":{"type":"Point","coordinates":[72.83132,19.23524]},"properties":{"id":80,"type":"junction","ground_m":1.57,"invert_m":-2.93,"down":79,"hops":1,"local_area_m2":1440000.0,"acc_area_m2":20160000.0,"runoff_c":0.487,"acc_ca_m2":10301904,"design_q_m3s":71.541,"blockage":0.058,"pipe_d_m":3.0,"barrels":6,"slope":0.001,"length_m":1500,"manning_n":0.013,"capacity_m3s":85.162}},{"type":"Feature","geometry":{"type":"Point","coordinates":[72.83987,19.23524]},"properties":{"id":81,"type":"junction","ground_m":8.46,"invert_m":5.16,"down":60,"hops":2,"local_area_m2":1440000.0,"acc_area_m2":1440000.0,"runoff_c":0.698,"acc_ca_m2":1005534,"design_q_m3s":6.983,"blockage":0.058,"pipe_d_m":1.8,"barrels":1,"slope":0.0083,"length_m":849,"manning_n":0.013,"capacity_m3s":10.463}},{"type":"Feature","geometry":{"type":"Point","coordinates":[72.85128,19.23524]},"properties":{"id":82,"type":"junction","ground_m":16.41,"invert_m":13.41,"down":61,"hops":3,"local_area_m2":1440000.0,"acc_area_m2":1440000.0,"runoff_c":0.73,"acc_ca_m2":1051056,"design_q_m3s":7.299,"blockage":0.389,"pipe_d_m":1.5,"barrels":1,"slope":0.0116,"length_m":1273,"manning_n":0.013,"capacity_m3s":7.602}},{"type":"Feature","geometry":{"type":"Point","coordinates":[72.86269,19.23252]},"properties":{"id":83,"type":"junction","ground_m":18.82,"invert_m":15.52,"down":62,"hops":4,"local_area_m2":1440000.0,"acc_area_m2":1440000.0,"runoff_c":0.565,"acc_ca_m2":813942,"design_q_m3s":5.652,"blockage":0.374,"pipe_d_m":1.8,"barrels":1,"slope":0.0049,"length_m":1615,"manning_n":0.013,"capacity_m3s":8.054}},{"type":"Feature","geometry":{"type":"Point","coordinates":[72.8741,19.2271]},"properties":{"id":84,"type":"junction","ground_m":29.81,"invert_m":26.51,"down":63,"hops":4,"local_area_m2":1440000.0,"acc_area_m2":4320000.0,"runoff_c":0.3,"acc_ca_m2":1296648,"design_q_m3s":9.005,"blockage":0.198,"pipe_d_m":1.8,"barrels":1,"slope":0.0077,"length_m":2184,"manning_n":0.013,"capacity_m3s":10.085}},{"type":"Feature","geometry":{"type":"Point","coordinates":[72.88551,19.2271]},"properties":{"id":85,"type":"junction","ground_m":51.43,"invert_m":47.53,"down":64,"hops":4,"local_area_m2":1440000.0,"acc_area_m2":10080000.0,"runoff_c":0.3,"acc_ca_m2":3024000,"design_q_m3s":21.0,"blockage":0.341,"pipe_d_m":2.4,"barrels":1,"slope":0.0131,"length_m":2419,"manning_n":0.013,"capacity_m3s":28.296}},{"type":"Feature","geometry":{"type":"Point","coordinates":[72.89691,19.2271]},"properties":{"id":86,"type":"junction","ground_m":71.19,"invert_m":68.19,"down":85,"hops":5,"local_area_m2":1440000.0,"acc_area_m2":4320000.0,"runoff_c":0.3,"acc_ca_m2":1296000,"design_q_m3s":9.0,"blockage":0.128,"pipe_d_m":1.5,"barrels":1,"slope":0.0165,"length_m":1200,"manning_n":0.013,"capacity_m3s":9.07}},{"type":"Feature","geometry":{"type":"Point","coordinates":[72.90832,19.2271]},"properties":{"id":87,"type":"junction","ground_m":189.28,"invert_m":186.88,"down":86,"hops":6,"local_area_m2":1440000.0,"acc_area_m2":1440000.0,"runoff_c":0.3,"acc_ca_m2":432000,"design_q_m3s":3.0,"blockage":0.024,"pipe_d_m":0.9,"barrels":1,"slope":0.0984,"length_m":1200,"manning_n":0.013,"capacity_m3s":5.679}},{"type":"Feature","geometry":{"type":"Point","coordinates":[72.92829,19.23524]},"properties":{"id":88,"type":"junction","ground_m":122.92,"invert_m":119.62,"down":67,"hops":7,"local_area_m2":1440000.0,"acc_area_m2":1440000.0,"runoff_c":0.3,"acc_ca_m2":432000,"design_q_m3s":3.0,"blockage":0.266,"pipe_d_m":1.8,"barrels":1,"slope":0.0011,"length_m":1500,"manning_n":0.013,"capacity_m3s":3.777}},{"type":"Feature","geometry":{"type":"Point","coordinates":[72.93114,19.23524]},"properties":{"id":89,"type":"junction","ground_m":110.42,"invert_m":107.72,"down":110,"hops":7,"local_area_m2":1440000.0,"acc_area_m2":1440000.0,"runoff_c":0.301,"acc_ca_m2":434160,"design_q_m3s":3.015,"blockage":0.267,"pipe_d_m":1.2,"barrels":1,"slope":0.0216,"length_m":2970,"manning_n":0.013,"capacity_m3s":5.732}},{"type":"Feature","geometry":{"type":"Point","coordinates":[72.94255,19.23524]},"properties":{"id":90,"type":"junction","ground_m":107.03,"invert_m":104.33,"down":111,"hops":7,"local_area_m2":1440000.0,"acc_area_m2":1440000.0,"runoff_c":0.326,"acc_ca_m2":470124,"design_q_m3s":3.265,"blockage":0.154,"pipe_d_m":1.2,"barrels":1,"slope":0.0259,"length_m":2970,"manning_n":0.013,"capacity_m3s":6.275}},{"type":"Feature","geometry":{"type":"Point","coordinates":[72.96251,19.2271]},"properties":{"id":91,"type":"junction","ground_m":50.06,"invert_m":47.06,"down":112,"hops":7,"local_area_m2":1440000.0,"acc_area_m2":2880000.0,"runoff_c":0.31,"acc_ca_m2":883980,"design_q_m3s":6.139,"blockage":0.237,"pipe_d_m":1.5,"barrels":1,"slope":0.0239,"length_m":1500,"manning_n":0.013,"capacity_m3s":10.92}},{"type":"Feature","geometry":{"type":"Point","coordinates":[72.97392,19.2271]},"properties":{"id":92,"type":"junction","ground_m":29.09,"invert_m":25.79,"down":113,"hops":7,"local_area_m2":1440000.0,"acc_area_m2":4320000.0,"runoff_c":0.612,"acc_ca_m2":1745388,"design_q_m3s":12.121,"blockage":0.163,"pipe_d_m":1.8,"barrels":1,"slope":0.0171,"length_m":1342,"manning_n":0.013,"capacity_m3s":15.037}},{"type":"Feature","geometry":{"type":"Point","coordinates":[72.98533,19.23252]},"properties":{"id":93,"type":"junction","ground_m":9.99,"invert_m":5.49,"down":113,"hops":7,"local_area_m2":1440000.0,"acc_area_m2":15480000.0,"runoff_c":0.673,"acc_ca_m2":7617348,"design_q_m3s":52.898,"blockage":0.035,"pipe_d_m":3.0,"barrels":3,"slope":0.0032,"length_m":1200,"manning_n":0.013,"capacity_m3s":76.373}},{"type":"Feature","geometry":{"type":"Point","coordinates":[72.98818,19.23252]},"properties":{"id":94,"type":"junction","ground_m":10.66,"invert_m":7.96,"down":113,"hops":7,"local_area_m2":360000.0,"acc_area_m2":360000.0,"runoff_c":0.543,"acc_ca_m2":195534,"design_q_m3s":1.358,"blockage":0.299,"pipe_d_m":1.2,"barrels":1,"slope":0.0037,"length_m":1237,"manning_n":0.013,"capacity_m3s":2.359}},{"type":"Feature","geometry":{"type":"Point","coordinates":[72.77998,19.21896]},"properties":{"id":95,"type":"outfall","ground_m":5.8,"invert_m":3.4,"down":null,"hops":0,"local_area_m2":450000.0,"acc_area_m2":450000.0,"runoff_c":0.312,"acc_ca_m2":140184,"design_q_m3s":0.973,"blockage":0.16,"pipe_d_m":0.9,"barrels":1,"slope":0.0177,"length_m":300,"manning_n":0.013,"capacity_m3s":2.406}},{"type":"Feature","geometry":{"type":"Point","coordinates":[72.78569,19.22438]},"properties":{"id":96,"type":"junction","ground_m":0.75,"invert_m":-2.55,"down":116,"hops":1,"local_area_m2":1440000.0,"acc_area_m2":1440000.0,"runoff_c":0.314,"acc_ca_m2":451548,"design_q_m3s":3.136,"blockage":0.026,"pipe_d_m":1.8,"barrels":1,"slope":0.001,"length_m":1921,"manning_n":0.013,"capacity_m3s":3.635}},{"type":"Feature","geometry":{"type":"Point","coordinates":[72.8028,19.22438]},"properties":{"id":97,"type":"junction","ground_m":0.46,"invert_m":-2.84,"down":78,"hops":1,"local_area_m2":1440000.0,"acc_area_m2":1440000.0,"runoff_c":0.3,"acc_ca_m2":432054,"design_q_m3s":3.0,"blockage":0.148,"pipe_d_m":1.8,"barrels":1,"slope":0.001,"length_m":1697,"manning_n":0.013,"capacity_m3s":3.635}},{"type":"Feature","geometry":{"type":"Point","coordinates":[72.80565,19.22438]},"properties":{"id":98,"type":"outfall","ground_m":3.04,"invert_m":0.64,"down":null,"hops":0,"local_area_m2":540000.0,"acc_area_m2":540000.0,"runoff_c":0.381,"acc_ca_m2":205740,"design_q_m3s":1.429,"blockage":0.041,"pipe_d_m":0.9,"barrels":1,"slope":0.0085,"length_m":300,"manning_n":0.013,"capacity_m3s":1.666}},{"type":"Feature","geometry":{"type":"Point","coordinates":[72.82561,19.22167]},"properties":{"id":99,"type":"junction","ground_m":0.76,"invert_m":-3.74,"down":78,"hops":1,"local_area_m2":1440000.0,"acc_area_m2":2880000.0,"runoff_c":0.442,"acc_ca_m2":1746954,"design_q_m3s":12.132,"blockage":0.084,"pipe_d_m":3.0,"barrels":1,"slope":0.001,"length_m":1921,"manning_n":0.013,"capacity_m3s":14.194}},{"type":"Feature","geometry":{"type":"Point","coordinates":[72.82847,19.22167]},"properties":{"id":100,"type":"junction","ground_m":3.35,"invert_m":-1.15,"down":79,"hops":1,"local_area_m2":1440000.0,"acc_area_m2":5760000.0,"runoff_c":0.724,"acc_ca_m2":3809754,"design_q_m3s":26.457,"blockage":0.078,"pipe_d_m":3.0,"barrels":2,"slope":0.0017,"length_m":1921,"manning_n":0.013,"capacity_m3s":36.467}},{"type":"Feature","geometry":{"type":"Point","coordinates":[72.83987,19.22438]},"properties":{"id":101,"type":"junction","ground_m":4.81,"invert_m":0.31,"down":80,"hops":2,"local_area_m2":1440000.0,"acc_area_m2":18720000.0,"runoff_c":0.633,"acc_ca_m2":9600606,"design_q_m3s":66.671,"blockage":0.196,"pipe_d_m":3.0,"barrels":4,"slope":0.0022,"length_m":1500,"manning_n":0.013,"capacity_m3s":83.442}},{"type":"Feature","geometry":{"type":"Point","coordinates":[72.85128,19.21624]},"properties":{"id":102,"type":"junction","ground_m":14.91,"invert_m":11.61,"down":101,"hops":3,"local_area_m2":1440000.0,"acc_area_m2":1440000.0,"runoff_c":0.702,"acc_ca_m2":1010394,"design_q_m3s":7.017,"blockage":0.269,"pipe_d_m":1.8,"barrels":1,"slope":0.0067,"length_m":1500,"manning_n":0.013,"capacity_m3s":9.432}},{"type":"Feature","geometry":{"type":"Point","coordinates":[72.86269,19.21624]},"properties":{"id":103,"type":"junction","ground_m":18.9,"invert_m":15.6,"down":121,"hops":4,"local_area_m2":1440000.0,"acc_area_m2":1440000.0,"runoff_c":0.671,"acc_ca_m2":966816,"design_q_m3s":6.714,"blockage":0.399,"pipe_d_m":1.8,"barrels":1,"slope":0.0061,"length_m":1082,"manning_n":0.013,"capacity_m3s":8.992}},{"type":"Feature","geometry":{"type":"Point","coordinates":[72.8741,19.21624]},"properties":{"id":104,"type":"junction","ground_m":23.21,"invert_m":20.21,"down":122,"hops":5,"local_area_m2":1440000.0,"acc_area_m2":1440000.0,"runoff_c":0.324,"acc_ca_m2":466398,"design_q_m3s":3.239,"blockage":0.087,"pipe_d_m":1.5,"barrels":1,"slope":0.005,"length_m":1500,"manning_n":0.013,"capacity_m3s":5.008}},{"type":"Feature","geometry":{"type":"Point","coordinates":[72.88551,19.22167]},"properties":{"id":105,"type":"junction","ground_m":45.73,"invert_m":42.73,"down":84,"hops":5,"local_area_m2":1440000.0,"acc_area_m2":2880000.0,"runoff_c":0.3,"acc_ca_m2":864216,"design_q_m3s":6.002,"blockage":0.127,"pipe_d_m":1.5,"barrels":1,"slope":0.0119,"length_m":1342,"manning_n":0.013,"capacity_m3s":7.7}},{"type":"Feature","geometry":{"type":"Point","coordinates":[72.89691,19.22167]},"properties":{"id":106,"type":"junction","ground_m":87.03,"invert_m":84.33,"down":85,"hops":5,"local_area_m2":1440000.0,"acc_area_m2":2880000.0,"runoff_c":0.3,"acc_ca_m2":864000,"design_q_m3s":6.0,"blockage":0.34,"pipe_d_m":1.2,"barrels":1,"slope":0.0265,"length_m":1342,"manning_n":0.013,"capacity_m3s":6.351}},{"type":"Feature","geometry":{"type":"Point","coordinates":[72.90832,19.22438]},"properties":{"id":107,"type":"junction","ground_m":162.61,"invert_m":160.21,"down":86,"hops":6,"local_area_m2":1440000.0,"acc_area_m2":1440000.0,"runoff_c":0.3,"acc_ca_m2":432000,"design_q_m3s":3.0,"blockage":0.033,"pipe_d_m":0.9,"barrels":1,"slope":0.0739,"length_m":1237,"manning_n":0.013,"capacity_m3s":4.921}},{"type":"Feature","geometry":{"type":"Point","coordinates":[72.92829,19.22438]},"properties":{"id":108,"type":"junction","ground_m":172.46,"invert_m":169.76,"down":127,"hops":6,"local_area_m2":1440000.0,"acc_area_m2":1440000.0,"runoff_c":0.301,"acc_ca_m2":433944,"design_q_m3s":3.014,"blockage":0.38,"pipe_d_m":1.2,"barrels":1,"slope":0.0127,"length_m":2121,"manning_n":0.013,"capacity_m3s":4.392}},{"type":"Feature","geometry":{"type":"Point","coordinates":[72.93399,19.22438]},"properties":{"id":109,"type":"junction","ground_m":155.77,"invert_m":153.37,"down":129,"hops":6,"local_area_m2":1440000.0,"acc_area_m2":1440000.0,"runoff_c":0.3,"acc_ca_m2":432000,"design_q_m3s":3.0,"blockage":0.225,"pipe_d_m":0.9,"barrels":1,"slope":0.0514,"length_m":2163,"manning_n":0.013,"capacity_m3s":4.106}},{"type":"Feature","geometry":{"type":"Point","coordinates":[72.9511,19.21624]},"properties":{"id":110,"type":"junction","ground_m":46.23,"invert_m":43.23,"down":130,"hops":6,"local_area_m2":1440000.0,"acc_area_m2":2880000.0,"runoff_c":0.332,"acc_ca_m2":912168,"design_q_m3s":6.335,"blockage":0.063,"pipe_d_m":1.5,"barrels":1,"slope":0.0137,"length_m":1697,"manning_n":0.013,"capacity_m3s":8.26}},{"type":"Feature","geometry":{"type":"Point","coordinates":[72.96251,19.21624]},"properties":{"id":111,"type":"junction","ground_m":30.1,"invert_m":26.8,"down":131,"hops":6,"local_area_m2":1440000.0,"acc_area_m2":2880000.0,"runoff_c":0.544,"acc_ca_m2":1252800,"design_q_m3s":8.7,"blockage":0.178,"pipe_d_m":1.8,"barrels":1,"slope":0.0126,"length_m":1342,"manning_n":0.013,"capacity_m3s":12.889}},{"type":"Feature","geometry":{"type":"Point","coordinates":[72.97392,19.21896]},"properties":{"id":112,"type":"junction","ground_m":14.26,"invert_m":10.36,"down":132,"hops":6,"local_area_m2":1440000.0,"acc_area_m2":4320000.0,"runoff_c":0.618,"acc_ca_m2":1773630,"design_q_m3s":12.317,"blockage":0.209,"pipe_d_m":2.4,"barrels":1,"slope":0.0096,"length_m":1342,"manning_n":0.013,"capacity_m3s":24.236}},{"type":"Feature","geometry":{"type":"Point","coordinates":[72.98533,19.22167]},"properties":{"id":113,"type":"junction","ground_m":6.13,"invert_m":1.63,"down":133,"hops":6,"local_area_m2":1440000.0,"acc_area_m2":21600000.0,"runoff_c":0.622,"acc_ca_m2":10454076,"design_q_m3s":72.598,"blockage":0.39,"pipe_d_m":3.0,"barrels":3,"slope":0.0041,"length_m":1237,"manning_n":0.013,"capacity_m3s":85.87}},{"type":"Feature","geometry":{"type":"Point","coordinates":[72.98818,19.22167]},"properties":{"id":114,"type":"junction","ground_m":9.12,"invert_m":6.42,"down":133,"hops":6,"local_area_m2":360000.0,"acc_area_m2":360000.0,"runoff_c":0.593,"acc_ca_m2":213570,"design_q_m3s":1.483,"blockage":0.16,"pipe_d_m":1.2,"barrels":1,"slope":0.0067,"length_m":1200,"manning_n":0.013,"capacity_m3s":3.187}},{"type":"Feature","geometry":{"type":"Point","coordinates":[72.79139,19.20539]},"properties":{"id":115,"type":"junction","ground_m":1.34,"invert_m":-1.96,"down":116,"hops":1,"local_area_m2":1350000.0,"acc_area_m2":1350000.0,"runoff_c":0.346,"acc_ca_m2":467640,"design_q_m3s":3.248,"blockage":0.133,"pipe_d_m":1.8,"barrels":1,"slope":0.001,"length_m":1273,"manning_n":0.013,"capacity_m3s":3.635}},{"type":"Feature","geometry":{"type":"Point","coordinates":[72.79995,19.21353]},"properties":{"id":116,"type":"outfall","ground_m":0.89,"invert_m":-3.01,"down":null,"hops":0,"local_area_m2":540000.0,"acc_area_m2":3330000.0,"runoff_c":0.302,"acc_ca_m2":1082268,"design_q_m3s":7.516,"blockage":0.164,"pipe_d_m":2.4,"barrels":1,"slope":0.0013,"length_m":300,"manning_n":0.013,"capacity_m3s":8.926}},{"type":"Feature","geometry":{"type":"Point","coordinates":[72.81135,19.20811]},"properties":{"id":117,"type":"outfall","ground_m":0.69,"invert_m":-3.81,"down":null,"hops":0,"local_area_m2":1170000.0,"acc_area_m2":15570000.0,"runoff_c":0.305,"acc_ca_m2":10120626,"design_q_m3s":70.282,"blockage":0.242,"pipe_d_m":3.0,"barrels":5,"slope":0.001,"length_m":671,"manning_n":0.013,"capacity_m3s":70.969}},{"type":"Feature","geometry":{"type":"Point","coordinates":[72.81706,19.21353]},"properties":{"id":118,"type":"junction","ground_m":2.28,"invert_m":-2.22,"down":117,"hops":1,"local_area_m2":1440000.0,"acc_area_m2":2880000.0,"runoff_c":0.681,"acc_ca_m2":2024406,"design_q_m3s":14.058,"blockage":0.118,"pipe_d_m":3.0,"barrels":1,"slope":0.0019,"length_m":849,"manning_n":0.013,"capacity_m3s":19.429}},{"type":"Feature","geometry":{"type":"Point","coordinates":[72.83132,19.21082]},"properties":{"id":119,"type":"junction","ground_m":4.5,"invert_m":0.6,"down":99,"hops":2,"local_area_m2":1440000.0,"acc_area_m2":1440000.0,"runoff_c":0.771,"acc_ca_m2":1110402,"design_q_m3s":7.711,"blockage":0.141,"pipe_d_m":2.4,"barrels":1,"slope":0.0028,"length_m":1342,"manning_n":0.013,"capacity_m3s":13.071}},{"type":"Feature","geometry":{"type":"Point","coordinates":[72.84558,19.20811]},"properties":{"id":120,"type":"junction","ground_m":6.29,"invert_m":1.79,"down":100,"hops":2,"local_area_m2":1440000.0,"acc_area_m2":4320000.0,"runoff_c":0.65,"acc_ca_m2":2766744,"design_q_m3s":19.214,"blockage":0.117,"pipe_d_m":3.0,"barrels":2,"slope":0.0013,"length_m":2343,"manning_n":0.013,"capacity_m3s":31.798}},{"type":"Feature","geometry":{"type":"Point","coordinates":[72.85413,19.21082]},"properties":{"id":121,"type":"junction","ground_m":12.28,"invert_m":7.78,"down":101,"hops":3,"local_area_m2":1440000.0,"acc_area_m2":15840000.0,"runoff_c":0.604,"acc_ca_m2":7677990,"design_q_m3s":53.319,"blockage":0.083,"pipe_d_m":3.0,"barrels":3,"slope":0.0035,"length_m":2121,"manning_n":0.013,"capacity_m3s":79.904}},{"type":"Feature","geometry":{"type":"Point","coordinates":[72.86269,19.20811]},"properties":{"id":122,"type":"junction","ground_m":15.68,"invert_m":11.18,"down":121,"hops":4,"local_area_m2":1440000.0,"acc_area_m2":10080000.0,"runoff_c":0.63,"acc_ca_m2":4294512,"design_q_m3s":29.823,"blockage":0.358,"pipe_d_m":3.0,"barrels":2,"slope":0.0036,"length_m":949,"manning_n":0.013,"capacity_m3s":53.738}},{"type":"Feature","geometry":{"type":"Point","coordinates":[72.8741,19.21353]},"properties":{"id":123,"type":"junction","ground_m":19.6,"invert_m":15.7,"down":122,"hops":5,"local_area_m2":1440000.0,"acc_area_m2":4320000.0,"runoff_c":0.561,"acc_ca_m2":1671516,"design_q_m3s":11.608,"blockage":0.11,"pipe_d_m":2.4,"barrels":1,"slope":0.0029,"length_m":1342,"manning_n":0.013,"capacity_m3s":13.381}},{"type":"Feature","geometry":{"type":"Point","coordinates":[72.89121,19.21082]},"properties":{"id":124,"type":"junction","ground_m":54.0,"invert_m":51.3,"down":123,"hops":6,"local_area_m2":1440000.0,"acc_area_m2":1440000.0,"runoff_c":0.3,"acc_ca_m2":432000,"design_q_m3s":3.0,"blockage":0.528,"pipe_d_m":1.2,"barrels":1,"slope":0.0188,"length_m":1825,"manning_n":0.013,"capacity_m3s":5.353}},{"type":"Feature","geometry":{"type":"Point","coordinates":[72.89691,19.20811]},"properties":{"id":125,"type":"junction","ground_m":61.32,"invert_m":58.62,"down":105,"hops":6,"local_area_m2":1440000.0,"acc_area_m2":1440000.0,"runoff_c":0.3,"acc_ca_m2":432216,"design_q_m3s":3.002,"blockage":0.079,"pipe_d_m":1.2,"barrels":1,"slope":0.0081,"length_m":1921,"manning_n":0.013,"capacity_m3s":3.512}},{"type":"Feature","geometry":{"type":"Point","coordinates":[72.91117,19.20539]},"properties":{"id":126,"type":"junction","ground_m":165.39,"invert_m":162.99,"down":106,"hops":6,"local_area_m2":1440000.0,"acc_area_m2":1440000.0,"runoff_c":0.3,"acc_ca_m2":432000,"design_q_m3s":3.0,"blockage":0.235,"pipe_d_m":0.9,"barrels":1,"slope":0.0334,"length_m":2343,"manning_n":0.013,"capacity_m3s":3.311}},{"type":"Feature","geometry":{"type":"Point","coordinates":[72.92543,19.20539]},"properties":{"id":127,"type":"junction","ground_m":145.54,"invert_m":142.54,"down":147,"hops":5,"local_area_m2":1440000.0,"acc_area_m2":2880000.0,"runoff_c":0.3,"acc_ca_m2":865944,"design_q_m3s":6.013,"blockage":0.119,"pipe_d_m":1.5,"barrels":1,"slope":0.0133,"length_m":1749,"manning_n":0.013,"capacity_m3s":8.153}},{"type":"Feature","geometry":{"type":"Point","coordinates":[72.93399,19.21353]},"properties":{"id":128,"type":"junction","ground_m":204.62,"invert_m":202.22,"down":148,"hops":5,"local_area_m2":1440000.0,"acc_area_m2":1440000.0,"runoff_c":0.3,"acc_ca_m2":432000,"design_q_m3s":3.0,"blockage":0.2,"pipe_d_m":0.9,"barrels":1,"slope":0.0609,"length_m":2766,"manning_n":0.013,"capacity_m3s":4.468}},{"type":"Feature","geometry":{"type":"Point","coordinates":[72.9511,19.21353]},"properties":{"id":129,"type":"junction","ground_m":44.48,"invert_m":41.18,"down":149,"hops":5,"local_area_m2":1440000.0,"acc_area_m2":2880000.0,"runoff_c":0.513,"acc_ca_m2":1171260,"design_q_m3s":8.134,"blockage":0.313,"pipe_d_m":1.8,"barrels":1,"slope":0.0124,"length_m":1921,"manning_n":0.013,"capacity_m3s":12.824}},{"type":"Feature","geometry":{"type":"Point","coordinates":[72.96251,19.20539]},"properties":{"id":130,"type":"junction","ground_m":23.06,"invert_m":19.16,"down":150,"hops":5,"local_area_m2":1440000.0,"acc_area_m2":4320000.0,"runoff_c":0.692,"acc_ca_m2":1908684,"design_q_m3s":13.255,"blockage":0.182,"pipe_d_m":2.4,"barrels":1,"slope":0.0084,"length_m":1342,"manning_n":0.013,"capacity_m3s":22.688}},{"type":"Feature","geometry":{"type":"Point","coordinates":[72.97392,19.21082]},"properties":{"id":131,"type":"junction","ground_m":13.23,"invert_m":9.33,"down":151,"hops":5,"local_area_m2":1440000.0,"acc_area_m2":4320000.0,"runoff_c":0.63,"acc_ca_m2":2160486,"design_q_m3s":15.003,"blockage":0.289,"pipe_d_m":2.4,"barrels":1,"slope":0.0053,"length_m":2163,"manning_n":0.013,"capacity_m3s":18.065}},{"type":"Feature","geometry":{"type":"Point","coordinates":[72.98533,19.21353]},"properties":{"id":132,"type":"junction","ground_m":1.4,"invert_m":-3.1,"down":152,"hops":5,"local_area_m2":1440000.0,"acc_area_m2":5760000.0,"runoff_c":0.703,"acc_ca_m2":2786238,"design_q_m3s":19.349,"blockage":0.254,"pipe_d_m":3.0,"barrels":2,"slope":0.001,"length_m":1530,"manning_n":0.013,"capacity_m3s":28.387}},{"type":"Feature","geometry":{"type":"Point","coordinates":[72.98818,19.21082]},"properties":{"id":133,"type":"junction","ground_m":1.1,"invert_m":-3.4,"down":152,"hops":5,"local_area_m2":360000.0,"acc_area_m2":22320000.0,"runoff_c":0.505,"acc_ca_m2":10849356,"design_q_m3s":75.343,"blockage":0.124,"pipe_d_m":3.0,"barrels":6,"slope":0.001,"length_m":1200,"manning_n":0.013,"capacity_m3s":85.162}},{"type":"Feature","geometry":{"type":"Point","coordinates":[72.79139,19.20268]},"properties":{"id":134,"type":"outfall","ground_m":1.09,"invert_m":-1.91,"down":null,"hops":0,"local_area_m2":1170000.0,"acc_area_m2":1170000.0,"runoff_c":0.34,"acc_ca_m2":398304,"design_q_m3s":2.766,"blockage":0.543,"pipe_d_m":1.5,"barrels":1,"slope":0.002,"length_m":300,"manning_n":0.013,"capacity_m3s":3.135}},{"type":"Feature","geometry":{"type":"Point","coordinates":[72.8028,19.19725]},"properties":{"id":135,"type":"outfall","ground_m":1.1,"invert_m":-1.9,"down":null,"hops":0,"local_area_m2":720000.0,"acc_area_m2":720000.0,"runoff_c":0.392,"acc_ca_m2":282366,"design_q_m3s":1.961,"blockage":0.443,"pipe_d_m":1.5,"barrels":1,"slope":0.0014,"length_m":424,"manning_n":0.013,"capacity_m3s":2.658}},{"type":"Feature","geometry":{"type":"Point","coordinates":[72.80565,19.19997]},"properties":{"id":136,"type":"junction","ground_m":1.28,"invert_m":-3.22,"down":117,"hops":1,"local_area_m2":1440000.0,"acc_area_m2":2880000.0,"runoff_c":0.474,"acc_ca_m2":1753002,"design_q_m3s":12.174,"blockage":0.025,"pipe_d_m":3.0,"barrels":1,"slope":0.001,"length_m":1082,"manning_n":0.013,"capacity_m3s":14.194}},{"type":"Feature","geometry":{"type":"Point","coordinates":[72.81706,19.20268]},"properties":{"id":137,"type":"junction","ground_m":2.63,"invert_m":-1.87,"down":117,"hops":1,"local_area_m2":1440000.0,"acc_area_m2":8640000.0,"runoff_c":0.619,"acc_ca_m2":5986224,"design_q_m3s":41.571,"blockage":0.224,"pipe_d_m":3.0,"barrels":2,"slope":0.0023,"length_m":849,"manning_n":0.013,"capacity_m3s":42.923}},{"type":"Feature","geometry":{"type":"Point","coordinates":[72.82847,19.19725]},"properties":{"id":138,"type":"junction","ground_m":2.12,"invert_m":-1.78,"down":118,"hops":2,"local_area_m2":1440000.0,"acc_area_m2":1440000.0,"runoff_c":0.724,"acc_ca_m2":1043064,"design_q_m3s":7.243,"blockage":0.005,"pipe_d_m":2.4,"barrels":1,"slope":0.001,"length_m":2163,"manning_n":0.013,"capacity_m3s":7.828}},{"type":"Feature","geometry":{"type":"Point","coordinates":[72.83987,19.19997]},"properties":{"id":139,"type":"junction","ground_m":7.54,"invert_m":3.04,"down":156,"hops":3,"local_area_m2":1440000.0,"acc_area_m2":2880000.0,"runoff_c":0.727,"acc_ca_m2":2076246,"design_q_m3s":14.418,"blockage":0.094,"pipe_d_m":3.0,"barrels":1,"slope":0.0031,"length_m":1749,"manning_n":0.013,"capacity_m3s":25.054}},{"type":"Feature","geometry":{"type":"Point","coordinates":[72.85128,19.19997]},"properties":{"id":140,"type":"junction","ground_m":16.22,"invert_m":12.32,"down":120,"hops":3,"local_area_m2":1440000.0,"acc_area_m2":2880000.0,"runoff_c":0.601,"acc_ca_m2":1830276,"design_q_m3s":12.71,"blockage":0.252,"pipe_d_m":2.4,"barrels":1,"slope":0.0092,"length_m":1082,"manning_n":0.013,"capacity_m3s":23.719}},{"type":"Feature","geometry":{"type":"Point","coordinates":[72.86554,19.20268]},"properties":{"id":141,"type":"junction","ground_m":18.55,"invert_m":14.65,"down":121,"hops":4,"local_area_m2":1440000.0,"acc_area_m2":2880000.0,"runoff_c":0.682,"acc_ca_m2":1546236,"design_q_m3s":10.738,"blockage":0.133,"pipe_d_m":2.4,"barrels":1,"slope":0.0042,"length_m":1500,"manning_n":0.013,"capacity_m3s":16.005}},{"type":"Feature","geometry":{"type":"Point","coordinates":[72.8741,19.20268]},"properties":{"id":142,"type":"junction","ground_m":26.11,"invert_m":22.81,"down":122,"hops":5,"local_area_m2":1440000.0,"acc_area_m2":2880000.0,"runoff_c":0.568,"acc_ca_m2":1250046,"design_q_m3s":8.681,"blockage":0.22,"pipe_d_m":1.8,"barrels":1,"slope":0.0078,"length_m":1342,"manning_n":0.013,"capacity_m3s":10.135}},{"type":"Feature","geometry":{"type":"Point","coordinates":[72.88551,19.19997]},"properties":{"id":143,"type":"junction","ground_m":107.42,"invert_m":105.02,"down":123,"hops":6,"local_area_m2":1440000.0,"acc_area_m2":1440000.0,"runoff_c":0.3,"acc_ca_m2":432000,"design_q_m3s":3.0,"blockage":0.241,"pipe_d_m":0.9,"barrels":1,"slope":0.0457,"length_m":1921,"manning_n":0.013,"capacity_m3s":3.871}},{"type":"Feature","geometry":{"type":"Point","coordinates":[72.89977,19.20268]},"properties":{"id":144,"type":"junction","ground_m":73.85,"invert_m":70.55,"down":163,"hops":6,"local_area_m2":1440000.0,"acc_area_m2":1440000.0,"runoff_c":0.3,"acc_ca_m2":432000,"design_q_m3s":3.0,"blockage":0.241,"pipe_d_m":1.8,"barrels":1,"slope":0.001,"length_m":1500,"manning_n":0.013,"capacity_m3s":3.635}},{"type":"Feature","geometry":{"type":"Point","coordinates":[72.90832,19.19454]},"properties":{"id":145,"type":"junction","ground_m":91.02,"invert_m":87.72,"down":163,"hops":6,"local_area_m2":1260000.0,"acc_area_m2":1260000.0,"runoff_c":0.3,"acc_ca_m2":378000,"design_q_m3s":2.625,"blockage":0.255,"pipe_d_m":1.8,"barrels":1,"slope":0.001,"length_m":300,"manning_n":0.013,"capacity_m3s":3.635}},{"type":"Feature","geometry":{"type":"Point","coordinates":[72.92543,19.19454]},"properties":{"id":146,"type":"junction","ground_m":123.52,"invert_m":121.12,"down":165,"hops":5,"local_area_m2":1350000.0,"acc_area_m2":1350000.0,"runoff_c":0.3,"acc_ca_m2":405000,"design_q_m3s":2.812,"blockage":0.08,"pipe_d_m":0.9,"barrels":1,"slope":0.0362,"length_m":1921,"manning_n":0.013,"capacity_m3s":3.444}},{"type":"Feature","geometry":{"type":"Point","coordinates":[72.93969,19.19725]},"properties":{"id":147,"type":"junction","ground_m":122.27,"invert_m":119.27,"down":166,"hops":4,"local_area_m2":1440000.0,"acc_area_m2":4320000.0,"runoff_c":0.3,"acc_ca_m2":1297944,"design_q_m3s":9.013,"blockage":0.207,"pipe_d_m":1.5,"barrels":1,"slope":0.0513,"length_m":1921,"manning_n":0.013,"capacity_m3s":16.007}},{"type":"Feature","geometry":{"type":"Point","coordinates":[72.9511,19.19454]},"properties":{"id":148,"type":"junction","ground_m":36.17,"invert_m":32.87,"down":167,"hops":4,"local_area_m2":1440000.0,"acc_area_m2":2880000.0,"runoff_c":0.695,"acc_ca_m2":1432728,"design_q_m3s":9.949,"blockage":0.131,"pipe_d_m":1.8,"barrels":1,"slope":0.014,"length_m":1500,"manning_n":0.013,"capacity_m3s":13.614}},{"type":"Feature","geometry":{"type":"Point","coordinates":[72.96251,19.19997]},"properties":{"id":149,"type":"junction","ground_m":20.57,"invert_m":16.67,"down":168,"hops":4,"local_area_m2":1440000.0,"acc_area_m2":4320000.0,"runoff_c":0.724,"acc_ca_m2":2213622,"design_q_m3s":15.372,"blockage":0.212,"pipe_d_m":2.4,"barrels":1,"slope":0.0047,"length_m":2163,"manning_n":0.013,"capacity_m3s":16.99}},{"type":"Feature","geometry":{"type":"Point","coordinates":[72.97392,19.19997]},"properties":{"id":150,"type":"junction","ground_m":11.79,"invert_m":7.29,"down":169,"hops":4,"local_area_m2":1440000.0,"acc_area_m2":5760000.0,"runoff_c":0.695,"acc_ca_m2":2909952,"design_q_m3s":20.208,"blockage":0.063,"pipe_d_m":3.0,"barrels":1,"slope":0.0064,"length_m":1500,"manning_n":0.013,"capacity_m3s":36.001}},{"type":"Feature","geometry":{"type":"Point","coordinates":[72.98533,19.19454]},"properties":{"id":151,"type":"junction","ground_m":1.71,"invert_m":-2.79,"down":169,"hops":4,"local_area_m2":1350000.0,"acc_area_m2":5670000.0,"runoff_c":0.661,"acc_ca_m2":3053484,"design_q_m3s":21.205,"blockage":0.228,"pipe_d_m":3.0,"barrels":2,"slope":0.001,"length_m":671,"manning_n":0.013,"capacity_m3s":28.387}},{"type":"Feature","geometry":{"type":"Point","coordinates":[72.98818,19.19997]},"properties":{"id":152,"type":"junction","ground_m":0.98,"invert_m":-3.52,"down":169,"hops":4,"local_area_m2":360000.0,"acc_area_m2":28440000.0,"runoff_c":0.606,"acc_ca_m2":13853862,"design_q_m3s":96.207,"blockage":0.056,"pipe_d_m":3.0,"barrels":7,"slope":0.001,"length_m":1342,"manning_n":0.013,"capacity_m3s":99.356}},{"type":"Feature","geometry":{"type":"Point","coordinates":[72.8028,19.19183]},"properties":{"id":153,"type":"outfall","ground_m":1.72,"invert_m":-1.58,"down":null,"hops":0,"local_area_m2":1080000.0,"acc_area_m2":1080000.0,"runoff_c":0.39,"acc_ca_m2":421578,"design_q_m3s":2.928,"blockage":0.067,"pipe_d_m":1.8,"barrels":1,"slope":0.0014,"length_m":900,"manning_n":0.013,"capacity_m3s":4.232}},{"type":"Feature","geometry":{"type":"Point","coordinates":[72.81421,19.18369]},"properties":{"id":154,"type":"junction","ground_m":3.3,"invert_m":-0.6,"down":171,"hops":1,"local_area_m2":1440000.0,"acc_area_m2":1440000.0,"runoff_c":0.475,"acc_ca_m2":683748,"design_q_m3s":4.748,"blockage":0.312,"pipe_d_m":2.4,"barrels":1,"slope":0.0016,"length_m":1530,"manning_n":0.013,"capacity_m3s":9.764}},{"type":"Feature","geometry":{"type":"Point","coordinates":[72.82561,19.18369]},"properties":{"id":155,"type":"junction","ground_m":2.42,"invert_m":-1.48,"down":136,"hops":2,"local_area_m2":1440000.0,"acc_area_m2":1440000.0,"runoff_c":0.743,"acc_ca_m2":1069794,"design_q_m3s":7.429,"blockage":0.178,"pipe_d_m":2.4,"barrels":1,"slope":0.001,"length_m":2766,"manning_n":0.013,"capacity_m3s":7.828}},{"type":"Feature","geometry":{"type":"Point","coordinates":[72.83132,19.1864]},"properties":{"id":156,"type":"junction","ground_m":2.09,"invert_m":-2.41,"down":137,"hops":2,"local_area_m2":1440000.0,"acc_area_m2":7200000.0,"runoff_c":0.596,"acc_ca_m2":5094522,"design_q_m3s":35.379,"blockage":0.13,"pipe_d_m":3.0,"barrels":3,"slope":0.001,"length_m":2343,"manning_n":0.013,"capacity_m3s":42.581}},{"type":"Feature","geometry":{"type":"Point","coordinates":[72.83987,19.18911]},"properties":{"id":157,"type":"junction","ground_m":9.97,"invert_m":6.67,"down":156,"hops":3,"local_area_m2":1440000.0,"acc_area_m2":1440000.0,"runoff_c":0.771,"acc_ca_m2":1109970,"design_q_m3s":7.708,"blockage":0.256,"pipe_d_m":1.8,"barrels":1,"slope":0.0083,"length_m":949,"manning_n":0.013,"capacity_m3s":10.476}},{"type":"Feature","geometry":{"type":"Point","coordinates":[72.85128,19.18911]},"properties":{"id":158,"type":"junction","ground_m":17.0,"invert_m":13.7,"down":139,"hops":4,"local_area_m2":1440000.0,"acc_area_m2":1440000.0,"runoff_c":0.715,"acc_ca_m2":1029240,"design_q_m3s":7.147,"blockage":0.083,"pipe_d_m":1.8,"barrels":1,"slope":0.0056,"length_m":1697,"manning_n":0.013,"capacity_m3s":8.582}},{"type":"Feature","geometry":{"type":"Point","coordinates":[72.86554,19.18911]},"properties":{"id":159,"type":"junction","ground_m":23.19,"invert_m":19.89,"down":140,"hops":4,"local_area_m2":1440000.0,"acc_area_m2":1440000.0,"runoff_c":0.67,"acc_ca_m2":964602,"design_q_m3s":6.699,"blockage":0.058,"pipe_d_m":1.8,"barrels":1,"slope":0.0036,"length_m":1921,"manning_n":0.013,"capacity_m3s":6.924}},{"type":"Feature","geometry":{"type":"Point","coordinates":[72.8741,19.19183]},"properties":{"id":160,"type":"junction","ground_m":40.09,"invert_m":37.39,"down":141,"hops":5,"local_area_m2":1440000.0,"acc_area_m2":1440000.0,"runoff_c":0.392,"acc_ca_m2":563976,"design_q_m3s":3.917,"blockage":0.25,"pipe_d_m":1.2,"barrels":1,"slope":0.0144,"length_m":1500,"manning_n":0.013,"capacity_m3s":4.672}},{"type":"Feature","geometry":{"type":"Point","coordinates":[72.88551,19.19183]},"properties":{"id":161,"type":"junction","ground_m":140.01,"invert_m":137.61,"down":142,"hops":6,"local_area_m2":1440000.0,"acc_area_m2":1440000.0,"runoff_c":0.3,"acc_ca_m2":432000,"design_q_m3s":3.0,"blockage":0.033,"pipe_d_m":0.9,"barrels":1,"slope":0.0671,"length_m":1697,"manning_n":0.013,"capacity_m3s":4.69}},{"type":"Feature","geometry":{"type":"Point","coordinates":[72.90547,19.19183]},"properties":{"id":162,"type":"junction","ground_m":108.51,"invert_m":105.81,"down":181,"hops":6,"local_area_m2":1440000.0,"acc_area_m2":1440000.0,"runoff_c":0.3,"acc_ca_m2":432000,"design_q_m3s":3.0,"blockage":0.196,"pipe_d_m":1.2,"barrels":1,"slope":0.018,"length_m":2285,"manning_n":0.013,"capacity_m3s":5.237}},{"type":"Feature","geometry":{"type":"Point","coordinates":[72.90832,19.19183]},"properties":{"id":163,"type":"junction","ground_m":104.79,"invert_m":101.49,"down":182,"hops":5,"local_area_m2":900000.0,"acc_area_m2":3600000.0,"runoff_c":0.3,"acc_ca_m2":1080000,"design_q_m3s":7.5,"blockage":0.12,"pipe_d_m":1.8,"barrels":1,"slope":0.0077,"length_m":2581,"manning_n":0.013,"capacity_m3s":10.081}},{"type":"Feature","geometry":{"type":"Point","coordinates":[72.91973,19.18369]},"properties":{"id":164,"type":"junction","ground_m":111.11,"invert_m":108.71,"down":183,"hops":5,"local_area_m2":990000.0,"acc_area_m2":990000.0,"runoff_c":0.3,"acc_ca_m2":297000,"design_q_m3s":2.062,"blockage":0.098,"pipe_d_m":0.9,"barrels":1,"slope":0.0331,"length_m":2419,"manning_n":0.013,"capacity_m3s":3.292}},{"type":"Feature","geometry":{"type":"Point","coordinates":[72.93969,19.18369]},"properties":{"id":165,"type":"junction","ground_m":53.98,"invert_m":51.28,"down":184,"hops":4,"local_area_m2":1440000.0,"acc_area_m2":2790000.0,"runoff_c":0.327,"acc_ca_m2":875232,"design_q_m3s":6.078,"blockage":0.171,"pipe_d_m":1.2,"barrels":1,"slope":0.0258,"length_m":1500,"manning_n":0.013,"capacity_m3s":6.26}},{"type":"Feature","geometry":{"type":"Point","coordinates":[72.9511,19.18369]},"properties":{"id":166,"type":"junction","ground_m":23.77,"invert_m":19.87,"down":185,"hops":3,"local_area_m2":1440000.0,"acc_area_m2":5760000.0,"runoff_c":0.65,"acc_ca_m2":2234250,"design_q_m3s":15.516,"blockage":0.166,"pipe_d_m":2.4,"barrels":1,"slope":0.0128,"length_m":949,"manning_n":0.013,"capacity_m3s":28.014}},{"type":"Feature","geometry":{"type":"Point","coordinates":[72.95966,19.18369]},"properties":{"id":167,"type":"junction","ground_m":15.13,"invert_m":11.23,"down":186,"hops":3,"local_area_m2":1440000.0,"acc_area_m2":4320000.0,"runoff_c":0.616,"acc_ca_m2":2319354,"design_q_m3s":16.107,"blockage":0.026,"pipe_d_m":2.4,"barrels":1,"slope":0.0073,"length_m":1749,"manning_n":0.013,"capacity_m3s":21.101}},{"type":"Feature","geometry":{"type":"Point","coordinates":[72.97392,19.18369]},"properties":{"id":168,"type":"junction","ground_m":10.38,"invert_m":6.48,"down":187,"hops":3,"local_area_m2":1440000.0,"acc_area_m2":5760000.0,"runoff_c":0.712,"acc_ca_m2":3239460,"design_q_m3s":22.496,"blockage":0.194,"pipe_d_m":2.4,"barrels":1,"slope":0.0083,"length_m":1082,"manning_n":0.013,"capacity_m3s":22.619}},{"type":"Feature","geometry":{"type":"Point","coordinates":[72.98247,19.18911]},"properties":{"id":169,"type":"junction","ground_m":2.14,"invert_m":-2.36,"down":188,"hops":3,"local_area_m2":1260000.0,"acc_area_m2":41130000.0,"runoff_c":0.587,"acc_ca_m2":20557368,"design_q_m3s":142.76,"blockage":0.243,"pipe_d_m":3.0,"barrels":8,"slope":0.0017,"length_m":1615,"manning_n":0.013,"capacity_m3s":149.224}},{"type":"Feature","geometry":{"type":"Point","coordinates":[72.98818,19.18369]},"properties":{"id":170,"type":"junction","ground_m":4.26,"invert_m":1.56,"down":188,"hops":3,"local_area_m2":360000.0,"acc_area_m2":360000.0,"runoff_c":0.624,"acc_ca_m2":224748,"design_q_m3s":1.561,"blockage":0.1,"pipe_d_m":1.2,"barrels":1,"slope":0.0055,"length_m":900,"manning_n":0.013,"capacity_m3s":2.88}},{"type":"Feature","geometry":{"type":"Point","coordinates":[72.79995,19.18098]},"properties":{"id":171,"type":"outfall","ground_m":0.92,"invert_m":-3.58,"down":null,"hops":0,"local_area_m2":1080000.0,"acc_area_m2":9990000.0,"runoff_c":0.314,"acc_ca_m2":3961818,"design_q_m3s":27.513,"blockage":0.326,"pipe_d_m":3.0,"barrels":2,"slope":0.001,"length_m":600,"manning_n":0.013,"capacity_m3s":28.387}},{"type":"Feature","geometry":{"type":"Point","coordinates":[72.81421,19.18098]},"properties":{"id":172,"type":"junction","ground_m":2.37,"invert_m":-1.53,"down":171,"hops":1,"local_area_m2":1440000.0,"acc_area_m2":1440000.0,"runoff_c":0.48,"acc_ca_m2":690822,"design_q_m3s":4.797,"blockage":0.1,"pipe_d_m":2.4,"barrels":1,"slope":0.001,"length_m":1500,"manning_n":0.013,"capacity_m3s":7.828}},{"type":"Feature","geometry":{"type":"Point","coordinates":[72.82276,19.17826]},"properties":{"id":173,"type":"junction","ground_m":1.94,"invert_m":-1.36,"down":191,"hops":2,"local_area_m2":1350000.0,"acc_area_m2":1350000.0,"runoff_c":0.387,"acc_ca_m2":522396,"design_q_m3s":3.628,"blockage":0.285,"pipe_d_m":1.8,"barrels":1,"slope":0.001,"length_m":2343,"manning_n":0.013,"capacity_m3s":3.635}},{"type":"Feature","geometry":{"type":"Point","coordinates":[72.83132,19.17826]},"properties":{"id":174,"type":"junction","ground_m":1.03,"invert_m":-2.87,"down":192,"hops":3,"local_area_m2":1260000.0,"acc_area_m2":1260000.0,"runoff_c":0.528,"acc_ca_m2":665658,"design_q_m3s":4.623,"blockage":0.169,"pipe_d_m":2.4,"barrels":1,"slope":0.001,"length_m":1615,"manning_n":0.013,"capacity_m3s":7.828}},{"type":"Feature","geometry":{"type":"Point","coordinates":[72.83987,19.17284]},"properties":{"id":175,"type":"junction","ground_m":7.82,"invert_m":3.92,"down":156,"hops":3,"local_area_m2":1440000.0,"acc_area_m2":1440000.0,"runoff_c":0.729,"acc_ca_m2":1049598,"design_q_m3s":7.289,"blockage":0.098,"pipe_d_m":2.4,"barrels":1,"slope":0.0033,"length_m":1749,"manning_n":0.013,"capacity_m3s":14.168}},{"type":"Feature","geometry":{"type":"Point","coordinates":[72.85128,19.17284]},"properties":{"id":176,"type":"junction","ground_m":21.02,"invert_m":18.02,"down":194,"hops":4,"local_area_m2":1440000.0,"acc_area_m2":1440000.0,"runoff_c":0.741,"acc_ca_m2":1067310,"design_q_m3s":7.412,"blockage":0.154,"pipe_d_m":1.5,"barrels":1,"slope":0.0137,"length_m":1237,"manning_n":0.013,"capacity_m3s":8.267}},{"type":"Feature","geometry":{"type":"Point","coordinates":[72.86269,19.17555]},"properties":{"id":177,"type":"junction","ground_m":31.95,"invert_m":28.95,"down":195,"hops":5,"local_area_m2":1440000.0,"acc_area_m2":1440000.0,"runoff_c":0.722,"acc_ca_m2":1038960,"design_q_m3s":7.215,"blockage":0.332,"pipe_d_m":1.5,"barrels":1,"slope":0.0122,"length_m":1530,"manning_n":0.013,"capacity_m3s":7.822}},{"type":"Feature","geometry":{"type":"Point","coordinates":[72.8741,19.17284]},"properties":{"id":178,"type":"junction","ground_m":40.45,"invert_m":37.45,"down":196,"hops":5,"local_area_m2":1440000.0,"acc_area_m2":1440000.0,"runoff_c":0.595,"acc_ca_m2":856602,"design_q_m3s":5.949,"blockage":0.175,"pipe_d_m":1.5,"barrels":1,"slope":0.0146,"length_m":1500,"manning_n":0.013,"capacity_m3s":8.536}},{"type":"Feature","geometry":{"type":"Point","coordinates":[72.88551,19.17555]},"properties":{"id":179,"type":"junction","ground_m":133.95,"invert_m":131.55,"down":197,"hops":6,"local_area_m2":1440000.0,"acc_area_m2":1440000.0,"runoff_c":0.302,"acc_ca_m2":435294,"design_q_m3s":3.023,"blockage":0.172,"pipe_d_m":0.9,"barrels":1,"slope":0.0725,"length_m":1342,"manning_n":0.013,"capacity_m3s":4.876}},{"type":"Feature","geometry":{"type":"Point","coordinates":[72.90547,19.17284]},"properties":{"id":180,"type":"junction","ground_m":112.29,"invert_m":109.89,"down":200,"hops":6,"local_area_m2":1440000.0,"acc_area_m2":1440000.0,"runoff_c":0.3,"acc_ca_m2":432000,"design_q_m3s":3.0,"blockage":0.03,"pipe_d_m":0.9,"barrels":1,"slope":0.0396,"length_m":1500,"manning_n":0.013,"capacity_m3s":3.601}},{"type":"Feature","geometry":{"type":"Point","coordinates":[72.91403,19.17284]},"properties":{"id":181,"type":"junction","ground_m":67.29,"invert_m":64.29,"down":201,"hops":5,"local_area_m2":1440000.0,"acc_area_m2":2880000.0,"runoff_c":0.3,"acc_ca_m2":864000,"design_q_m3s":6.0,"blockage":0.289,"pipe_d_m":1.5,"barrels":1,"slope":0.008,"length_m":849,"manning_n":0.013,"capacity_m3s":6.328}},{"type":"Feature","geometry":{"type":"Point","coordinates":[72.92258,19.17284]},"properties":{"id":182,"type":"junction","ground_m":84.94,"invert_m":81.94,"down":202,"hops":4,"local_area_m2":1440000.0,"acc_area_m2":5040000.0,"runoff_c":0.3,"acc_ca_m2":1512000,"design_q_m3s":10.5,"blockage":0.123,"pipe_d_m":1.5,"barrels":1,"slope":0.0328,"length_m":2163,"manning_n":0.013,"capacity_m3s":12.799}},{"type":"Feature","geometry":{"type":"Point","coordinates":[72.93969,19.17284]},"properties":{"id":183,"type":"junction","ground_m":31.14,"invert_m":28.14,"down":203,"hops":4,"local_area_m2":1440000.0,"acc_area_m2":2430000.0,"runoff_c":0.518,"acc_ca_m2":1042362,"design_q_m3s":7.239,"blockage":0.448,"pipe_d_m":1.5,"barrels":1,"slope":0.0154,"length_m":1697,"manning_n":0.013,"capacity_m3s":8.771}},{"type":"Feature","geometry":{"type":"Point","coordinates":[72.94825,19.17284]},"properties":{"id":184,"type":"junction","ground_m":15.31,"invert_m":11.41,"down":204,"hops":3,"local_area_m2":1440000.0,"acc_area_m2":4230000.0,"runoff_c":0.612,"acc_ca_m2":1756242,"design_q_m3s":12.196,"blockage":0.075,"pipe_d_m":2.4,"barrels":1,"slope":0.0084,"length_m":1697,"manning_n":0.013,"capacity_m3s":22.732}},{"type":"Feature","geometry":{"type":"Point","coordinates":[72.95966,19.18098]},"properties":{"id":185,"type":"junction","ground_m":11.62,"invert_m":7.12,"down":205,"hops":2,"local_area_m2":1440000.0,"acc_area_m2":7200000.0,"runoff_c":0.651,"acc_ca_m2":3172014,"design_q_m3s":22.028,"blockage":0.044,"pipe_d_m":3.0,"barrels":1,"slope":0.0048,"length_m":2184,"manning_n":0.013,"capacity_m3s":30.959}},{"type":"Feature","geometry":{"type":"Point","coordinates":[72.97392,19.17555]},"properties":{"id":186,"type":"junction","ground_m":2.42,"invert_m":-2.08,"down":205,"hops":2,"local_area_m2":1440000.0,"acc_area_m2":5760000.0,"runoff_c":0.597,"acc_ca_m2":3178764,"design_q_m3s":22.075,"blockage":0.277,"pipe_d_m":3.0,"barrels":2,"slope":0.001,"length_m":1749,"manning_n":0.013,"capacity_m3s":28.387}},{"type":"Feature","geometry":{"type":"Point","coordinates":[72.97962,19.17555]},"properties":{"id":187,"type":"junction","ground_m":1.35,"invert_m":-3.15,"down":207,"hops":2,"local_area_m2":990000.0,"acc_area_m2":6750000.0,"runoff_c":0.357,"acc_ca_m2":3593106,"design_q_m3s":24.952,"blockage":0.136,"pipe_d_m":3.0,"barrels":2,"slope":0.001,"length_m":1082,"manning_n":0.013,"capacity_m3s":28.387}},{"type":"Feature","geometry":{"type":"Point","coordinates":[72.98818,19.17555]},"properties":{"id":188,"type":"junction","ground_m":-0.65,"invert_m":-5.15,"down":207,"hops":2,"local_area_m2":360000.0,"acc_area_m2":41850000.0,"runoff_c":0.474,"acc_ca_m2":20952756,"design_q_m3s":145.505,"blockage":0.036,"pipe_d_m":3.0,"barrels":11,"slope":0.001,"length_m":600,"manning_n":0.013,"capacity_m3s":156.131}},{"type":"Feature","geometry":{"type":"Point","coordinates":[72.78283,19.16741]},"properties":{"id":189,"type":"outfall","ground_m":2.49,"invert_m":-0.21,"down":null,"hops":0,"local_area_m2":990000.0,"acc_area_m2":990000.0,"runoff_c":0.335,"acc_ca_m2":331560,"design_q_m3s":2.303,"blockage":0.42,"pipe_d_m":1.2,"barrels":1,"slope":0.0066,"length_m":300,"manning_n":0.013,"capacity_m3s":3.175}},{"type":"Feature","geometry":{"type":"Point","coordinates":[72.8028,19.17012]},"properties":{"id":190,"type":"junction","ground_m":1.01,"invert_m":-2.29,"down":171,"hops":1,"local_area_m2":1440000.0,"acc_area_m2":1440000.0,"runoff_c":0.314,"acc_ca_m2":452466,"design_q_m3s":3.142,"blockage":0.077,"pipe_d_m":1.8,"barrels":1,"slope":0.001,"length_m":1237,"manning_n":0.013,"capacity_m3s":3.635}},{"type":"Feature","geometry":{"type":"Point","coordinates":[72.80565,19.1647]},"properties":{"id":191,"type":"junction","ground_m":1.62,"invert_m":-2.88,"down":171,"hops":1,"local_area_m2":1350000.0,"acc_area_m2":4590000.0,"runoff_c":0.31,"acc_ca_m2":1796094,"design_q_m3s":12.473,"blockage":0.123,"pipe_d_m":3.0,"barrels":1,"slope":0.001,"length_m":1897,"manning_n":0.013,"capacity_m3s":14.194}},{"type":"Feature","geometry":{"type":"Point","coordinates":[72.82561,19.1647]},"properties":{"id":192,"type":"junction","ground_m":1.13,"invert_m":-2.77,"down":191,"hops":2,"local_area_m2":630000.0,"acc_area_m2":1890000.0,"runoff_c":0.3,"acc_ca_m2":854658,"design_q_m3s":5.935,"blockage":0.227,"pipe_d_m":2.4,"barrels":1,"slope":0.001,"length_m":2100,"manning_n":0.013,"capacity_m3s":7.828}},{"type":"Feature","geometry":{"type":"Point","coordinates":[72.82847,19.1647]},"properties":{"id":193,"type":"junction","ground_m":1.14,"invert_m":-2.76,"down":211,"hops":3,"local_area_m2":1260000.0,"acc_area_m2":1260000.0,"runoff_c":0.589,"acc_ca_m2":741852,"design_q_m3s":5.152,"blockage":0.2,"pipe_d_m":2.4,"barrels":1,"slope":0.001,"length_m":1342,"manning_n":0.013,"capacity_m3s":7.828}},{"type":"Feature","geometry":{"type":"Point","coordinates":[72.83987,19.17012]},"properties":{"id":194,"type":"junction","ground_m":4.1,"invert_m":-0.4,"down":212,"hops":3,"local_area_m2":1440000.0,"acc_area_m2":5760000.0,"runoff_c":0.729,"acc_ca_m2":4067550,"design_q_m3s":28.247,"blockage":0.199,"pipe_d_m":3.0,"barrels":2,"slope":0.0019,"length_m":1697,"manning_n":0.013,"capacity_m3s":39.163}},{"type":"Feature","geometry":{"type":"Point","coordinates":[72.85984,19.16198]},"properties":{"id":195,"type":"junction","ground_m":13.22,"invert_m":9.32,"down":194,"hops":4,"local_area_m2":1440000.0,"acc_area_m2":2880000.0,"runoff_c":0.633,"acc_ca_m2":1950318,"design_q_m3s":13.544,"blockage":0.058,"pipe_d_m":2.4,"barrels":1,"slope":0.004,"length_m":2285,"manning_n":0.013,"capacity_m3s":15.64}},{"type":"Feature","geometry":{"type":"Point","coordinates":[72.86554,19.16198]},"properties":{"id":196,"type":"junction","ground_m":18.58,"invert_m":14.68,"down":214,"hops":4,"local_area_m2":1440000.0,"acc_area_m2":2880000.0,"runoff_c":0.392,"acc_ca_m2":1420578,"design_q_m3s":9.865,"blockage":0.137,"pipe_d_m":2.4,"barrels":1,"slope":0.0046,"length_m":1921,"manning_n":0.013,"capacity_m3s":16.803}},{"type":"Feature","geometry":{"type":"Point","coordinates":[72.8741,19.17012]},"properties":{"id":197,"type":"junction","ground_m":36.63,"invert_m":33.33,"down":215,"hops":5,"local_area_m2":1440000.0,"acc_area_m2":2880000.0,"runoff_c":0.497,"acc_ca_m2":1151010,"design_q_m3s":7.993,"blockage":0.06,"pipe_d_m":1.8,"barrels":1,"slope":0.0125,"length_m":1697,"manning_n":0.013,"capacity_m3s":12.863}},{"type":"Feature","geometry":{"type":"Point","coordinates":[72.88551,19.1647]},"properties":{"id":198,"type":"junction","ground_m":57.27,"invert_m":54.57,"down":216,"hops":6,"local_area_m2":1440000.0,"acc_area_m2":1440000.0,"runoff_c":0.328,"acc_ca_m2":472176,"design_q_m3s":3.279,"blockage":0.068,"pipe_d_m":1.2,"barrels":1,"slope":0.0184,"length_m":1342,"manning_n":0.013,"capacity_m3s":5.291}},{"type":"Feature","geometry":{"type":"Point","coordinates":[72.90547,19.16198]},"properties":{"id":199,"type":"junction","ground_m":63.61,"invert_m":60.91,"down":200,"hops":6,"local_area_m2":1440000.0,"acc_area_m2":1440000.0,"runoff_c":0.3,"acc_ca_m2":432000,"design_q_m3s":3.0,"blockage":0.11,"pipe_d_m":1.2,"barrels":1,"slope":0.0086,"length_m":1237,"manning_n":0.013,"capacity_m3s":3.621}},{"type":"Feature","geometry":{"type":"Point","coordinates":[72.91688,19.1647]},"properties":{"id":200,"type":"junction","ground_m":52.94,"invert_m":49.04,"down":219,"hops":5,"local_area_m2":900000.0,"acc_area_m2":3780000.0,"runoff_c":0.302,"acc_ca_m2":1135890,"design_q_m3s":7.888,"blockage":0.122,"pipe_d_m":2.4,"barrels":1,"slope":0.0042,"length_m":1921,"manning_n":0.013,"capacity_m3s":15.966}},{"type":"Feature","geometry":{"type":"Point","coordinates":[72.91973,19.16741]},"properties":{"id":201,"type":"junction","ground_m":60.49,"invert_m":57.19,"down":220,"hops":4,"local_area_m2":1350000.0,"acc_area_m2":4230000.0,"runoff_c":0.416,"acc_ca_m2":1425114,"design_q_m3s":9.897,"blockage":0.082,"pipe_d_m":1.8,"barrels":1,"slope":0.019,"length_m":2766,"manning_n":0.013,"capacity_m3s":15.838}},{"type":"Feature","geometry":{"type":"Point","coordinates":[72.93969,19.16198]},"properties":{"id":202,"type":"junction","ground_m":14.02,"invert_m":10.12,"down":221,"hops":3,"local_area_m2":1440000.0,"acc_area_m2":6480000.0,"runoff_c":0.71,"acc_ca_m2":2533842,"design_q_m3s":17.596,"blockage":0.291,"pipe_d_m":2.4,"barrels":1,"slope":0.0091,"length_m":1500,"manning_n":0.013,"capacity_m3s":23.666}},{"type":"Feature","geometry":{"type":"Point","coordinates":[72.9511,19.16198]},"properties":{"id":203,"type":"junction","ground_m":5.01,"invert_m":1.11,"down":221,"hops":3,"local_area_m2":1440000.0,"acc_area_m2":3870000.0,"runoff_c":0.672,"acc_ca_m2":2010528,"design_q_m3s":13.962,"blockage":0.049,"pipe_d_m":2.4,"barrels":1,"slope":0.0052,"length_m":900,"manning_n":0.013,"capacity_m3s":17.89}},{"type":"Feature","geometry":{"type":"Point","coordinates":[72.95966,19.16198]},"properties":{"id":204,"type":"junction","ground_m":1.0,"invert_m":-3.5,"down":223,"hops":2,"local_area_m2":1440000.0,"acc_area_m2":5670000.0,"runoff_c":0.599,"acc_ca_m2":2618244,"design_q_m3s":18.182,"blockage":0.278,"pipe_d_m":3.0,"barrels":2,"slope":0.001,"length_m":1500,"manning_n":0.013,"capacity_m3s":28.387}},{"type":"Feature","geometry":{"type":"Point","coordinates":[72.96536,19.16198]},"properties":{"id":205,"type":"junction","ground_m":1.23,"invert_m":-3.27,"down":224,"hops":1,"local_area_m2":1440000.0,"acc_area_m2":14400000.0,"runoff_c":0.407,"acc_ca_m2":6937488,"design_q_m3s":48.177,"blockage":0.079,"pipe_d_m":3.0,"barrels":4,"slope":0.001,"length_m":2013,"manning_n":0.013,"capacity_m3s":56.775}},{"type":"Feature","geometry":{"type":"Point","coordinates":[72.97677,19.17012]},"properties":{"id":206,"type":"junction","ground_m":1.31,"invert_m":-1.99,"down":224,"hops":1,"local_area_m2":1170000.0,"acc_area_m2":1170000.0,"runoff_c":0.303,"acc_ca_m2":354402,"design_q_m3s":2.461,"blockage":0.129,"pipe_d_m":1.8,"barrels":1,"slope":0.001,"length_m":1897,"manning_n":0.013,"capacity_m3s":3.635}},{"type":"Feature","geometry":{"type":"Point","coordinates":[72.98818,19.17012]},"properties":{"id":207,"type":"junction","ground_m":1.12,"invert_m":-3.38,"down":224,"hops":1,"local_area_m2":360000.0,"acc_area_m2":48960000.0,"runoff_c":0.36,"acc_ca_m2":24675624,"design_q_m3s":171.358,"blockage":0.296,"pipe_d_m":3.0,"barrels":13,"slope":0.001,"length_m":1897,"manning_n":0.013,"capacity_m3s":184.518}},{"type":"Feature","geometry":{"type":"Point","coordinates":[72.78854,19.15927]},"properties":{"id":208,"type":"outfall","ground_m":1.42,"invert_m":-2.48,"down":null,"hops":0,"local_area_m2":990000.0,"acc_area_m2":2340000.0,"runoff_c":0.352,"acc_ca_m2":761400,"design_q_m3s":5.287,"blockage":0.339,"pipe_d_m":2.4,"barrels":1,"slope":0.0015,"length_m":600,"manning_n":0.013,"capacity_m3s":9.693}},{"type":"Feature","geometry":{"type":"Point","coordinates":[72.79709,19.15656]},"properties":{"id":209,"type":"junction","ground_m":1.15,"invert_m":-2.15,"down":208,"hops":1,"local_area_m2":1350000.0,"acc_area_m2":1350000.0,"runoff_c":0.306,"acc_ca_m2":413370,"design_q_m3s":2.871,"blockage":0.102,"pipe_d_m":1.8,"barrels":1,"slope":0.001,"length_m":949,"manning_n":0.013,"capacity_m3s":3.635}},{"type":"Feature","geometry":{"type":"Point","coordinates":[72.81421,19.15113]},"properties":{"id":210,"type":"junction","ground_m":1.99,"invert_m":-1.31,"down":227,"hops":1,"local_area_m2":1080000.0,"acc_area_m2":1080000.0,"runoff_c":0.3,"acc_ca_m2":324054,"design_q_m3s":2.25,"blockage":0.099,"pipe_d_m":1.8,"barrels":1,"slope":0.001,"length_m":1530,"manning_n":0.013,"capacity_m3s":3.635}},{"type":"Feature","geometry":{"type":"Point","coordinates":[72.82276,19.15385]},"properties":{"id":211,"type":"junction","ground_m":0.05,"invert_m":-3.85,"down":228,"hops":2,"local_area_m2":1170000.0,"acc_area_m2":2430000.0,"runoff_c":0.316,"acc_ca_m2":1111158,"design_q_m3s":7.716,"blockage":0.451,"pipe_d_m":2.4,"barrels":1,"slope":0.001,"length_m":2013,"manning_n":0.013,"capacity_m3s":7.828}},{"type":"Feature","geometry":{"type":"Point","coordinates":[72.82847,19.15927]},"properties":{"id":212,"type":"junction","ground_m":0.87,"invert_m":-3.63,"down":229,"hops":2,"local_area_m2":1440000.0,"acc_area_m2":8640000.0,"runoff_c":0.65,"acc_ca_m2":5987574,"design_q_m3s":41.58,"blockage":0.152,"pipe_d_m":3.0,"barrels":3,"slope":0.001,"length_m":2285,"manning_n":0.013,"capacity_m3s":42.581}},{"type":"Feature","geometry":{"type":"Point","coordinates":[72.83987,19.15113]},"properties":{"id":213,"type":"junction","ground_m":5.01,"invert_m":1.11,"down":212,"hops":3,"local_area_m2":1440000.0,"acc_area_m2":1440000.0,"runoff_c":0.683,"acc_ca_m2":984096,"design_q_m3s":6.834,"blockage":0.385,"pipe_d_m":2.4,"barrels":1,"slope":0.0028,"length_m":1500,"manning_n":0.013,"capacity_m3s":13.005}},{"type":"Feature","geometry":{"type":"Point","coordinates":[72.85128,19.15113]},"properties":{"id":214,"type":"junction","ground_m":9.73,"invert_m":5.23,"down":231,"hops":3,"local_area_m2":1440000.0,"acc_area_m2":4320000.0,"runoff_c":0.632,"acc_ca_m2":2331234,"design_q_m3s":16.189,"blockage":0.049,"pipe_d_m":3.0,"barrels":1,"slope":0.004,"length_m":1237,"manning_n":0.013,"capacity_m3s":28.249}},{"type":"Feature","geometry":{"type":"Point","coordinates":[72.86269,19.15927]},"properties":{"id":215,"type":"junction","ground_m":15.38,"invert_m":10.88,"down":232,"hops":4,"local_area_m2":1440000.0,"acc_area_m2":10080000.0,"runoff_c":0.33,"acc_ca_m2":3741876,"design_q_m3s":25.985,"blockage":0.152,"pipe_d_m":3.0,"barrels":2,"slope":0.0026,"length_m":2163,"manning_n":0.013,"capacity_m3s":46.16}},{"type":"Feature","geometry":{"type":"Point","coordinates":[72.8741,19.15927]},"properties":{"id":216,"type":"junction","ground_m":32.56,"invert_m":29.26,"down":215,"hops":5,"local_area_m2":1440000.0,"acc_area_m2":4320000.0,"runoff_c":0.359,"acc_ca_m2":1672002,"design_q_m3s":11.611,"blockage":0.131,"pipe_d_m":1.8,"barrels":1,"slope":0.0143,"length_m":1200,"manning_n":0.013,"capacity_m3s":13.753}},{"type":"Feature","geometry":{"type":"Point","coordinates":[72.88551,19.15927]},"properties":{"id":217,"type":"junction","ground_m":58.61,"invert_m":55.91,"down":216,"hops":6,"local_area_m2":1440000.0,"acc_area_m2":1440000.0,"runoff_c":0.474,"acc_ca_m2":682668,"design_q_m3s":4.741,"blockage":0.217,"pipe_d_m":1.2,"barrels":1,"slope":0.0217,"length_m":1200,"manning_n":0.013,"capacity_m3s":5.744}},{"type":"Feature","geometry":{"type":"Point","coordinates":[72.90547,19.15927]},"properties":{"id":218,"type":"junction","ground_m":55.81,"invert_m":52.81,"down":237,"hops":5,"local_area_m2":990000.0,"acc_area_m2":990000.0,"runoff_c":0.3,"acc_ca_m2":297432,"design_q_m3s":2.065,"blockage":0.143,"pipe_d_m":1.5,"barrels":1,"slope":0.001,"length_m":1897,"manning_n":0.013,"capacity_m3s":2.235}},{"type":"Feature","geometry":{"type":"Point","coordinates":[72.92829,19.15113]},"properties":{"id":219,"type":"junction","ground_m":44.95,"invert_m":41.65,"down":239,"hops":4,"local_area_m2":1080000.0,"acc_area_m2":4860000.0,"runoff_c":0.523,"acc_ca_m2":1700244,"design_q_m3s":11.807,"blockage":0.273,"pipe_d_m":1.8,"barrels":1,"slope":0.0234,"length_m":1697,"manning_n":0.013,"capacity_m3s":17.581}},{"type":"Feature","geometry":{"type":"Point","coordinates":[72.93969,19.15113]},"properties":{"id":220,"type":"junction","ground_m":7.98,"invert_m":4.08,"down":221,"hops":3,"local_area_m2":1440000.0,"acc_area_m2":5670000.0,"runoff_c":0.758,"acc_ca_m2":2516832,"design_q_m3s":17.478,"blockage":0.217,"pipe_d_m":2.4,"barrels":1,"slope":0.0062,"length_m":1237,"manning_n":0.013,"capacity_m3s":19.493}},{"type":"Feature","geometry":{"type":"Point","coordinates":[72.9511,19.15385]},"properties":{"id":221,"type":"junction","ground_m":0.31,"invert_m":-4.19,"down":241,"hops":2,"local_area_m2":1440000.0,"acc_area_m2":23760000.0,"runoff_c":0.624,"acc_ca_m2":10587618,"design_q_m3s":73.525,"blockage":0.124,"pipe_d_m":3.0,"barrels":6,"slope":0.001,"length_m":1921,"manning_n":0.013,"capacity_m3s":85.162}},{"type":"Feature","geometry":{"type":"Point","coordinates":[72.95395,19.15385]},"properties":{"id":222,"type":"junction","ground_m":0.75,"invert_m":-2.55,"down":223,"hops":2,"local_area_m2":990000.0,"acc_area_m2":990000.0,"runoff_c":0.401,"acc_ca_m2":396630,"design_q_m3s":2.754,"blockage":0.114,"pipe_d_m":1.8,"barrels":1,"slope":0.001,"length_m":1800,"manning_n":0.013,"capacity_m3s":3.635}},{"type":"Feature","geometry":{"type":"Point","coordinates":[72.97107,19.15385]},"properties":{"id":223,"type":"junction","ground_m":-0.2,"invert_m":-4.7,"down":224,"hops":1,"local_area_m2":810000.0,"acc_area_m2":7470000.0,"runoff_c":0.328,"acc_ca_m2":3280716,"design_q_m3s":22.783,"blockage":0.164,"pipe_d_m":3.0,"barrels":2,"slope":0.001,"length_m":1200,"manning_n":0.013,"capacity_m3s":28.387}},{"type":"Feature","geometry":{"type":"Point","coordinates":[72.98247,19.15385]},"properties":{"id":224,"type":"outfall","ground_m":1.09,"invert_m":-3.41,"down":null,"hops":0,"local_area_m2":1080000.0,"acc_area_m2":73440000.0,"runoff_c":0.321,"acc_ca_m2":35740332,"design_q_m3s":248.197,"blockage":0.179,"pipe_d_m":3.0,"barrels":13,"slope":0.002,"length_m":300,"manning_n":0.013,"capacity_m3s":258.75}},{"type":"Feature","geometry":{"type":"Point","coordinates":[72.98818,19.15656]},"properties":{"id":225,"type":"junction","ground_m":1.4,"invert_m":-1.3,"down":224,"hops":1,"local_area_m2":360000.0,"acc_area_m2":360000.0,"runoff_c":0.404,"acc_ca_m2":145314,"design_q_m3s":1.009,"blockage":0.201,"pipe_d_m":1.2,"barrels":1,"slope":0.001,"length_m":671,"manning_n":0.013,"capacity_m3s":1.233}},{"type":"Feature","geometry":{"type":"Point","coordinates":[72.78854,19.14028]},"properties":{"id":226,"type":"outfall","ground_m":6.28,"invert_m":3.88,"down":null,"hops":0,"local_area_m2":540000.0,"acc_area_m2":540000.0,"runoff_c":0.584,"acc_ca_m2":315198,"design_q_m3s":2.189,"blockage":0.279,"pipe_d_m":0.9,"barrels":1,"slope":0.0193,"length_m":300,"manning_n":0.013,"capacity_m3s":2.513}},{"type":"Feature","geometry":{"type":"Point","coordinates":[72.79995,19.14842]},"properties":{"id":227,"type":"outfall","ground_m":2.8,"invert_m":-1.1,"down":null,"hops":0,"local_area_m2":900000.0,"acc_area_m2":5760000.0,"runoff_c":0.493,"acc_ca_m2":2603934,"design_q_m3s":18.083,"blockage":0.315,"pipe_d_m":2.4,"barrels":1,"slope":0.0077,"length_m":300,"manning_n":0.013,"capacity_m3s":21.674}},{"type":"Feature","geometry":{"type":"Point","coordinates":[72.80565,19.14571]},"properties":{"id":228,"type":"junction","ground_m":1.58,"invert_m":-2.92,"down":227,"hops":1,"local_area_m2":1350000.0,"acc_area_m2":3780000.0,"runoff_c":0.537,"acc_ca_m2":1836540,"design_q_m3s":12.754,"blockage":0.073,"pipe_d_m":3.0,"barrels":1,"slope":0.001,"length_m":671,"manning_n":0.013,"capacity_m3s":14.194}},{"type":"Feature","geometry":{"type":"Point","coordinates":[72.81991,19.14028]},"properties":{"id":229,"type":"junction","ground_m":3.57,"invert_m":-0.93,"down":247,"hops":1,"local_area_m2":1440000.0,"acc_area_m2":10080000.0,"runoff_c":0.578,"acc_ca_m2":6819876,"design_q_m3s":47.36,"blockage":0.241,"pipe_d_m":3.0,"barrels":4,"slope":0.001,"length_m":1237,"manning_n":0.013,"capacity_m3s":56.775}},{"type":"Feature","geometry":{"type":"Point","coordinates":[72.83417,19.14842]},"properties":{"id":230,"type":"junction","ground_m":5.15,"invert_m":1.25,"down":249,"hops":2,"local_area_m2":1440000.0,"acc_area_m2":1440000.0,"runoff_c":0.783,"acc_ca_m2":1127574,"design_q_m3s":7.83,"blockage":0.02,"pipe_d_m":2.4,"barrels":1,"slope":0.0014,"length_m":2184,"manning_n":0.013,"capacity_m3s":9.282}},{"type":"Feature","geometry":{"type":"Point","coordinates":[72.83987,19.14842]},"properties":{"id":231,"type":"junction","ground_m":4.83,"invert_m":0.33,"down":249,"hops":2,"local_area_m2":1440000.0,"acc_area_m2":25920000.0,"runoff_c":0.79,"acc_ca_m2":12618774,"design_q_m3s":87.63,"blockage":0.162,"pipe_d_m":3.0,"barrels":6,"slope":0.0011,"length_m":2419,"manning_n":0.013,"capacity_m3s":90.81}},{"type":"Feature","geometry":{"type":"Point","coordinates":[72.85128,19.14299]},"properties":{"id":232,"type":"junction","ground_m":9.66,"invert_m":5.16,"down":231,"hops":3,"local_area_m2":1440000.0,"acc_area_m2":18720000.0,"runoff_c":0.665,"acc_ca_m2":8074080,"design_q_m3s":56.07,"blockage":0.091,"pipe_d_m":3.0,"barrels":3,"slope":0.0036,"length_m":1342,"manning_n":0.013,"capacity_m3s":80.79}},{"type":"Feature","geometry":{"type":"Point","coordinates":[72.86269,19.14571]},"properties":{"id":233,"type":"junction","ground_m":30.49,"invert_m":27.79,"down":232,"hops":4,"local_area_m2":1440000.0,"acc_area_m2":1440000.0,"runoff_c":0.42,"acc_ca_m2":604908,"design_q_m3s":4.201,"blockage":0.254,"pipe_d_m":1.2,"barrels":1,"slope":0.0168,"length_m":1237,"manning_n":0.013,"capacity_m3s":5.059}},{"type":"Feature","geometry":{"type":"Point","coordinates":[72.8741,19.14028]},"properties":{"id":234,"type":"junction","ground_m":50.72,"invert_m":48.02,"down":215,"hops":5,"local_area_m2":1440000.0,"acc_area_m2":1440000.0,"runoff_c":0.308,"acc_ca_m2":444096,"design_q_m3s":3.084,"blockage":0.452,"pipe_d_m":1.2,"barrels":1,"slope":0.0146,"length_m":2419,"manning_n":0.013,"capacity_m3s":4.713}},{"type":"Feature","geometry":{"type":"Point","coordinates":[72.88836,19.14028]},"properties":{"id":235,"type":"junction","ground_m":31.62,"invert_m":28.92,"down":253,"hops":6,"local_area_m2":1440000.0,"acc_area_m2":1440000.0,"runoff_c":0.342,"acc_ca_m2":493020,"design_q_m3s":3.424,"blockage":0.049,"pipe_d_m":1.2,"barrels":1,"slope":0.0083,"length_m":1082,"manning_n":0.013,"capacity_m3s":3.56}},{"type":"Feature","geometry":{"type":"Point","coordinates":[72.89691,19.14299]},"properties":{"id":236,"type":"junction","ground_m":38.08,"invert_m":35.08,"down":256,"hops":5,"local_area_m2":810000.0,"acc_area_m2":810000.0,"runoff_c":0.329,"acc_ca_m2":266544,"design_q_m3s":1.851,"blockage":0.065,"pipe_d_m":1.5,"barrels":1,"slope":0.0016,"length_m":2121,"manning_n":0.013,"capacity_m3s":2.859}},{"type":"Feature","geometry":{"type":"Point","coordinates":[72.91117,19.14299]},"properties":{"id":237,"type":"junction","ground_m":58.34,"invert_m":55.64,"down":257,"hops":4,"local_area_m2":540000.0,"acc_area_m2":1530000.0,"runoff_c":0.315,"acc_ca_m2":467316,"design_q_m3s":3.245,"blockage":0.077,"pipe_d_m":1.2,"barrels":1,"slope":0.0214,"length_m":2343,"manning_n":0.013,"capacity_m3s":5.701}},{"type":"Feature","geometry":{"type":"Point","coordinates":[72.92829,19.14028]},"properties":{"id":238,"type":"junction","ground_m":20.29,"invert_m":17.29,"down":258,"hops":4,"local_area_m2":1440000.0,"acc_area_m2":1440000.0,"runoff_c":0.635,"acc_ca_m2":914814,"design_q_m3s":6.353,"blockage":0.305,"pipe_d_m":1.5,"barrels":1,"slope":0.0106,"length_m":1697,"manning_n":0.013,"capacity_m3s":7.27}},{"type":"Feature","geometry":{"type":"Point","coordinates":[72.93969,19.14028]},"properties":{"id":239,"type":"junction","ground_m":5.25,"invert_m":0.75,"down":221,"hops":3,"local_area_m2":1440000.0,"acc_area_m2":6300000.0,"runoff_c":0.645,"acc_ca_m2":2628558,"design_q_m3s":18.254,"blockage":0.077,"pipe_d_m":3.0,"barrels":1,"slope":0.0026,"length_m":1921,"manning_n":0.013,"capacity_m3s":22.762}},{"type":"Feature","geometry":{"type":"Point","coordinates":[72.9511,19.14842]},"properties":{"id":240,"type":"junction","ground_m":0.85,"invert_m":-3.05,"down":241,"hops":2,"local_area_m2":1440000.0,"acc_area_m2":1440000.0,"runoff_c":0.397,"acc_ca_m2":572400,"design_q_m3s":3.975,"blockage":0.206,"pipe_d_m":2.4,"barrels":1,"slope":0.001,"length_m":1500,"manning_n":0.013,"capacity_m3s":7.828}},{"type":"Feature","geometry":{"type":"Point","coordinates":[72.96251,19.14028]},"properties":{"id":241,"type":"junction","ground_m":1.28,"invert_m":-3.22,"down":261,"hops":1,"local_area_m2":1260000.0,"acc_area_m2":26460000.0,"runoff_c":0.313,"acc_ca_m2":11553948,"design_q_m3s":80.236,"blockage":0.128,"pipe_d_m":3.0,"barrels":6,"slope":0.001,"length_m":1273,"manning_n":0.013,"capacity_m3s":85.162}},{"type":"Feature","geometry":{"type":"Point","coordinates":[72.97107,19.14571]},"properties":{"id":242,"type":"junction","ground_m":1.06,"invert_m":-2.24,"down":262,"hops":1,"local_area_m2":1170000.0,"acc_area_m2":1170000.0,"runoff_c":0.303,"acc_ca_m2":354834,"design_q_m3s":2.464,"blockage":0.267,"pipe_d_m":1.8,"barrels":1,"slope":0.001,"length_m":2012,"manning_n":0.013,"capacity_m3s":3.635}},{"type":"Feature","geometry":{"type":"Point","coordinates":[72.98247,19.14028]},"properties":{"id":243,"type":"outfall","ground_m":1.26,"invert_m":-1.44,"down":null,"hops":0,"local_area_m2":900000.0,"acc_area_m2":900000.0,"runoff_c":0.307,"acc_ca_m2":276372,"design_q_m3s":1.919,"blockage":0.214,"pipe_d_m":1.2,"barrels":1,"slope":0.0025,"length_m":300,"manning_n":0.013,"capacity_m3s":1.962}},{"type":"Feature","geometry":{"type":"Point","coordinates":[72.98818,19.14028]},"properties":{"id":244,"type":"junction","ground_m":1.71,"invert_m":-1.29,"down":262,"hops":1,"local_area_m2":360000.0,"acc_area_m2":360000.0,"runoff_c":0.496,"acc_ca_m2":178416,"design_q_m3s":1.239,"blockage":0.108,"pipe_d_m":1.5,"barrels":1,"slope":0.001,"length_m":1500,"manning_n":0.013,"capacity_m3s":2.235}},{"type":"Feature","geometry":{"type":"Point","coordinates":[72.78854,19.13757]},"properties":{"id":245,"type":"outfall","ground_m":3.41,"invert_m":0.71,"down":null,"hops":0,"local_area_m2":540000.0,"acc_area_m2":540000.0,"runoff_c":0.516,"acc_ca_m2":278478,"design_q_m3s":1.934,"blockage":0.204,"pipe_d_m":1.2,"barrels":1,"slope":0.0097,"length_m":300,"manning_n":0.013,"capacity_m3s":3.84}},{"type":"Feature","geometry":{"type":"Point","coordinates":[72.79424,19.13214]},"properties":{"id":246,"type":"outfall","ground_m":14.73,"invert_m":12.63,"down":null,"hops":0,"local_area_m2":270000.0,"acc_area_m2":270000.0,"runoff_c":0.331,"acc_ca_m2":89424,"design_q_m3s":0.621,"blockage":0.162,"pipe_d_m":0.6,"barrels":1,"slope":0.0474,"length_m":300,"manning_n":0.013,"capacity_m3s":1.337}},{"type":"Feature","geometry":{"type":"Point","coordinates":[72.8085,19.13757]},"properties":{"id":247,"type":"outfall","ground_m":8.35,"invert_m":3.85,"down":null,"hops":0,"local_area_m2":630000.0,"acc_area_m2":10710000.0,"runoff_c":0.701,"acc_ca_m2":7261758,"design_q_m3s":50.429,"blockage":0.241,"pipe_d_m":3.0,"barrels":1,"slope":0.0262,"length_m":300,"manning_n":0.013,"capacity_m3s":72.609}},{"type":"Feature","geometry":{"type":"Point","coordinates":[72.81991,19.13214]},"properties":{"id":248,"type":"junction","ground_m":4.7,"invert_m":0.8,"down":264,"hops":1,"local_area_m2":1440000.0,"acc_area_m2":1440000.0,"runoff_c":0.685,"acc_ca_m2":986688,"design_q_m3s":6.852,"blockage":0.245,"pipe_d_m":2.4,"barrels":1,"slope":0.0029,"length_m":1200,"manning_n":0.013,"capacity_m3s":13.313}},{"type":"Feature","geometry":{"type":"Point","coordinates":[72.82847,19.12943]},"properties":{"id":249,"type":"junction","ground_m":2.08,"invert_m":-2.42,"down":264,"hops":1,"local_area_m2":1440000.0,"acc_area_m2":31680000.0,"runoff_c":0.755,"acc_ca_m2":16940448,"design_q_m3s":117.642,"blockage":0.205,"pipe_d_m":3.0,"barrels":9,"slope":0.001,"length_m":1273,"manning_n":0.013,"capacity_m3s":127.744}},{"type":"Feature","geometry":{"type":"Point","coordinates":[72.83987,19.13757]},"properties":{"id":250,"type":"junction","ground_m":9.27,"invert_m":5.97,"down":249,"hops":2,"local_area_m2":1440000.0,"acc_area_m2":1440000.0,"runoff_c":0.688,"acc_ca_m2":991278,"design_q_m3s":6.884,"blockage":0.099,"pipe_d_m":1.8,"barrels":1,"slope":0.0048,"length_m":1500,"manning_n":0.013,"capacity_m3s":7.958}},{"type":"Feature","geometry":{"type":"Point","coordinates":[72.85128,19.13757]},"properties":{"id":251,"type":"junction","ground_m":15.46,"invert_m":12.16,"down":231,"hops":3,"local_area_m2":1440000.0,"acc_area_m2":1440000.0,"runoff_c":0.747,"acc_ca_m2":1076166,"design_q_m3s":7.473,"blockage":0.143,"pipe_d_m":1.8,"barrels":1,"slope":0.0063,"length_m":1697,"manning_n":0.013,"capacity_m3s":9.097}},{"type":"Feature","geometry":{"type":"Point","coordinates":[72.86269,19.13485]},"properties":{"id":252,"type":"junction","ground_m":25.53,"invert_m":21.63,"down":232,"hops":4,"local_area_m2":1440000.0,"acc_area_m2":5760000.0,"runoff_c":0.704,"acc_ca_m2":2769390,"design_q_m3s":19.232,"blockage":0.099,"pipe_d_m":2.4,"barrels":1,"slope":0.0106,"length_m":1500,"manning_n":0.013,"capacity_m3s":25.463}},{"type":"Feature","geometry":{"type":"Point","coordinates":[72.88265,19.13214]},"properties":{"id":253,"type":"junction","ground_m":22.6,"invert_m":18.1,"down":252,"hops":5,"local_area_m2":1440000.0,"acc_area_m2":4320000.0,"runoff_c":0.461,"acc_ca_m2":1755972,"design_q_m3s":12.194,"blockage":0.127,"pipe_d_m":3.0,"barrels":1,"slope":0.001,"length_m":2122,"manning_n":0.013,"capacity_m3s":14.194}},{"type":"Feature","geometry":{"type":"Point","coordinates":[72.88551,19.12943]},"properties":{"id":254,"type":"junction","ground_m":21.3,"invert_m":17.4,"down":253,"hops":6,"local_area_m2":1440000.0,"acc_area_m2":1440000.0,"runoff_c":0.416,"acc_ca_m2":599130,"design_q_m3s":4.161,"blockage":0.177,"pipe_d_m":2.4,"barrels":1,"slope":0.001,"length_m":424,"manning_n":0.013,"capacity_m3s":7.828}},{"type":"Feature","geometry":{"type":"Point","coordinates":[72.89691,19.13214]},"properties":{"id":255,"type":"junction","ground_m":33.86,"invert_m":30.56,"down":272,"hops":5,"local_area_m2":1170000.0,"acc_area_m2":1170000.0,"runoff_c":0.431,"acc_ca_m2":504684,"design_q_m3s":3.505,"blockage":0.219,"pipe_d_m":1.8,"barrels":1,"slope":0.001,"length_m":1616,"manning_n":0.013,"capacity_m3s":3.635}},{"type":"Feature","geometry":{"type":"Point","coordinates":[72.91117,19.12943]},"properties":{"id":256,"type":"junction","ground_m":34.61,"invert_m":31.61,"down":273,"hops":4,"local_area_m2":1350000.0,"acc_area_m2":2160000.0,"runoff_c":0.407,"acc_ca_m2":816534,"design_q_m3s":5.67,"blockage":0.152,"pipe_d_m":1.5,"barrels":1,"slope":0.0166,"length_m":1825,"manning_n":0.013,"capacity_m3s":9.107}},{"type":"Feature","geometry":{"type":"Point","coordinates":[72.92829,19.12943]},"properties":{"id":257,"type":"junction","ground_m":8.23,"invert_m":4.93,"down":274,"hops":3,"local_area_m2":1440000.0,"acc_area_m2":2970000.0,"runoff_c":0.453,"acc_ca_m2":1119258,"design_q_m3s":7.773,"blockage":0.233,"pipe_d_m":1.8,"barrels":1,"slope":0.0058,"length_m":1082,"manning_n":0.013,"capacity_m3s":8.723}},{"type":"Feature","geometry":{"type":"Point","coordinates":[72.93969,19.12943]},"properties":{"id":258,"type":"junction","ground_m":2.34,"invert_m":-2.16,"down":275,"hops":3,"local_area_m2":1440000.0,"acc_area_m2":2880000.0,"runoff_c":0.694,"acc_ca_m2":1914300,"design_q_m3s":13.294,"blockage":0.309,"pipe_d_m":3.0,"barrels":1,"slope":0.0016,"length_m":1697,"manning_n":0.013,"capacity_m3s":18.199}},{"type":"Feature","geometry":{"type":"Point","coordinates":[72.94825,19.13485]},"properties":{"id":259,"type":"junction","ground_m":0.91,"invert_m":-2.39,"down":276,"hops":2,"local_area_m2":1260000.0,"acc_area_m2":1260000.0,"runoff_c":0.348,"acc_ca_m2":438696,"design_q_m3s":3.046,"blockage":0.37,"pipe_d_m":1.8,"barrels":1,"slope":0.001,"length_m":1897,"manning_n":0.013,"capacity_m3s":3.635}},{"type":"Feature","geometry":{"type":"Point","coordinates":[72.96251,19.13757]},"properties":{"id":260,"type":"junction","ground_m":1.44,"invert_m":-1.86,"down":261,"hops":1,"local_area_m2":1440000.0,"acc_area_m2":1440000.0,"runoff_c":0.3,"acc_ca_m2":432000,"design_q_m3s":3.0,"blockage":0.056,"pipe_d_m":1.8,"barrels":1,"slope":0.001,"length_m":1082,"manning_n":0.013,"capacity_m3s":3.635}},{"type":"Feature","geometry":{"type":"Point","coordinates":[72.97107,19.13214]},"properties":{"id":261,"type":"outfall","ground_m":1.85,"invert_m":-2.65,"down":null,"hops":0,"local_area_m2":990000.0,"acc_area_m2":35910000.0,"runoff_c":0.3,"acc_ca_m2":15616638,"design_q_m3s":108.449,"blockage":0.155,"pipe_d_m":3.0,"barrels":4,"slope":0.0045,"length_m":300,"manning_n":0.013,"capacity_m3s":120.443}},{"type":"Feature","geometry":{"type":"Point","coordinates":[72.97962,19.12943]},"properties":{"id":262,"type":"outfall","ground_m":0.55,"invert_m":-3.35,"down":null,"hops":0,"local_area_m2":810000.0,"acc_area_m2":2340000.0,"runoff_c":0.3,"acc_ca_m2":776250,"design_q_m3s":5.391,"blockage":0.139,"pipe_d_m":2.4,"barrels":1,"slope":0.001,"length_m":300,"manning_n":0.013,"capacity_m3s":7.828}},{"type":"Feature","geometry":{"type":"Point","coordinates":[72.98818,19.13485]},"properties":{"id":263,"type":"junction","ground_m":1.3,"invert_m":-1.1,"down":278,"hops":1,"local_area_m2":360000.0,"acc_area_m2":360000.0,"runoff_c":0.3,"acc_ca_m2":108000,"design_q_m3s":0.75,"blockage":0.029,"pipe_d_m":0.9,"barrels":1,"slope":0.0018,"length_m":1273,"manning_n":0.013,"capacity_m3s":0.758}},{"type":"Feature","geometry":{"type":"Point","coordinates":[72.81991,19.12129]},"properties":{"id":264,"type":"outfall","ground_m":1.23,"invert_m":-3.27,"down":null,"hops":0,"local_area_m2":1170000.0,"acc_area_m2":37170000.0,"runoff_c":0.521,"acc_ca_m2":20475180,"design_q_m3s":142.189,"blockage":0.517,"pipe_d_m":3.0,"barrels":7,"slope":0.0024,"length_m":300,"manning_n":0.013,"capacity_m3s":154.993}},{"type":"Feature","geometry":{"type":"Point","coordinates":[72.83417,19.11858]},"properties":{"id":265,"type":"junction","ground_m":2.58,"invert_m":-1.32,"down":264,"hops":1,"local_area_m2":1440000.0,"acc_area_m2":1440000.0,"runoff_c":0.617,"acc_ca_m2":888246,"design_q_m3s":6.168,"blockage":0.156,"pipe_d_m":2.4,"barrels":1,"slope":0.001,"length_m":1530,"manning_n":0.013,"capacity_m3s":7.828}},{"type":"Feature","geometry":{"type":"Point","coordinates":[72.83987,19.12672]},"properties":{"id":266,"type":"junction","ground_m":9.19,"invert_m":5.89,"down":249,"hops":2,"local_area_m2":1440000.0,"acc_area_m2":1440000.0,"runoff_c":0.774,"acc_ca_m2":1114992,"design_q_m3s":7.743,"blockage":0.05,"pipe_d_m":1.8,"barrels":1,"slope":0.0057,"length_m":1237,"manning_n":0.013,"capacity_m3s":8.714}},{"type":"Feature","geometry":{"type":"Point","coordinates":[72.85128,19.124]},"properties":{"id":267,"type":"junction","ground_m":14.24,"invert_m":9.74,"down":282,"hops":3,"local_area_m2":1440000.0,"acc_area_m2":2880000.0,"runoff_c":0.762,"acc_ca_m2":2194236,"design_q_m3s":15.238,"blockage":0.073,"pipe_d_m":3.0,"barrels":1,"slope":0.0026,"length_m":2163,"manning_n":0.013,"capacity_m3s":22.755}},{"type":"Feature","geometry":{"type":"Point","coordinates":[72.87125,19.11858]},"properties":{"id":268,"type":"junction","ground_m":27.84,"invert_m":24.54,"down":267,"hops":4,"local_area_m2":1440000.0,"acc_area_m2":1440000.0,"runoff_c":0.762,"acc_ca_m2":1097172,"design_q_m3s":7.619,"blockage":0.16,"pipe_d_m":1.8,"barrels":1,"slope":0.0062,"length_m":2184,"manning_n":0.013,"capacity_m3s":9.07}},{"type":"Feature","geometry":{"type":"Point","coordinates":[72.8798,19.11858]},"properties":{"id":269,"type":"junction","ground_m":23.19,"invert_m":19.89,"down":284,"hops":5,"local_area_m2":1440000.0,"acc_area_m2":1440000.0,"runoff_c":0.643,"acc_ca_m2":926370,"design_q_m3s":6.433,"blockage":0.094,"pipe_d_m":1.8,"barrels":1,"slope":0.0055,"length_m":1500,"manning_n":0.013,"capacity_m3s":8.525}},{"type":"Feature","geometry":{"type":"Point","coordinates":[72.88836,19.124]},"properties":{"id":270,"type":"junction","ground_m":16.51,"invert_m":12.61,"down":285,"hops":6,"local_area_m2":1440000.0,"acc_area_m2":1440000.0,"runoff_c":0.668,"acc_ca_m2":961686,"design_q_m3s":6.678,"blockage":0.009,"pipe_d_m":2.4,"barrels":1,"slope":0.0012,"length_m":2343,"manning_n":0.013,"capacity_m3s":8.649}},{"type":"Feature","geometry":{"type":"Point","coordinates":[72.89977,19.124]},"properties":{"id":271,"type":"junction","ground_m":33.71,"invert_m":30.41,"down":272,"hops":5,"local_area_m2":990000.0,"acc_area_m2":990000.0,"runoff_c":0.428,"acc_ca_m2":424062,"design_q_m3s":2.945,"blockage":0.099,"pipe_d_m":1.8,"barrels":1,"slope":0.001,"length_m":1237,"manning_n":0.013,"capacity_m3s":3.635}},{"type":"Feature","geometry":{"type":"Point","coordinates":[72.91117,19.12672]},"properties":{"id":272,"type":"junction","ground_m":33.45,"invert_m":30.15,"down":273,"hops":4,"local_area_m2":1440000.0,"acc_area_m2":3600000.0,"runoff_c":0.532,"acc_ca_m2":1695114,"design_q_m3s":11.772,"blockage":0.307,"pipe_d_m":1.8,"barrels":1,"slope":0.0162,"length_m":1800,"manning_n":0.013,"capacity_m3s":14.622}},{"type":"Feature","geometry":{"type":"Point","coordinates":[72.92829,19.12672]},"properties":{"id":273,"type":"junction","ground_m":4.32,"invert_m":-0.18,"down":274,"hops":3,"local_area_m2":1440000.0,"acc_area_m2":7200000.0,"runoff_c":0.687,"acc_ca_m2":3500658,"design_q_m3s":24.31,"blockage":0.078,"pipe_d_m":3.0,"barrels":2,"slope":0.0024,"length_m":949,"manning_n":0.013,"capacity_m3s":44.39}},{"type":"Feature","geometry":{"type":"Point","coordinates":[72.93684,19.124]},"properties":{"id":274,"type":"junction","ground_m":2.0,"invert_m":-2.5,"down":291,"hops":2,"local_area_m2":1440000.0,"acc_area_m2":11610000.0,"runoff_c":0.526,"acc_ca_m2":5377374,"design_q_m3s":37.343,"blockage":0.032,"pipe_d_m":3.0,"barrels":3,"slope":0.001,"length_m":1749,"manning_n":0.013,"capacity_m3s":42.581}},{"type":"Feature","geometry":{"type":"Point","coordinates":[72.9511,19.11858]},"properties":{"id":275,"type":"junction","ground_m":-0.45,"invert_m":-4.95,"down":276,"hops":2,"local_area_m2":1440000.0,"acc_area_m2":4320000.0,"runoff_c":0.364,"acc_ca_m2":2438586,"design_q_m3s":16.935,"blockage":0.402,"pipe_d_m":3.0,"barrels":2,"slope":0.001,"length_m":300,"manning_n":0.013,"capacity_m3s":28.855}},{"type":"Feature","geometry":{"type":"Point","coordinates":[72.95395,19.11858]},"properties":{"id":276,"type":"junction","ground_m":-0.76,"invert_m":-5.26,"down":261,"hops":1,"local_area_m2":1440000.0,"acc_area_m2":7020000.0,"runoff_c":0.317,"acc_ca_m2":3333690,"design_q_m3s":23.151,"blockage":0.138,"pipe_d_m":3.0,"barrels":2,"slope":0.001,"length_m":2343,"manning_n":0.013,"capacity_m3s":28.387}},{"type":"Feature","geometry":{"type":"Point","coordinates":[72.96536,19.11858]},"properties":{"id":277,"type":"outfall","ground_m":2.29,"invert_m":-0.11,"down":null,"hops":0,"local_area_m2":450000.0,"acc_area_m2":450000.0,"runoff_c":0.3,"acc_ca_m2":135000,"design_q_m3s":0.938,"blockage":0.097,"pipe_d_m":0.9,"barrels":1,"slope":0.006,"length_m":300,"manning_n":0.013,"capacity_m3s":1.398}},{"type":"Feature","geometry":{"type":"Point","coordinates":[72.97962,19.12672]},"properties":{"id":278,"type":"outfall","ground_m":-0.93,"invert_m":-4.83,"down":null,"hops":0,"local_area_m2":900000.0,"acc_area_m2":1980000.0,"runoff_c":0.3,"acc_ca_m2":604962,"design_q_m3s":4.201,"blockage":0.297,"pipe_d_m":2.4,"barrels":1,"slope":0.001,"length_m":300,"manning_n":0.013,"capacity_m3s":7.828}},{"type":"Feature","geometry":{"type":"Point","coordinates":[72.98818,19.12672]},"properties":{"id":279,"type":"junction","ground_m":1.64,"invert_m":-0.76,"down":278,"hops":1,"local_area_m2":360000.0,"acc_area_m2":360000.0,"runoff_c":0.33,"acc_ca_m2":118908,"design_q_m3s":0.826,"blockage":0.331,"pipe_d_m":0.9,"barrels":1,"slope":0.0029,"length_m":900,"manning_n":0.013,"capacity_m3s":0.967}},{"type":"Feature","geometry":{"type":"Point","coordinates":[72.82561,19.10772]},"properties":{"id":280,"type":"outfall","ground_m":8.09,"invert_m":3.59,"down":null,"hops":0,"local_area_m2":540000.0,"acc_area_m2":20610000.0,"runoff_c":0.602,"acc_ca_m2":14995692,"design_q_m3s":104.137,"blockage":0.192,"pipe_d_m":3.0,"barrels":2,"slope":0.0253,"length_m":300,"manning_n":0.013,"capacity_m3s":142.778}},{"type":"Feature","geometry":{"type":"Point","coordinates":[72.83132,19.11586]},"properties":{"id":281,"type":"junction","ground_m":5.62,"invert_m":1.72,"down":264,"hops":1,"local_area_m2":1440000.0,"acc_area_m2":1440000.0,"runoff_c":0.729,"acc_ca_m2":1050408,"design_q_m3s":7.295,"blockage":0.065,"pipe_d_m":2.4,"barrels":1,"slope":0.0033,"length_m":1342,"manning_n":0.013,"capacity_m3s":14.16}},{"type":"Feature","geometry":{"type":"Point","coordinates":[72.83987,19.10772]},"properties":{"id":282,"type":"junction","ground_m":8.68,"invert_m":4.18,"down":296,"hops":2,"local_area_m2":1440000.0,"acc_area_m2":4320000.0,"runoff_c":0.732,"acc_ca_m2":3248100,"design_q_m3s":22.556,"blockage":0.038,"pipe_d_m":3.0,"barrels":1,"slope":0.0062,"length_m":1237,"manning_n":0.013,"capacity_m3s":35.23}},{"type":"Feature","geometry":{"type":"Point","coordinates":[72.85128,19.11315]},"properties":{"id":283,"type":"junction","ground_m":15.56,"invert_m":11.66,"down":297,"hops":3,"local_area_m2":1440000.0,"acc_area_m2":1440000.0,"runoff_c":0.765,"acc_ca_m2":1101870,"design_q_m3s":7.652,"blockage":0.094,"pipe_d_m":2.4,"barrels":1,"slope":0.0043,"length_m":2163,"manning_n":0.013,"capacity_m3s":16.231}},{"type":"Feature","geometry":{"type":"Point","coordinates":[72.87125,19.10772]},"properties":{"id":284,"type":"junction","ground_m":14.94,"invert_m":10.44,"down":298,"hops":4,"local_area_m2":1440000.0,"acc_area_m2":2880000.0,"runoff_c":0.752,"acc_ca_m2":2008908,"design_q_m3s":13.951,"blockage":0.145,"pipe_d_m":3.0,"barrels":1,"slope":0.0019,"length_m":1749,"manning_n":0.013,"capacity_m3s":19.376}},{"type":"Feature","geometry":{"type":"Point","coordinates":[72.8741,19.10772]},"properties":{"id":285,"type":"junction","ground_m":13.65,"invert_m":9.15,"down":299,"hops":5,"local_area_m2":1440000.0,"acc_area_m2":2880000.0,"runoff_c":0.707,"acc_ca_m2":1980396,"design_q_m3s":13.753,"blockage":0.211,"pipe_d_m":3.0,"barrels":1,"slope":0.0021,"length_m":1342,"manning_n":0.013,"capacity_m3s":20.688}},{"type":"Feature","geometry":{"type":"Point","coordinates":[72.88551,19.10772]},"properties":{"id":286,"type":"junction","ground_m":12.92,"invert_m":9.02,"down":300,"hops":6,"local_area_m2":1440000.0,"acc_area_m2":1440000.0,"runoff_c":0.707,"acc_ca_m2":1018224,"design_q_m3s":7.071,"blockage":0.112,"pipe_d_m":2.4,"barrels":1,"slope":0.0027,"length_m":1342,"manning_n":0.013,"capacity_m3s":12.841}},{"type":"Feature","geometry":{"type":"Point","coordinates":[72.89691,19.10772]},"properties":{"id":287,"type":"junction","ground_m":21.86,"invert_m":18.56,"down":303,"hops":5,"local_area_m2":1440000.0,"acc_area_m2":1440000.0,"runoff_c":0.557,"acc_ca_m2":802332,"design_q_m3s":5.572,"blockage":0.126,"pipe_d_m":1.8,"barrels":1,"slope":0.0028,"length_m":2419,"manning_n":0.013,"capacity_m3s":6.041}},{"type":"Feature","geometry":{"type":"Point","coordinates":[72.91688,19.10772]},"properties":{"id":288,"type":"junction","ground_m":47.53,"invert_m":44.83,"down":304,"hops":4,"local_area_m2":1440000.0,"acc_area_m2":1440000.0,"runoff_c":0.591,"acc_ca_m2":851472,"design_q_m3s":5.913,"blockage":0.342,"pipe_d_m":1.2,"barrels":1,"slope":0.0255,"length_m":1697,"manning_n":0.013,"capacity_m3s":6.228}},{"type":"Feature","geometry":{"type":"Point","coordinates":[72.92829,19.11586]},"properties":{"id":289,"type":"junction","ground_m":11.02,"invert_m":7.72,"down":305,"hops":3,"local_area_m2":1440000.0,"acc_area_m2":1440000.0,"runoff_c":0.538,"acc_ca_m2":775386,"design_q_m3s":5.385,"blockage":0.059,"pipe_d_m":1.8,"barrels":1,"slope":0.0054,"length_m":1697,"manning_n":0.013,"capacity_m3s":8.413}},{"type":"Feature","geometry":{"type":"Point","coordinates":[72.93969,19.11044]},"properties":{"id":290,"type":"junction","ground_m":2.03,"invert_m":-1.87,"down":291,"hops":2,"local_area_m2":1440000.0,"acc_area_m2":1440000.0,"runoff_c":0.503,"acc_ca_m2":724680,"design_q_m3s":5.032,"blockage":0.107,"pipe_d_m":2.4,"barrels":1,"slope":0.001,"length_m":1342,"manning_n":0.013,"capacity_m3s":7.828}},{"type":"Feature","geometry":{"type":"Point","coordinates":[72.9511,19.11586]},"properties":{"id":291,"type":"junction","ground_m":0.69,"invert_m":-3.81,"down":307,"hops":1,"local_area_m2":1440000.0,"acc_area_m2":17370000.0,"runoff_c":0.324,"acc_ca_m2":7799220,"design_q_m3s":54.161,"blockage":0.064,"pipe_d_m":3.0,"barrels":4,"slope":0.001,"length_m":1749,"manning_n":0.013,"capacity_m3s":56.775}},{"type":"Feature","geometry":{"type":"Point","coordinates":[72.95395,19.11586]},"properties":{"id":292,"type":"junction","ground_m":0.98,"invert_m":-2.32,"down":307,"hops":1,"local_area_m2":1350000.0,"acc_area_m2":1350000.0,"runoff_c":0.3,"acc_ca_m2":405000,"design_q_m3s":2.812,"blockage":0.19,"pipe_d_m":1.8,"barrels":1,"slope":0.001,"length_m":1615,"manning_n":0.013,"capacity_m3s":3.635}},{"type":"Feature","geometry":{"type":"Point","coordinates":[72.98533,19.10772]},"properties":{"id":293,"type":"outfall","ground_m":1.53,"invert_m":-1.47,"down":null,"hops":0,"local_area_m2":1080000.0,"acc_area_m2":1080000.0,"runoff_c":0.3,"acc_ca_m2":324162,"design_q_m3s":2.251,"blockage":0.196,"pipe_d_m":1.5,"barrels":1,"slope":0.0011,"length_m":900,"manning_n":0.013,"capacity_m3s":2.391}},{"type":"Feature","geometry":{"type":"Point","coordinates":[72.98818,19.11586]},"properties":{"id":294,"type":"junction","ground_m":1.18,"invert_m":-1.52,"down":278,"hops":1,"local_area_m2":360000.0,"acc_area_m2":360000.0,"runoff_c":0.3,"acc_ca_m2":108054,"design_q_m3s":0.75,"blockage":0.181,"pipe_d_m":1.2,"barrels":1,"slope":0.0014,"length_m":1500,"manning_n":0.013,"capacity_m3s":1.462}},{"type":"Feature","geometry":{"type":"Point","coordinates":[72.82561,19.09959]},"properties":{"id":295,"type":"outfall","ground_m":8.91,"invert_m":6.51,"down":null,"hops":0,"local_area_m2":270000.0,"acc_area_m2":270000.0,"runoff_c":0.57,"acc_ca_m2":154008,"design_q_m3s":1.07,"blockage":0.245,"pipe_d_m":0.9,"barrels":1,"slope":0.028,"length_m":300,"manning_n":0.013,"capacity_m3s":3.031}},{"type":"Feature","geometry":{"type":"Point","coordinates":[72.83702,19.09687]},"properties":{"id":296,"type":"junction","ground_m":1.06,"invert_m":-3.44,"down":280,"hops":1,"local_area_m2":1350000.0,"acc_area_m2":20070000.0,"runoff_c":0.642,"acc_ca_m2":14670720,"design_q_m3s":101.88,"blockage":0.281,"pipe_d_m":3.0,"barrels":8,"slope":0.001,"length_m":1697,"manning_n":0.013,"capacity_m3s":113.55}},{"type":"Feature","geometry":{"type":"Point","coordinates":[72.83987,19.09687]},"properties":{"id":297,"type":"junction","ground_m":6.26,"invert_m":2.36,"down":296,"hops":2,"local_area_m2":1440000.0,"acc_area_m2":2880000.0,"runoff_c":0.792,"acc_ca_m2":2242620,"design_q_m3s":15.574,"blockage":0.073,"pipe_d_m":2.4,"barrels":1,"slope":0.0173,"length_m":300,"manning_n":0.013,"capacity_m3s":32.59}},{"type":"Feature","geometry":{"type":"Point","coordinates":[72.85699,19.09959]},"properties":{"id":298,"type":"junction","ground_m":11.68,"invert_m":7.18,"down":311,"hops":3,"local_area_m2":1440000.0,"acc_area_m2":4320000.0,"runoff_c":0.744,"acc_ca_m2":3079620,"design_q_m3s":21.386,"blockage":0.167,"pipe_d_m":3.0,"barrels":1,"slope":0.0055,"length_m":1697,"manning_n":0.013,"capacity_m3s":33.351}},{"type":"Feature","geometry":{"type":"Point","coordinates":[72.86839,19.09687]},"properties":{"id":299,"type":"junction","ground_m":10.8,"invert_m":6.3,"down":312,"hops":4,"local_area_m2":1440000.0,"acc_area_m2":4320000.0,"runoff_c":0.715,"acc_ca_m2":3010284,"design_q_m3s":20.905,"blockage":0.13,"pipe_d_m":3.0,"barrels":1,"slope":0.0037,"length_m":2163,"manning_n":0.013,"capacity_m3s":27.345}},{"type":"Feature","geometry":{"type":"Point","coordinates":[72.8798,19.09687]},"properties":{"id":300,"type":"junction","ground_m":9.31,"invert_m":5.41,"down":314,"hops":5,"local_area_m2":1440000.0,"acc_area_m2":2880000.0,"runoff_c":0.762,"acc_ca_m2":2115774,"design_q_m3s":14.693,"blockage":0.159,"pipe_d_m":2.4,"barrels":1,"slope":0.0042,"length_m":1237,"manning_n":0.013,"capacity_m3s":15.959}},{"type":"Feature","geometry":{"type":"Point","coordinates":[72.88836,19.1023]},"properties":{"id":301,"type":"junction","ground_m":11.23,"invert_m":7.33,"down":314,"hops":5,"local_area_m2":1440000.0,"acc_area_m2":1440000.0,"runoff_c":0.826,"acc_ca_m2":1189674,"design_q_m3s":8.262,"blockage":0.032,"pipe_d_m":2.4,"barrels":1,"slope":0.0033,"length_m":2163,"manning_n":0.013,"capacity_m3s":14.142}},{"type":"Feature","geometry":{"type":"Point","coordinates":[72.89691,19.1023]},"properties":{"id":302,"type":"junction","ground_m":18.08,"invert_m":14.78,"down":317,"hops":5,"local_area_m2":1440000.0,"acc_area_m2":1440000.0,"runoff_c":0.688,"acc_ca_m2":991062,"design_q_m3s":6.882,"blockage":0.339,"pipe_d_m":1.8,"barrels":1,"slope":0.0046,"length_m":2766,"manning_n":0.013,"capacity_m3s":7.817}},{"type":"Feature","geometry":{"type":"Point","coordinates":[72.91688,19.09687]},"properties":{"id":303,"type":"junction","ground_m":15.18,"invert_m":11.28,"down":318,"hops":4,"local_area_m2":1440000.0,"acc_area_m2":2880000.0,"runoff_c":0.728,"acc_ca_m2":1850148,"design_q_m3s":12.848,"blockage":0.344,"pipe_d_m":2.4,"barrels":1,"slope":0.0092,"length_m":1342,"manning_n":0.013,"capacity_m3s":23.704}},{"type":"Feature","geometry":{"type":"Point","coordinates":[72.92829,19.09687]},"properties":{"id":304,"type":"junction","ground_m":4.23,"invert_m":0.33,"down":319,"hops":3,"local_area_m2":1440000.0,"acc_area_m2":2880000.0,"runoff_c":0.648,"acc_ca_m2":1785240,"design_q_m3s":12.398,"blockage":0.351,"pipe_d_m":2.4,"barrels":1,"slope":0.0026,"length_m":1082,"manning_n":0.013,"capacity_m3s":12.528}},{"type":"Feature","geometry":{"type":"Point","coordinates":[72.93969,19.10501]},"properties":{"id":305,"type":"junction","ground_m":1.93,"invert_m":-2.57,"down":291,"hops":2,"local_area_m2":1440000.0,"acc_area_m2":2880000.0,"runoff_c":0.316,"acc_ca_m2":1230552,"design_q_m3s":8.545,"blockage":0.081,"pipe_d_m":3.0,"barrels":1,"slope":0.001,"length_m":1697,"manning_n":0.013,"capacity_m3s":14.194}},{"type":"Feature","geometry":{"type":"Point","coordinates":[72.94825,19.09959]},"properties":{"id":306,"type":"junction","ground_m":1.66,"invert_m":-1.64,"down":321,"hops":1,"local_area_m2":1440000.0,"acc_area_m2":1440000.0,"runoff_c":0.3,"acc_ca_m2":432000,"design_q_m3s":3.0,"blockage":0.342,"pipe_d_m":1.8,"barrels":1,"slope":0.001,"length_m":1273,"manning_n":0.013,"capacity_m3s":3.635}},{"type":"Feature","geometry":{"type":"Point","coordinates":[72.95966,19.1023]},"properties":{"id":307,"type":"outfall","ground_m":1.62,"invert_m":-2.88,"down":null,"hops":0,"local_area_m2":900000.0,"acc_area_m2":19620000.0,"runoff_c":0.3,"acc_ca_m2":8474220,"design_q_m3s":58.849,"blockage":0.058,"pipe_d_m":3.0,"barrels":3,"slope":0.0037,"length_m":300,"manning_n":0.013,"capacity_m3s":82.278}},{"type":"Feature","geometry":{"type":"Point","coordinates":[72.98533,19.10501]},"properties":{"id":308,"type":"outfall","ground_m":1.26,"invert_m":-1.74,"down":null,"hops":0,"local_area_m2":720000.0,"acc_area_m2":720000.0,"runoff_c":0.3,"acc_ca_m2":216054,"design_q_m3s":1.5,"blockage":0.109,"pipe_d_m":1.5,"barrels":1,"slope":0.0011,"length_m":671,"manning_n":0.013,"capacity_m3s":2.379}},{"type":"Feature","geometry":{"type":"Point","coordinates":[72.98818,19.10501]},"properties":{"id":309,"type":"junction","ground_m":1.81,"invert_m":-0.89,"down":322,"hops":1,"local_area_m2":360000.0,"acc_area_m2":360000.0,"runoff_c":0.301,"acc_ca_m2":108270,"design_q_m3s":0.752,"blockage":0.253,"pipe_d_m":1.2,"barrels":1,"slope":0.001,"length_m":2121,"manning_n":0.013,"capacity_m3s":1.233}},{"type":"Feature","geometry":{"type":"Point","coordinates":[72.83132,19.09416]},"properties":{"id":310,"type":"junction","ground_m":2.86,"invert_m":-1.64,"down":324,"hops":1,"local_area_m2":1440000.0,"acc_area_m2":2880000.0,"runoff_c":0.63,"acc_ca_m2":2005074,"design_q_m3s":13.924,"blockage":0.142,"pipe_d_m":3.0,"barrels":1,"slope":0.001,"length_m":1615,"manning_n":0.013,"capacity_m3s":14.517}},{"type":"Feature","geometry":{"type":"Point","coordinates":[72.84558,19.08873]},"properties":{"id":311,"type":"junction","ground_m":2.31,"invert_m":-2.19,"down":296,"hops":2,"local_area_m2":1440000.0,"acc_area_m2":11520000.0,"runoff_c":0.743,"acc_ca_m2":8313408,"design_q_m3s":57.732,"blockage":0.205,"pipe_d_m":3.0,"barrels":5,"slope":0.001,"length_m":1273,"manning_n":0.013,"capacity_m3s":70.969}},{"type":"Feature","geometry":{"type":"Point","coordinates":[72.85128,19.08602]},"properties":{"id":312,"type":"junction","ground_m":2.77,"invert_m":-1.73,"down":311,"hops":3,"local_area_m2":1440000.0,"acc_area_m2":5760000.0,"runoff_c":0.801,"acc_ca_m2":4163832,"design_q_m3s":28.916,"blockage":0.146,"pipe_d_m":3.0,"barrels":3,"slope":0.001,"length_m":671,"manning_n":0.013,"capacity_m3s":42.581}},{"type":"Feature","geometry":{"type":"Point","coordinates":[72.87125,19.08873]},"properties":{"id":313,"type":"junction","ground_m":4.8,"invert_m":0.9,"down":327,"hops":4,"local_area_m2":1440000.0,"acc_area_m2":1440000.0,"runoff_c":0.759,"acc_ca_m2":1093500,"design_q_m3s":7.594,"blockage":0.029,"pipe_d_m":2.4,"barrels":1,"slope":0.001,"length_m":2343,"manning_n":0.013,"capacity_m3s":7.828}},{"type":"Feature","geometry":{"type":"Point","coordinates":[72.87695,19.08602]},"properties":{"id":314,"type":"junction","ground_m":4.17,"invert_m":-0.33,"down":328,"hops":4,"local_area_m2":1440000.0,"acc_area_m2":5760000.0,"runoff_c":0.741,"acc_ca_m2":4371840,"design_q_m3s":30.36,"blockage":0.553,"pipe_d_m":3.0,"barrels":3,"slope":0.001,"length_m":1342,"manning_n":0.013,"capacity_m3s":42.581}},{"type":"Feature","geometry":{"type":"Point","coordinates":[72.88551,19.08873]},"properties":{"id":315,"type":"junction","ground_m":10.49,"invert_m":7.19,"down":329,"hops":5,"local_area_m2":1440000.0,"acc_area_m2":1440000.0,"runoff_c":0.79,"acc_ca_m2":1138104,"design_q_m3s":7.903,"blockage":0.262,"pipe_d_m":1.8,"barrels":1,"slope":0.0048,"length_m":1342,"manning_n":0.013,"capacity_m3s":7.958}},{"type":"Feature","geometry":{"type":"Point","coordinates":[72.89691,19.08602]},"properties":{"id":316,"type":"junction","ground_m":13.38,"invert_m":9.48,"down":332,"hops":5,"local_area_m2":1440000.0,"acc_area_m2":1440000.0,"runoff_c":0.751,"acc_ca_m2":1081296,"design_q_m3s":7.509,"blockage":0.194,"pipe_d_m":2.4,"barrels":1,"slope":0.0039,"length_m":2285,"manning_n":0.013,"capacity_m3s":15.485}},{"type":"Feature","geometry":{"type":"Point","coordinates":[72.91688,19.08602]},"properties":{"id":317,"type":"junction","ground_m":5.29,"invert_m":0.79,"down":333,"hops":4,"local_area_m2":1440000.0,"acc_area_m2":2880000.0,"runoff_c":0.73,"acc_ca_m2":2042388,"design_q_m3s":14.183,"blockage":0.053,"pipe_d_m":3.0,"barrels":1,"slope":0.0019,"length_m":1500,"manning_n":0.013,"capacity_m3s":19.702}},{"type":"Feature","geometry":{"type":"Point","coordinates":[72.92258,19.08602]},"properties":{"id":318,"type":"junction","ground_m":2.88,"invert_m":-1.62,"down":319,"hops":3,"local_area_m2":1440000.0,"acc_area_m2":4320000.0,"runoff_c":0.408,"acc_ca_m2":2437182,"design_q_m3s":16.925,"blockage":0.264,"pipe_d_m":3.0,"barrels":2,"slope":0.0011,"length_m":1237,"manning_n":0.013,"capacity_m3s":30.414}},{"type":"Feature","geometry":{"type":"Point","coordinates":[72.93399,19.08873]},"properties":{"id":319,"type":"junction","ground_m":1.46,"invert_m":-3.04,"down":335,"hops":2,"local_area_m2":1440000.0,"acc_area_m2":8640000.0,"runoff_c":0.3,"acc_ca_m2":4654422,"design_q_m3s":32.322,"blockage":0.292,"pipe_d_m":3.0,"barrels":3,"slope":0.001,"length_m":1082,"manning_n":0.013,"capacity_m3s":42.581}},{"type":"Feature","geometry":{"type":"Point","coordinates":[72.94825,19.08873]},"properties":{"id":320,"type":"junction","ground_m":1.52,"invert_m":-1.78,"down":321,"hops":1,"local_area_m2":1440000.0,"acc_area_m2":1440000.0,"runoff_c":0.3,"acc_ca_m2":432000,"design_q_m3s":3.0,"blockage":0.324,"pipe_d_m":1.8,"barrels":1,"slope":0.001,"length_m":949,"manning_n":0.013,"capacity_m3s":3.635}},{"type":"Feature","geometry":{"type":"Point","coordinates":[72.95681,19.09145]},"properties":{"id":321,"type":"outfall","ground_m":0.95,"invert_m":-3.55,"down":null,"hops":0,"local_area_m2":630000.0,"acc_area_m2":20430000.0,"runoff_c":0.3,"acc_ca_m2":9488502,"design_q_m3s":65.892,"blockage":0.09,"pipe_d_m":3.0,"barrels":4,"slope":0.0015,"length_m":300,"manning_n":0.013,"capacity_m3s":69.538}},{"type":"Feature","geometry":{"type":"Point","coordinates":[72.98533,19.08602]},"properties":{"id":322,"type":"outfall","ground_m":0.23,"invert_m":-3.07,"down":null,"hops":0,"local_area_m2":360000.0,"acc_area_m2":1440000.0,"runoff_c":0.3,"acc_ca_m2":452412,"design_q_m3s":3.142,"blockage":0.165,"pipe_d_m":1.8,"barrels":1,"slope":0.001,"length_m":300,"manning_n":0.013,"capacity_m3s":3.635}},{"type":"Feature","geometry":{"type":"Point","coordinates":[72.98818,19.09145]},"properties":{"id":323,"type":"junction","ground_m":1.1,"invert_m":-1.6,"down":322,"hops":1,"local_area_m2":360000.0,"acc_area_m2":360000.0,"runoff_c":0.3,"acc_ca_m2":108000,"design_q_m3s":0.75,"blockage":0.154,"pipe_d_m":1.2,"barrels":1,"slope":0.0013,"length_m":671,"manning_n":0.013,"capacity_m3s":1.404}},{"type":"Feature","geometry":{"type":"Point","coordinates":[72.82561,19.08059]},"properties":{"id":324,"type":"outfall","ground_m":1.17,"invert_m":-3.33,"down":null,"hops":0,"local_area_m2":540000.0,"acc_area_m2":6300000.0,"runoff_c":0.655,"acc_ca_m2":4503492,"design_q_m3s":31.274,"blockage":0.267,"pipe_d_m":3.0,"barrels":2,"slope":0.0022,"length_m":300,"manning_n":0.013,"capacity_m3s":42.421}},{"type":"Feature","geometry":{"type":"Point","coordinates":[72.82847,19.08059]},"properties":{"id":325,"type":"junction","ground_m":3.76,"invert_m":0.46,"down":324,"hops":1,"local_area_m2":1440000.0,"acc_area_m2":1440000.0,"runoff_c":0.724,"acc_ca_m2":1043064,"design_q_m3s":7.244,"blockage":0.23,"pipe_d_m":1.8,"barrels":1,"slope":0.0086,"length_m":300,"manning_n":0.013,"capacity_m3s":10.68}},{"type":"Feature","geometry":{"type":"Point","coordinates":[72.84843,19.07517]},"properties":{"id":326,"type":"junction","ground_m":4.27,"invert_m":0.37,"down":310,"hops":2,"local_area_m2":1440000.0,"acc_area_m2":1440000.0,"runoff_c":0.762,"acc_ca_m2":1097766,"design_q_m3s":7.623,"blockage":0.251,"pipe_d_m":2.4,"barrels":1,"slope":0.001,"length_m":2766,"manning_n":0.013,"capacity_m3s":7.828}},{"type":"Feature","geometry":{"type":"Point","coordinates":[72.85413,19.07517]},"properties":{"id":327,"type":"junction","ground_m":2.76,"invert_m":-1.14,"down":342,"hops":3,"local_area_m2":1440000.0,"acc_area_m2":2880000.0,"runoff_c":0.694,"acc_ca_m2":2093256,"design_q_m3s":14.536,"blockage":0.115,"pipe_d_m":2.4,"barrels":1,"slope":0.0052,"length_m":300,"manning_n":0.013,"capacity_m3s":17.795}},{"type":"Feature","geometry":{"type":"Point","coordinates":[72.87125,19.07517]},"properties":{"id":328,"type":"junction","ground_m":5.84,"invert_m":1.34,"down":342,"hops":3,"local_area_m2":1440000.0,"acc_area_m2":7200000.0,"runoff_c":0.719,"acc_ca_m2":5407398,"design_q_m3s":37.551,"blockage":0.2,"pipe_d_m":3.0,"barrels":2,"slope":0.0025,"length_m":1825,"manning_n":0.013,"capacity_m3s":45.215}},{"type":"Feature","geometry":{"type":"Point","coordinates":[72.8798,19.07788]},"properties":{"id":329,"type":"junction","ground_m":4.06,"invert_m":-0.44,"down":343,"hops":4,"local_area_m2":1440000.0,"acc_area_m2":4320000.0,"runoff_c":0.746,"acc_ca_m2":3213540,"design_q_m3s":22.316,"blockage":0.077,"pipe_d_m":3.0,"barrels":2,"slope":0.001,"length_m":1500,"manning_n":0.013,"capacity_m3s":28.387}},{"type":"Feature","geometry":{"type":"Point","coordinates":[72.89406,19.07517]},"properties":{"id":330,"type":"junction","ground_m":4.1,"invert_m":0.2,"down":329,"hops":5,"local_area_m2":1440000.0,"acc_area_m2":1440000.0,"runoff_c":0.695,"acc_ca_m2":1001268,"design_q_m3s":6.953,"blockage":0.139,"pipe_d_m":2.4,"barrels":1,"slope":0.001,"length_m":1530,"manning_n":0.013,"capacity_m3s":7.828}},{"type":"Feature","geometry":{"type":"Point","coordinates":[72.89691,19.07788]},"properties":{"id":331,"type":"junction","ground_m":5.38,"invert_m":1.48,"down":347,"hops":5,"local_area_m2":1440000.0,"acc_area_m2":1440000.0,"runoff_c":0.673,"acc_ca_m2":968922,"design_q_m3s":6.729,"blockage":0.387,"pipe_d_m":2.4,"barrels":1,"slope":0.0019,"length_m":2163,"manning_n":0.013,"capacity_m3s":10.881}},{"type":"Feature","geometry":{"type":"Point","coordinates":[72.91688,19.07788]},"properties":{"id":332,"type":"junction","ground_m":4.44,"invert_m":-0.06,"down":348,"hops":4,"local_area_m2":1440000.0,"acc_area_m2":2880000.0,"runoff_c":0.733,"acc_ca_m2":2136132,"design_q_m3s":14.834,"blockage":0.062,"pipe_d_m":3.0,"barrels":1,"slope":0.0025,"length_m":949,"manning_n":0.013,"capacity_m3s":22.482}},{"type":"Feature","geometry":{"type":"Point","coordinates":[72.92543,19.07517]},"properties":{"id":333,"type":"junction","ground_m":2.4,"invert_m":-2.1,"down":349,"hops":3,"local_area_m2":1440000.0,"acc_area_m2":4320000.0,"runoff_c":0.352,"acc_ca_m2":2549340,"design_q_m3s":17.704,"blockage":0.209,"pipe_d_m":3.0,"barrels":2,"slope":0.001,"length_m":1530,"manning_n":0.013,"capacity_m3s":28.387}},{"type":"Feature","geometry":{"type":"Point","coordinates":[72.93399,19.07788]},"properties":{"id":334,"type":"junction","ground_m":1.48,"invert_m":-1.82,"down":335,"hops":2,"local_area_m2":1080000.0,"acc_area_m2":1080000.0,"runoff_c":0.301,"acc_ca_m2":325566,"design_q_m3s":2.261,"blockage":0.392,"pipe_d_m":1.8,"barrels":1,"slope":0.001,"length_m":1082,"manning_n":0.013,"capacity_m3s":3.666}},{"type":"Feature","geometry":{"type":"Point","coordinates":[72.94255,19.08331]},"properties":{"id":335,"type":"junction","ground_m":0.38,"invert_m":-4.12,"down":321,"hops":1,"local_area_m2":1440000.0,"acc_area_m2":16920000.0,"runoff_c":0.302,"acc_ca_m2":8435502,"design_q_m3s":58.58,"blockage":0.063,"pipe_d_m":3.0,"barrels":5,"slope":0.001,"length_m":1749,"manning_n":0.013,"capacity_m3s":70.969}},{"type":"Feature","geometry":{"type":"Point","coordinates":[72.95681,19.08059]},"properties":{"id":336,"type":"outfall","ground_m":2.07,"invert_m":-0.63,"down":null,"hops":0,"local_area_m2":720000.0,"acc_area_m2":720000.0,"runoff_c":0.3,"acc_ca_m2":216000,"design_q_m3s":1.5,"blockage":0.134,"pipe_d_m":1.2,"barrels":1,"slope":0.0052,"length_m":300,"manning_n":0.013,"capacity_m3s":2.82}},{"type":"Feature","geometry":{"type":"Point","coordinates":[72.98533,19.07788]},"properties":{"id":337,"type":"outfall","ground_m":0.5,"invert_m":-1.9,"down":null,"hops":0,"local_area_m2":180000.0,"acc_area_m2":180000.0,"runoff_c":0.397,"acc_ca_m2":71496,"design_q_m3s":0.497,"blockage":0.074,"pipe_d_m":0.9,"barrels":1,"slope":0.001,"length_m":300,"manning_n":0.013,"capacity_m3s":0.572}},{"type":"Feature","geometry":{"type":"Point","coordinates":[72.98818,19.08059]},"properties":{"id":338,"type":"junction","ground_m":-0.4,"invert_m":-3.1,"down":322,"hops":1,"local_area_m2":360000.0,"acc_area_m2":360000.0,"runoff_c":0.356,"acc_ca_m2":128142,"design_q_m3s":0.89,"blockage":0.191,"pipe_d_m":1.2,"barrels":1,"slope":0.001,"length_m":671,"manning_n":0.013,"capacity_m3s":1.233}},{"type":"Feature","geometry":{"type":"Point","coordinates":[72.82276,19.06432]},"properties":{"id":339,"type":"outfall","ground_m":3.33,"invert_m":0.63,"down":null,"hops":0,"local_area_m2":720000.0,"acc_area_m2":720000.0,"runoff_c":0.584,"acc_ca_m2":420660,"design_q_m3s":2.921,"blockage":0.122,"pipe_d_m":1.2,"barrels":1,"slope":0.0094,"length_m":300,"manning_n":0.013,"capacity_m3s":3.786}},{"type":"Feature","geometry":{"type":"Point","coordinates":[72.83702,19.06432]},"properties":{"id":340,"type":"junction","ground_m":10.22,"invert_m":6.32,"down":324,"hops":1,"local_area_m2":1440000.0,"acc_area_m2":1440000.0,"runoff_c":0.765,"acc_ca_m2":1101816,"design_q_m3s":7.652,"blockage":0.196,"pipe_d_m":2.4,"barrels":1,"slope":0.0042,"length_m":2163,"manning_n":0.013,"capacity_m3s":16.012}},{"type":"Feature","geometry":{"type":"Point","coordinates":[72.84273,19.06432]},"properties":{"id":341,"type":"junction","ground_m":4.66,"invert_m":0.76,"down":356,"hops":2,"local_area_m2":1440000.0,"acc_area_m2":1440000.0,"runoff_c":0.771,"acc_ca_m2":1110618,"design_q_m3s":7.713,"blockage":0.146,"pipe_d_m":2.4,"barrels":1,"slope":0.0019,"length_m":1200,"manning_n":0.013,"capacity_m3s":10.72}},{"type":"Feature","geometry":{"type":"Point","coordinates":[72.85413,19.07246]},"properties":{"id":342,"type":"junction","ground_m":1.21,"invert_m":-3.29,"down":356,"hops":2,"local_area_m2":1440000.0,"acc_area_m2":11520000.0,"runoff_c":0.553,"acc_ca_m2":8296992,"design_q_m3s":57.618,"blockage":0.049,"pipe_d_m":3.0,"barrels":5,"slope":0.001,"length_m":2419,"manning_n":0.013,"capacity_m3s":70.969}},{"type":"Feature","geometry":{"type":"Point","coordinates":[72.86839,19.06974]},"properties":{"id":343,"type":"junction","ground_m":3.3,"invert_m":-1.2,"down":357,"hops":3,"local_area_m2":1350000.0,"acc_area_m2":5670000.0,"runoff_c":0.715,"acc_ca_m2":4179006,"design_q_m3s":29.021,"blockage":0.259,"pipe_d_m":3.0,"barrels":2,"slope":0.002,"length_m":1921,"manning_n":0.013,"capacity_m3s":40.552}},{"type":"Feature","geometry":{"type":"Point","coordinates":[72.8741,19.07246]},"properties":{"id":344,"type":"junction","ground_m":4.76,"invert_m":0.86,"down":358,"hops":4,"local_area_m2":1440000.0,"acc_area_m2":1440000.0,"runoff_c":0.78,"acc_ca_m2":1123470,"design_q_m3s":7.802,"blockage":0.153,"pipe_d_m":2.4,"barrels":1,"slope":0.0013,"length_m":1897,"manning_n":0.013,"capacity_m3s":9.04}},{"type":"Feature","geometry":{"type":"Point","coordinates":[72.89121,19.06974]},"properties":{"id":345,"type":"junction","ground_m":3.65,"invert_m":-0.25,"down":359,"hops":5,"local_area_m2":1440000.0,"acc_area_m2":1440000.0,"runoff_c":0.679,"acc_ca_m2":978426,"design_q_m3s":6.795,"blockage":0.143,"pipe_d_m":2.4,"barrels":1,"slope":0.001,"length_m":1921,"manning_n":0.013,"capacity_m3s":7.828}},{"type":"Feature","geometry":{"type":"Point","coordinates":[72.89691,19.07246]},"properties":{"id":346,"type":"junction","ground_m":4.78,"invert_m":0.88,"down":347,"hops":5,"local_area_m2":1440000.0,"acc_area_m2":1440000.0,"runoff_c":0.682,"acc_ca_m2":981990,"design_q_m3s":6.819,"blockage":0.251,"pipe_d_m":2.4,"barrels":1,"slope":0.0019,"length_m":1898,"manning_n":0.013,"capacity_m3s":10.753}},{"type":"Feature","geometry":{"type":"Point","coordinates":[72.91403,19.06703]},"properties":{"id":347,"type":"junction","ground_m":1.2,"invert_m":-3.3,"down":348,"hops":4,"local_area_m2":1440000.0,"acc_area_m2":4320000.0,"runoff_c":0.603,"acc_ca_m2":2819394,"design_q_m3s":19.579,"blockage":0.184,"pipe_d_m":3.0,"barrels":2,"slope":0.001,"length_m":671,"manning_n":0.013,"capacity_m3s":28.387}},{"type":"Feature","geometry":{"type":"Point","coordinates":[72.91973,19.06974]},"properties":{"id":348,"type":"junction","ground_m":2.06,"invert_m":-2.44,"down":364,"hops":3,"local_area_m2":1440000.0,"acc_area_m2":10080000.0,"runoff_c":0.636,"acc_ca_m2":6966864,"design_q_m3s":48.381,"blockage":0.112,"pipe_d_m":3.0,"barrels":4,"slope":0.001,"length_m":2581,"manning_n":0.013,"capacity_m3s":56.775}},{"type":"Feature","geometry":{"type":"Point","coordinates":[72.93969,19.07246]},"properties":{"id":349,"type":"junction","ground_m":1.33,"invert_m":-3.17,"down":335,"hops":2,"local_area_m2":1440000.0,"acc_area_m2":5760000.0,"runoff_c":0.327,"acc_ca_m2":3019950,"design_q_m3s":20.972,"blockage":0.032,"pipe_d_m":3.0,"barrels":2,"slope":0.001,"length_m":1237,"manning_n":0.013,"capacity_m3s":28.387}},{"type":"Feature","geometry":{"type":"Point","coordinates":[72.94825,19.06974]},"properties":{"id":350,"type":"junction","ground_m":1.25,"invert_m":-2.05,"down":366,"hops":1,"local_area_m2":1170000.0,"acc_area_m2":1170000.0,"runoff_c":0.305,"acc_ca_m2":357210,"design_q_m3s":2.481,"blockage":0.164,"pipe_d_m":1.8,"barrels":1,"slope":0.001,"length_m":2012,"manning_n":0.013,"capacity_m3s":3.635}},{"type":"Feature","geometry":{"type":"Point","coordinates":[72.95395,19.06432]},"properties":{"id":351,"type":"outfall","ground_m":1.07,"invert_m":-1.63,"down":null,"hops":0,"local_area_m2":630000.0,"acc_area_m2":630000.0,"runoff_c":0.3,"acc_ca_m2":189000,"design_q_m3s":1.312,"blockage":0.292,"pipe_d_m":1.2,"barrels":1,"slope":0.0019,"length_m":300,"manning_n":0.013,"capacity_m3s":1.699}},{"type":"Feature","geometry":{"type":"Point","coordinates":[72.98247,19.06974]},"properties":{"id":352,"type":"outfall","ground_m":0.4,"invert_m":-3.5,"down":null,"hops":0,"local_area_m2":720000.0,"acc_area_m2":1170000.0,"runoff_c":0.402,"acc_ca_m2":552136,"design_q_m3s":3.834,"blockage":0.133,"pipe_d_m":2.4,"barrels":1,"slope":0.001,"length_m":300,"manning_n":0.013,"capacity_m3s":7.828}},{"type":"Feature","geometry":{"type":"Point","coordinates":[72.98818,19.06432]},"properties":{"id":353,"type":"junction","ground_m":0.93,"invert_m":-2.07,"down":352,"hops":1,"local_area_m2":450000.0,"acc_area_m2":450000.0,"runoff_c":0.584,"acc_ca_m2":262912,"design_q_m3s":1.826,"blockage":0.164,"pipe_d_m":1.5,"barrels":1,"slope":0.001,"length_m":849,"manning_n":0.013,"capacity_m3s":2.235}},{"type":"Feature","geometry":{"type":"Point","coordinates":[72.82276,19.05346]},"properties":{"id":354,"type":"outfall","ground_m":5.71,"invert_m":3.01,"down":null,"hops":0,"local_area_m2":630000.0,"acc_area_m2":630000.0,"runoff_c":0.708,"acc_ca_m2":445986,"design_q_m3s":3.097,"blockage":0.182,"pipe_d_m":1.2,"barrels":1,"slope":0.0174,"length_m":300,"manning_n":0.013,"capacity_m3s":5.138}},{"type":"Feature","geometry":{"type":"Point","coordinates":[72.83702,19.05346]},"properties":{"id":355,"type":"junction","ground_m":7.64,"invert_m":4.34,"down":368,"hops":1,"local_area_m2":1440000.0,"acc_area_m2":1440000.0,"runoff_c":0.78,"acc_ca_m2":1123146,"design_q_m3s":7.8,"blockage":0.18,"pipe_d_m":1.8,"barrels":1,"slope":0.0054,"length_m":849,"manning_n":0.013,"capacity_m3s":8.454}},{"type":"Feature","geometry":{"type":"Point","coordinates":[72.84273,19.05346]},"properties":{"id":356,"type":"junction","ground_m":2.41,"invert_m":-2.09,"down":368,"hops":1,"local_area_m2":1440000.0,"acc_area_m2":14400000.0,"runoff_c":0.737,"acc_ca_m2":10469196,"design_q_m3s":72.703,"blockage":0.233,"pipe_d_m":3.0,"barrels":6,"slope":0.001,"length_m":1342,"manning_n":0.013,"capacity_m3s":85.162}},{"type":"Feature","geometry":{"type":"Point","coordinates":[72.85699,19.05618]},"properties":{"id":357,"type":"junction","ground_m":-0.62,"invert_m":-5.12,"down":369,"hops":2,"local_area_m2":1350000.0,"acc_area_m2":14040000.0,"runoff_c":0.531,"acc_ca_m2":9690840,"design_q_m3s":67.297,"blockage":0.374,"pipe_d_m":3.0,"barrels":5,"slope":0.001,"length_m":2013,"manning_n":0.013,"capacity_m3s":70.969}},{"type":"Feature","geometry":{"type":"Point","coordinates":[72.86839,19.05618]},"properties":{"id":358,"type":"junction","ground_m":2.23,"invert_m":-2.27,"down":357,"hops":3,"local_area_m2":1260000.0,"acc_area_m2":5580000.0,"runoff_c":0.62,"acc_ca_m2":3823794,"design_q_m3s":26.554,"blockage":0.127,"pipe_d_m":3.0,"barrels":2,"slope":0.0024,"length_m":1200,"manning_n":0.013,"capacity_m3s":43.746}},{"type":"Feature","geometry":{"type":"Point","coordinates":[72.8798,19.05618]},"properties":{"id":359,"type":"junction","ground_m":3.34,"invert_m":-1.16,"down":358,"hops":4,"local_area_m2":1440000.0,"acc_area_m2":2880000.0,"runoff_c":0.654,"acc_ca_m2":1919700,"design_q_m3s":13.331,"blockage":0.169,"pipe_d_m":3.0,"barrels":1,"slope":0.001,"length_m":1200,"manning_n":0.013,"capacity_m3s":14.194}},{"type":"Feature","geometry":{"type":"Point","coordinates":[72.89121,19.05889]},"properties":{"id":360,"type":"junction","ground_m":5.73,"invert_m":1.83,"down":374,"hops":4,"local_area_m2":1440000.0,"acc_area_m2":1440000.0,"runoff_c":0.734,"acc_ca_m2":1057536,"design_q_m3s":7.344,"blockage":0.181,"pipe_d_m":2.4,"barrels":1,"slope":0.001,"length_m":1342,"manning_n":0.013,"capacity_m3s":7.828}},{"type":"Feature","geometry":{"type":"Point","coordinates":[72.90547,19.0616]},"properties":{"id":361,"type":"junction","ground_m":5.66,"invert_m":1.76,"down":375,"hops":4,"local_area_m2":1440000.0,"acc_area_m2":1440000.0,"runoff_c":0.709,"acc_ca_m2":1020384,"design_q_m3s":7.086,"blockage":0.402,"pipe_d_m":2.4,"barrels":1,"slope":0.001,"length_m":1697,"manning_n":0.013,"capacity_m3s":7.828}},{"type":"Feature","geometry":{"type":"Point","coordinates":[72.90832,19.0616]},"properties":{"id":362,"type":"junction","ground_m":4.07,"invert_m":0.17,"down":348,"hops":4,"local_area_m2":1440000.0,"acc_area_m2":1440000.0,"runoff_c":0.761,"acc_ca_m2":1095822,"design_q_m3s":7.61,"blockage":0.174,"pipe_d_m":2.4,"barrels":1,"slope":0.0013,"length_m":1500,"manning_n":0.013,"capacity_m3s":9.062}},{"type":"Feature","geometry":{"type":"Point","coordinates":[72.92829,19.05346]},"properties":{"id":363,"type":"junction","ground_m":3.9,"invert_m":0.0,"down":364,"hops":3,"local_area_m2":1440000.0,"acc_area_m2":1440000.0,"runoff_c":0.779,"acc_ca_m2":1122390,"design_q_m3s":7.794,"blockage":0.271,"pipe_d_m":2.4,"barrels":1,"slope":0.0024,"length_m":1237,"manning_n":0.013,"capacity_m3s":12.211}},{"type":"Feature","geometry":{"type":"Point","coordinates":[72.93969,19.05618]},"properties":{"id":364,"type":"junction","ground_m":0.89,"invert_m":-3.61,"down":378,"hops":2,"local_area_m2":1440000.0,"acc_area_m2":14400000.0,"runoff_c":0.604,"acc_ca_m2":9710388,"design_q_m3s":67.433,"blockage":0.031,"pipe_d_m":3.0,"barrels":5,"slope":0.001,"length_m":1500,"manning_n":0.013,"capacity_m3s":70.969}},{"type":"Feature","geometry":{"type":"Point","coordinates":[72.94825,19.05889]},"properties":{"id":365,"type":"junction","ground_m":1.31,"invert_m":-1.99,"down":379,"hops":1,"local_area_m2":1080000.0,"acc_area_m2":1080000.0,"runoff_c":0.342,"acc_ca_m2":369630,"design_q_m3s":2.567,"blockage":0.126,"pipe_d_m":1.8,"barrels":1,"slope":0.001,"length_m":1273,"manning_n":0.013,"capacity_m3s":3.635}},{"type":"Feature","geometry":{"type":"Point","coordinates":[72.95681,19.05346]},"properties":{"id":366,"type":"outfall","ground_m":0.61,"invert_m":-3.29,"down":null,"hops":0,"local_area_m2":990000.0,"acc_area_m2":2160000.0,"runoff_c":0.359,"acc_ca_m2":712206,"design_q_m3s":4.946,"blockage":0.039,"pipe_d_m":2.4,"barrels":1,"slope":0.001,"length_m":600,"manning_n":0.013,"capacity_m3s":7.828}},{"type":"Feature","geometry":{"type":"Point","coordinates":[72.82276,19.04261]},"properties":{"id":367,"type":"outfall","ground_m":6.08,"invert_m":3.38,"down":null,"hops":0,"local_area_m2":810000.0,"acc_area_m2":810000.0,"runoff_c":0.609,"acc_ca_m2":493182,"design_q_m3s":3.425,"blockage":0.225,"pipe_d_m":1.2,"barrels":1,"slope":0.0186,"length_m":300,"manning_n":0.013,"capacity_m3s":5.317}},{"type":"Feature","geometry":{"type":"Point","coordinates":[72.83132,19.04804]},"properties":{"id":368,"type":"outfall","ground_m":3.05,"invert_m":-1.45,"down":null,"hops":0,"local_area_m2":630000.0,"acc_area_m2":36270000.0,"runoff_c":0.751,"acc_ca_m2":25970868,"design_q_m3s":180.353,"blockage":0.044,"pipe_d_m":3.0,"barrels":5,"slope":0.0085,"length_m":300,"manning_n":0.013,"capacity_m3s":206.916}},{"type":"Feature","geometry":{"type":"Point","coordinates":[72.83987,19.04804]},"properties":{"id":369,"type":"junction","ground_m":1.98,"invert_m":-2.52,"down":368,"hops":1,"local_area_m2":1440000.0,"acc_area_m2":18360000.0,"runoff_c":0.619,"acc_ca_m2":12778398,"design_q_m3s":88.739,"blockage":0.217,"pipe_d_m":3.0,"barrels":7,"slope":0.001,"length_m":900,"manning_n":0.013,"capacity_m3s":99.356}},{"type":"Feature","geometry":{"type":"Point","coordinates":[72.85128,19.04804]},"properties":{"id":370,"type":"junction","ground_m":2.05,"invert_m":-1.85,"down":369,"hops":2,"local_area_m2":1440000.0,"acc_area_m2":1440000.0,"runoff_c":0.749,"acc_ca_m2":1078488,"design_q_m3s":7.49,"blockage":0.321,"pipe_d_m":2.4,"barrels":1,"slope":0.001,"length_m":1200,"manning_n":0.013,"capacity_m3s":7.828}},{"type":"Feature","geometry":{"type":"Point","coordinates":[72.86554,19.05075]},"properties":{"id":371,"type":"junction","ground_m":4.19,"invert_m":0.89,"down":357,"hops":3,"local_area_m2":1440000.0,"acc_area_m2":1440000.0,"runoff_c":0.675,"acc_ca_m2":971406,"design_q_m3s":6.746,"blockage":0.068,"pipe_d_m":1.8,"barrels":1,"slope":0.0044,"length_m":1082,"manning_n":0.013,"capacity_m3s":7.665}},{"type":"Feature","geometry":{"type":"Point","coordinates":[72.8798,19.04261]},"properties":{"id":372,"type":"junction","ground_m":2.36,"invert_m":-1.54,"down":384,"hops":4,"local_area_m2":1440000.0,"acc_area_m2":1440000.0,"runoff_c":0.571,"acc_ca_m2":822042,"design_q_m3s":5.709,"blockage":0.038,"pipe_d_m":2.4,"barrels":1,"slope":0.0015,"length_m":1342,"manning_n":0.013,"capacity_m3s":9.653}},{"type":"Feature","geometry":{"type":"Point","coordinates":[72.88836,19.04533]},"properties":{"id":373,"type":"junction","ground_m":2.94,"invert_m":-0.96,"down":384,"hops":4,"local_area_m2":1440000.0,"acc_area_m2":1440000.0,"runoff_c":0.674,"acc_ca_m2":970866,"design_q_m3s":6.742,"blockage":0.219,"pipe_d_m":2.4,"barrels":1,"slope":0.0017,"length_m":1530,"manning_n":0.013,"capacity_m3s":10.245}},{"type":"Feature","geometry":{"type":"Point","coordinates":[72.89691,19.04804]},"properties":{"id":374,"type":"junction","ground_m":12.62,"invert_m":8.12,"down":386,"hops":3,"local_area_m2":1440000.0,"acc_area_m2":2880000.0,"runoff_c":0.559,"acc_ca_m2":1863108,"design_q_m3s":12.938,"blockage":0.239,"pipe_d_m":3.0,"barrels":1,"slope":0.001,"length_m":2285,"manning_n":0.013,"capacity_m3s":14.194}},{"type":"Feature","geometry":{"type":"Point","coordinates":[72.91688,19.05075]},"properties":{"id":375,"type":"junction","ground_m":11.01,"invert_m":6.51,"down":387,"hops":3,"local_area_m2":1440000.0,"acc_area_m2":2880000.0,"runoff_c":0.611,"acc_ca_m2":1900854,"design_q_m3s":13.2,"blockage":0.24,"pipe_d_m":3.0,"barrels":1,"slope":0.001,"length_m":1697,"manning_n":0.013,"capacity_m3s":14.194}},{"type":"Feature","geometry":{"type":"Point","coordinates":[72.92829,19.05075]},"properties":{"id":376,"type":"junction","ground_m":2.23,"invert_m":-1.67,"down":364,"hops":3,"local_area_m2":1440000.0,"acc_area_m2":1440000.0,"runoff_c":0.522,"acc_ca_m2":751680,"design_q_m3s":5.22,"blockage":0.11,"pipe_d_m":2.4,"barrels":1,"slope":0.001,"length_m":1342,"manning_n":0.013,"capacity_m3s":7.828}},{"type":"Feature","geometry":{"type":"Point","coordinates":[72.93969,19.05075]},"properties":{"id":377,"type":"junction","ground_m":3.02,"invert_m":-0.88,"down":378,"hops":2,"local_area_m2":1440000.0,"acc_area_m2":1440000.0,"runoff_c":0.55,"acc_ca_m2":792126,"design_q_m3s":5.501,"blockage":0.306,"pipe_d_m":2.4,"barrels":1,"slope":0.0017,"length_m":1082,"manning_n":0.013,"capacity_m3s":10.348}},{"type":"Feature","geometry":{"type":"Point","coordinates":[72.94825,19.04533]},"properties":{"id":378,"type":"junction","ground_m":1.13,"invert_m":-3.37,"down":379,"hops":1,"local_area_m2":1260000.0,"acc_area_m2":18540000.0,"runoff_c":0.382,"acc_ca_m2":11573064,"design_q_m3s":80.368,"blockage":0.275,"pipe_d_m":3.0,"barrels":6,"slope":0.001,"length_m":1082,"manning_n":0.013,"capacity_m3s":85.162}},{"type":"Feature","geometry":{"type":"Point","coordinates":[72.95681,19.05075]},"properties":{"id":379,"type":"outfall","ground_m":0.28,"invert_m":-4.22,"down":null,"hops":0,"local_area_m2":900000.0,"acc_area_m2":21960000.0,"runoff_c":0.3,"acc_ca_m2":12933108,"design_q_m3s":89.813,"blockage":0.175,"pipe_d_m":3.0,"barrels":7,"slope":0.001,"length_m":600,"manning_n":0.013,"capacity_m3s":99.356}},{"type":"Feature","geometry":{"type":"Point","coordinates":[72.84843,19.03719]},"properties":{"id":380,"type":"junction","ground_m":4.84,"invert_m":0.94,"down":368,"hops":1,"local_area_m2":1440000.0,"acc_area_m2":1440000.0,"runoff_c":0.783,"acc_ca_m2":1126818,"design_q_m3s":7.825,"blockage":0.232,"pipe_d_m":2.4,"barrels":1,"slope":0.001,"length_m":2163,"manning_n":0.013,"capacity_m3s":7.828}},{"type":"Feature","geometry":{"type":"Point","coordinates":[72.85128,19.03719]},"properties":{"id":381,"type":"junction","ground_m":5.07,"invert_m":1.17,"down":369,"hops":2,"local_area_m2":1440000.0,"acc_area_m2":1440000.0,"runoff_c":0.776,"acc_ca_m2":1118070,"design_q_m3s":7.764,"blockage":0.141,"pipe_d_m":2.4,"barrels":1,"slope":0.0018,"length_m":1697,"manning_n":0.013,"capacity_m3s":10.563}},{"type":"Feature","geometry":{"type":"Point","coordinates":[72.87125,19.0399]},"properties":{"id":382,"type":"junction","ground_m":3.67,"invert_m":-0.23,"down":396,"hops":3,"local_area_m2":1440000.0,"acc_area_m2":1440000.0,"runoff_c":0.736,"acc_ca_m2":1060506,"design_q_m3s":7.365,"blockage":0.328,"pipe_d_m":2.4,"barrels":1,"slope":0.002,"length_m":1697,"manning_n":0.013,"capacity_m3s":10.933}},{"type":"Feature","geometry":{"type":"Point","coordinates":[72.88265,19.03447]},"properties":{"id":383,"type":"junction","ground_m":1.05,"invert_m":-2.25,"down":397,"hops":3,"local_area_m2":1440000.0,"acc_area_m2":1440000.0,"runoff_c":0.603,"acc_ca_m2":868266,"design_q_m3s":6.03,"blockage":0.223,"pipe_d_m":1.8,"barrels":1,"slope":0.0038,"length_m":671,"manning_n":0.013,"capacity_m3s":7.115}},{"type":"Feature","geometry":{"type":"Point","coordinates":[72.88551,19.03176]},"properties":{"id":384,"type":"junction","ground_m":0.32,"invert_m":-3.58,"down":397,"hops":3,"local_area_m2":1440000.0,"acc_area_m2":4320000.0,"runoff_c":0.617,"acc_ca_m2":2681424,"design_q_m3s":18.621,"blockage":0.185,"pipe_d_m":2.4,"barrels":1,"slope":0.0061,"length_m":300,"manning_n":0.013,"capacity_m3s":19.388}},{"type":"Feature","geometry":{"type":"Point","coordinates":[72.89691,19.03176]},"properties":{"id":385,"type":"junction","ground_m":13.81,"invert_m":10.81,"down":397,"hops":3,"local_area_m2":1440000.0,"acc_area_m2":1440000.0,"runoff_c":0.547,"acc_ca_m2":787752,"design_q_m3s":5.47,"blockage":0.351,"pipe_d_m":1.5,"barrels":1,"slope":0.0124,"length_m":1237,"manning_n":0.013,"capacity_m3s":7.869}},{"type":"Feature","geometry":{"type":"Point","coordinates":[72.91688,19.0399]},"properties":{"id":386,"type":"junction","ground_m":28.88,"invert_m":24.98,"down":400,"hops":2,"local_area_m2":1440000.0,"acc_area_m2":4320000.0,"runoff_c":0.414,"acc_ca_m2":2458890,"design_q_m3s":17.076,"blockage":0.309,"pipe_d_m":2.4,"barrels":1,"slope":0.0088,"length_m":2419,"manning_n":0.013,"capacity_m3s":23.253}},{"type":"Feature","geometry":{"type":"Point","coordinates":[72.92829,19.0399]},"properties":{"id":387,"type":"junction","ground_m":14.34,"invert_m":10.44,"down":401,"hops":2,"local_area_m2":1440000.0,"acc_area_m2":4320000.0,"runoff_c":0.512,"acc_ca_m2":2638818,"design_q_m3s":18.325,"blockage":0.076,"pipe_d_m":2.4,"barrels":1,"slope":0.006,"length_m":2012,"manning_n":0.013,"capacity_m3s":19.235}},{"type":"Feature","geometry":{"type":"Point","coordinates":[72.93114,19.0399]},"properties":{"id":388,"type":"junction","ground_m":13.74,"invert_m":10.74,"down":378,"hops":2,"local_area_m2":1440000.0,"acc_area_m2":1440000.0,"runoff_c":0.409,"acc_ca_m2":589086,"design_q_m3s":4.091,"blockage":0.136,"pipe_d_m":1.5,"barrels":1,"slope":0.0066,"length_m":1898,"manning_n":0.013,"capacity_m3s":5.763}},{"type":"Feature","geometry":{"type":"Point","coordinates":[72.9511,19.0399]},"properties":{"id":389,"type":"junction","ground_m":2.87,"invert_m":-0.43,"down":379,"hops":1,"local_area_m2":1440000.0,"acc_area_m2":1440000.0,"runoff_c":0.5,"acc_ca_m2":720414,"design_q_m3s":5.003,"blockage":0.082,"pipe_d_m":1.8,"barrels":1,"slope":0.0019,"length_m":1342,"manning_n":0.013,"capacity_m3s":5.051}},{"type":"Feature","geometry":{"type":"Point","coordinates":[72.95395,19.03447]},"properties":{"id":390,"type":"outfall","ground_m":1.72,"invert_m":-1.28,"down":null,"hops":0,"local_area_m2":900000.0,"acc_area_m2":900000.0,"runoff_c":0.3,"acc_ca_m2":270162,"design_q_m3s":1.876,"blockage":0.079,"pipe_d_m":1.5,"barrels":1,"slope":0.002,"length_m":600,"manning_n":0.013,"capacity_m3s":3.187}},{"type":"Feature","geometry":{"type":"Point","coordinates":[72.81706,19.02362]},"properties":{"id":391,"type":"outfall","ground_m":4.34,"invert_m":1.04,"down":null,"hops":0,"local_area_m2":180000.0,"acc_area_m2":1620000.0,"runoff_c":0.649,"acc_ca_m2":1236384,"design_q_m3s":8.586,"blockage":0.128,"pipe_d_m":1.8,"barrels":1,"slope":0.0128,"length_m":300,"manning_n":0.013,"capacity_m3s":13.005}},{"type":"Feature","geometry":{"type":"Point","coordinates":[72.83702,19.02905]},"properties":{"id":392,"type":"outfall","ground_m":8.16,"invert_m":4.86,"down":null,"hops":0,"local_area_m2":630000.0,"acc_area_m2":3510000.0,"runoff_c":0.661,"acc_ca_m2":2596752,"design_q_m3s":18.033,"blockage":0.143,"pipe_d_m":1.8,"barrels":1,"slope":0.0255,"length_m":300,"manning_n":0.013,"capacity_m3s":18.368}},{"type":"Feature","geometry":{"type":"Point","coordinates":[72.84843,19.02633]},"properties":{"id":393,"type":"junction","ground_m":4.43,"invert_m":0.53,"down":392,"hops":1,"local_area_m2":1440000.0,"acc_area_m2":1440000.0,"runoff_c":0.77,"acc_ca_m2":1109106,"design_q_m3s":7.702,"blockage":0.301,"pipe_d_m":2.4,"barrels":1,"slope":0.001,"length_m":1237,"manning_n":0.013,"capacity_m3s":7.828}},{"type":"Feature","geometry":{"type":"Point","coordinates":[72.85128,19.02905]},"properties":{"id":394,"type":"junction","ground_m":6.07,"invert_m":2.17,"down":408,"hops":2,"local_area_m2":1440000.0,"acc_area_m2":1440000.0,"runoff_c":0.739,"acc_ca_m2":1064340,"design_q_m3s":7.391,"blockage":0.193,"pipe_d_m":2.4,"barrels":1,"slope":0.0022,"length_m":2766,"manning_n":0.013,"capacity_m3s":11.597}},{"type":"Feature","geometry":{"type":"Point","coordinates":[72.87125,19.02905]},"properties":{"id":395,"type":"junction","ground_m":4.14,"invert_m":0.84,"down":409,"hops":2,"local_area_m2":1440000.0,"acc_area_m2":1440000.0,"runoff_c":0.651,"acc_ca_m2":936954,"design_q_m3s":6.507,"blockage":0.063,"pipe_d_m":1.8,"barrels":1,"slope":0.0044,"length_m":1342,"manning_n":0.013,"capacity_m3s":7.649}},{"type":"Feature","geometry":{"type":"Point","coordinates":[72.88265,19.02905]},"properties":{"id":396,"type":"junction","ground_m":0.36,"invert_m":-4.14,"down":409,"hops":2,"local_area_m2":1440000.0,"acc_area_m2":2880000.0,"runoff_c":0.485,"acc_ca_m2":1759374,"design_q_m3s":12.218,"blockage":0.204,"pipe_d_m":3.0,"barrels":1,"slope":0.0016,"length_m":1342,"manning_n":0.013,"capacity_m3s":18.01}},{"type":"Feature","geometry":{"type":"Point","coordinates":[72.88551,19.02905]},"properties":{"id":397,"type":"junction","ground_m":-1.52,"invert_m":-6.02,"down":409,"hops":2,"local_area_m2":1440000.0,"acc_area_m2":8640000.0,"runoff_c":0.611,"acc_ca_m2":5216562,"design_q_m3s":36.226,"blockage":0.071,"pipe_d_m":3.0,"barrels":3,"slope":0.001,"length_m":1500,"manning_n":0.013,"capacity_m3s":42.581}},{"type":"Feature","geometry":{"type":"Point","coordinates":[72.89691,19.02091]},"properties":{"id":398,"type":"junction","ground_m":7.91,"invert_m":4.61,"down":410,"hops":2,"local_area_m2":1440000.0,"acc_area_m2":1440000.0,"runoff_c":0.684,"acc_ca_m2":985500,"design_q_m3s":6.844,"blockage":0.315,"pipe_d_m":1.8,"barrels":1,"slope":0.0049,"length_m":1697,"manning_n":0.013,"capacity_m3s":8.048}},{"type":"Feature","geometry":{"type":"Point","coordinates":[72.90832,19.02091]},"properties":{"id":399,"type":"junction","ground_m":33.37,"invert_m":30.67,"down":413,"hops":2,"local_area_m2":1440000.0,"acc_area_m2":1440000.0,"runoff_c":0.36,"acc_ca_m2":518292,"design_q_m3s":3.599,"blockage":0.16,"pipe_d_m":1.2,"barrels":1,"slope":0.0126,"length_m":2419,"manning_n":0.013,"capacity_m3s":4.374}},{"type":"Feature","geometry":{"type":"Point","coordinates":[72.92829,19.02091]},"properties":{"id":400,"type":"junction","ground_m":7.54,"invert_m":3.64,"down":414,"hops":1,"local_area_m2":1440000.0,"acc_area_m2":5760000.0,"runoff_c":0.355,"acc_ca_m2":2969460,"design_q_m3s":20.621,"blockage":0.234,"pipe_d_m":2.4,"barrels":1,"slope":0.0078,"length_m":1273,"manning_n":0.013,"capacity_m3s":21.888}},{"type":"Feature","geometry":{"type":"Point","coordinates":[72.93684,19.02362]},"properties":{"id":401,"type":"junction","ground_m":2.19,"invert_m":-2.31,"down":414,"hops":1,"local_area_m2":1440000.0,"acc_area_m2":5760000.0,"runoff_c":0.334,"acc_ca_m2":3119958,"design_q_m3s":21.666,"blockage":0.382,"pipe_d_m":3.0,"barrels":1,"slope":0.0038,"length_m":1200,"manning_n":0.013,"capacity_m3s":27.791}},{"type":"Feature","geometry":{"type":"Point","coordinates":[72.9511,19.02362]},"properties":{"id":402,"type":"junction","ground_m":1.47,"invert_m":-1.53,"down":414,"hops":1,"local_area_m2":1440000.0,"acc_area_m2":1440000.0,"runoff_c":0.3,"acc_ca_m2":432230,"design_q_m3s":3.002,"blockage":0.154,"pipe_d_m":1.5,"barrels":1,"slope":0.002,"length_m":1921,"manning_n":0.013,"capacity_m3s":3.177}},{"type":"Feature","geometry":{"type":"Point","coordinates":[72.95395,19.02633]},"properties":{"id":403,"type":"outfall","ground_m":1.9,"invert_m":-0.5,"down":null,"hops":0,"local_area_m2":270000.0,"acc_area_m2":270000.0,"runoff_c":0.301,"acc_ca_m2":81216,"design_q_m3s":0.564,"blockage":0.216,"pipe_d_m":0.9,"barrels":1,"slope":0.0047,"length_m":300,"manning_n":0.013,"capacity_m3s":1.237}},{"type":"Feature","geometry":{"type":"Point","coordinates":[72.81991,19.0182]},"properties":{"id":404,"type":"junction","ground_m":4.62,"invert_m":0.72,"down":415,"hops":1,"local_area_m2":1350000.0,"acc_area_m2":1350000.0,"runoff_c":0.665,"acc_ca_m2":898128,"design_q_m3s":6.237,"blockage":0.141,"pipe_d_m":2.4,"barrels":1,"slope":0.001,"length_m":2012,"manning_n":0.013,"capacity_m3s":7.828}},{"type":"Feature","geometry":{"type":"Point","coordinates":[72.83702,19.01006]},"properties":{"id":405,"type":"junction","ground_m":5.66,"invert_m":1.76,"down":391,"hops":1,"local_area_m2":1440000.0,"acc_area_m2":1440000.0,"runoff_c":0.778,"acc_ca_m2":1119636,"design_q_m3s":7.775,"blockage":0.442,"pipe_d_m":2.4,"barrels":1,"slope":0.001,"length_m":2581,"manning_n":0.013,"capacity_m3s":7.828}},{"type":"Feature","geometry":{"type":"Point","coordinates":[72.83987,19.01277]},"properties":{"id":406,"type":"junction","ground_m":4.92,"invert_m":1.02,"down":392,"hops":1,"local_area_m2":1440000.0,"acc_area_m2":1440000.0,"runoff_c":0.744,"acc_ca_m2":1071252,"design_q_m3s":7.439,"blockage":0.169,"pipe_d_m":2.4,"barrels":1,"slope":0.001,"length_m":1825,"manning_n":0.013,"capacity_m3s":7.828}},{"type":"Feature","geometry":{"type":"Point","coordinates":[72.85984,19.01277]},"properties":{"id":407,"type":"junction","ground_m":4.14,"invert_m":0.24,"down":420,"hops":1,"local_area_m2":1440000.0,"acc_area_m2":1440000.0,"runoff_c":0.681,"acc_ca_m2":981072,"design_q_m3s":6.813,"blockage":0.37,"pipe_d_m":2.4,"barrels":1,"slope":0.0022,"length_m":1342,"manning_n":0.013,"capacity_m3s":11.627}},{"type":"Feature","geometry":{"type":"Point","coordinates":[72.87125,19.01277]},"properties":{"id":408,"type":"junction","ground_m":0.0,"invert_m":-4.5,"down":421,"hops":1,"local_area_m2":1440000.0,"acc_area_m2":2880000.0,"runoff_c":0.593,"acc_ca_m2":1918728,"design_q_m3s":13.324,"blockage":0.272,"pipe_d_m":3.0,"barrels":1,"slope":0.001,"length_m":849,"manning_n":0.013,"capacity_m3s":14.194}},{"type":"Feature","geometry":{"type":"Point","coordinates":[72.87695,19.0182]},"properties":{"id":409,"type":"junction","ground_m":-1.8,"invert_m":-6.3,"down":422,"hops":1,"local_area_m2":1260000.0,"acc_area_m2":14220000.0,"runoff_c":0.313,"acc_ca_m2":8307414,"design_q_m3s":57.69,"blockage":0.208,"pipe_d_m":3.0,"barrels":5,"slope":0.001,"length_m":1749,"manning_n":0.013,"capacity_m3s":70.969}},{"type":"Feature","geometry":{"type":"Point","coordinates":[72.88551,19.01006]},"properties":{"id":410,"type":"junction","ground_m":-0.41,"invert_m":-4.91,"down":422,"hops":1,"local_area_m2":1440000.0,"acc_area_m2":2880000.0,"runoff_c":0.612,"acc_ca_m2":1867104,"design_q_m3s":12.966,"blockage":0.304,"pipe_d_m":3.0,"barrels":1,"slope":0.001,"length_m":600,"manning_n":0.013,"capacity_m3s":14.194}},{"type":"Feature","geometry":{"type":"Point","coordinates":[72.89691,19.01277]},"properties":{"id":411,"type":"junction","ground_m":6.25,"invert_m":2.35,"down":422,"hops":1,"local_area_m2":1440000.0,"acc_area_m2":1440000.0,"runoff_c":0.82,"acc_ca_m2":1180602,"design_q_m3s":8.199,"blockage":0.157,"pipe_d_m":2.4,"barrels":1,"slope":0.0044,"length_m":1500,"manning_n":0.013,"capacity_m3s":16.445}},{"type":"Feature","geometry":{"type":"Point","coordinates":[72.90832,19.0182]},"properties":{"id":412,"type":"junction","ground_m":27.51,"invert_m":24.81,"down":425,"hops":1,"local_area_m2":1440000.0,"acc_area_m2":1440000.0,"runoff_c":0.346,"acc_ca_m2":497610,"design_q_m3s":3.456,"blockage":0.213,"pipe_d_m":1.2,"barrels":1,"slope":0.0122,"length_m":2163,"manning_n":0.013,"capacity_m3s":4.315}},{"type":"Feature","geometry":{"type":"Point","coordinates":[72.92829,19.01006]},"properties":{"id":413,"type":"junction","ground_m":2.92,"invert_m":-0.38,"down":414,"hops":1,"local_area_m2":1440000.0,"acc_area_m2":2880000.0,"runoff_c":0.45,"acc_ca_m2":1165590,"design_q_m3s":8.094,"blockage":0.351,"pipe_d_m":1.8,"barrels":1,"slope":0.0056,"length_m":949,"manning_n":0.013,"capacity_m3s":8.616}},{"type":"Feature","geometry":{"type":"Point","coordinates":[72.93684,19.01277]},"properties":{"id":414,"type":"outfall","ground_m":-2.41,"invert_m":-6.91,"down":null,"hops":0,"local_area_m2":1080000.0,"acc_area_m2":16920000.0,"runoff_c":0.3,"acc_ca_m2":8011238,"design_q_m3s":55.634,"blockage":0.094,"pipe_d_m":3.0,"barrels":4,"slope":0.001,"length_m":300,"manning_n":0.013,"capacity_m3s":56.775}},{"type":"Feature","geometry":{"type":"Point","coordinates":[72.81135,19.00192]},"properties":{"id":415,"type":"outfall","ground_m":3.79,"invert_m":0.49,"down":null,"hops":0,"local_area_m2":540000.0,"acc_area_m2":1890000.0,"runoff_c":0.618,"acc_ca_m2":1231740,"design_q_m3s":8.554,"blockage":0.119,"pipe_d_m":1.8,"barrels":1,"slope":0.011,"length_m":300,"manning_n":0.013,"capacity_m3s":12.038}},{"type":"Feature","geometry":{"type":"Point","coordinates":[72.82276,18.9992]},"properties":{"id":416,"type":"junction","ground_m":6.23,"invert_m":2.33,"down":426,"hops":1,"local_area_m2":1440000.0,"acc_area_m2":1440000.0,"runoff_c":0.692,"acc_ca_m2":997164,"design_q_m3s":6.925,"blockage":0.108,"pipe_d_m":2.4,"barrels":1,"slope":0.0032,"length_m":1237,"manning_n":0.013,"capacity_m3s":13.918}},{"type":"Feature","geometry":{"type":"Point","coordinates":[72.83702,19.00734]},"properties":{"id":417,"type":"junction","ground_m":5.26,"invert_m":1.36,"down":427,"hops":2,"local_area_m2":1440000.0,"acc_area_m2":1440000.0,"runoff_c":0.746,"acc_ca_m2":1074330,"design_q_m3s":7.461,"blockage":0.357,"pipe_d_m":2.4,"barrels":1,"slope":0.0012,"length_m":2766,"manning_n":0.013,"capacity_m3s":8.473}},{"type":"Feature","geometry":{"type":"Point","coordinates":[72.83987,19.00734]},"properties":{"id":418,"type":"junction","ground_m":8.9,"invert_m":5.0,"down":430,"hops":1,"local_area_m2":1440000.0,"acc_area_m2":1440000.0,"runoff_c":0.712,"acc_ca_m2":1025676,"design_q_m3s":7.123,"blockage":0.214,"pipe_d_m":2.4,"barrels":1,"slope":0.0021,"length_m":2419,"manning_n":0.013,"capacity_m3s":11.367}},{"type":"Feature","geometry":{"type":"Point","coordinates":[72.85984,19.00463]},"properties":{"id":419,"type":"junction","ground_m":4.24,"invert_m":0.34,"down":420,"hops":1,"local_area_m2":1440000.0,"acc_area_m2":1440000.0,"runoff_c":0.669,"acc_ca_m2":963738,"design_q_m3s":6.693,"blockage":0.067,"pipe_d_m":2.4,"barrels":1,"slope":0.0025,"length_m":1237,"manning_n":0.013,"capacity_m3s":12.312}},{"type":"Feature","geometry":{"type":"Point","coordinates":[72.87125,19.00734]},"properties":{"id":420,"type":"outfall","ground_m":1.18,"invert_m":-3.32,"down":null,"hops":0,"local_area_m2":630000.0,"acc_area_m2":3510000.0,"runoff_c":0.394,"acc_ca_m2":2192778,"design_q_m3s":15.228,"blockage":0.275,"pipe_d_m":3.0,"barrels":1,"slope":0.0023,"length_m":300,"manning_n":0.013,"capacity_m3s":21.37}},{"type":"Feature","geometry":{"type":"Point","coordinates":[72.87695,19.00734]},"properties":{"id":421,"type":"outfall","ground_m":0.53,"invert_m":-3.97,"down":null,"hops":0,"local_area_m2":270000.0,"acc_area_m2":3150000.0,"runoff_c":0.3,"acc_ca_m2":1999728,"design_q_m3s":13.887,"blockage":0.022,"pipe_d_m":3.0,"barrels":1,"slope":0.001,"length_m":300,"manning_n":0.013,"capacity_m3s":14.194}},{"type":"Feature","geometry":{"type":"Point","coordinates":[72.88551,19.00463]},"properties":{"id":422,"type":"outfall","ground_m":-0.37,"invert_m":-4.87,"down":null,"hops":0,"local_area_m2":1350000.0,"acc_area_m2":21420000.0,"runoff_c":0.366,"acc_ca_m2":12810822,"design_q_m3s":88.964,"blockage":0.355,"pipe_d_m":3.0,"barrels":7,"slope":0.001,"length_m":300,"manning_n":0.013,"capacity_m3s":99.356}},{"type":"Feature","geometry":{"type":"Point","coordinates":[72.89691,18.9992]},"properties":{"id":423,"type":"junction","ground_m":3.81,"invert_m":-0.09,"down":422,"hops":1,"local_area_m2":1530000.0,"acc_area_m2":1530000.0,"runoff_c":0.629,"acc_ca_m2":961949,"design_q_m3s":6.68,"blockage":0.185,"pipe_d_m":2.4,"barrels":1,"slope":0.0031,"length_m":1342,"manning_n":0.013,"capacity_m3s":13.817}},{"type":"Feature","geometry":{"type":"Point","coordinates":[72.91688,18.9992]},"properties":{"id":424,"type":"junction","ground_m":0.28,"invert_m":-3.02,"down":425,"hops":1,"local_area_m2":1440000.0,"acc_area_m2":1440000.0,"runoff_c":0.341,"acc_ca_m2":490752,"design_q_m3s":3.408,"blockage":0.071,"pipe_d_m":1.8,"barrels":1,"slope":0.001,"length_m":424,"manning_n":0.013,"capacity_m3s":3.635}},{"type":"Feature","geometry":{"type":"Point","coordinates":[72.91973,19.00192]},"properties":{"id":425,"type":"outfall","ground_m":1.01,"invert_m":-2.89,"down":null,"hops":0,"local_area_m2":630000.0,"acc_area_m2":3510000.0,"runoff_c":0.339,"acc_ca_m2":1201986,"design_q_m3s":8.347,"blockage":0.128,"pipe_d_m":2.4,"barrels":1,"slope":0.0017,"length_m":300,"manning_n":0.013,"capacity_m3s":10.207}},{"type":"Feature","geometry":{"type":"Point","coordinates":[72.81135,18.99649]},"properties":{"id":426,"type":"outfall","ground_m":2.32,"invert_m":-2.18,"down":null,"hops":0,"local_area_m2":450000.0,"acc_area_m2":9090000.0,"runoff_c":0.703,"acc_ca_m2":6240510,"design_q_m3s":43.337,"blockage":0.186,"pipe_d_m":3.0,"barrels":2,"slope":0.0061,"length_m":300,"manning_n":0.013,"capacity_m3s":69.923}},{"type":"Feature","geometry":{"type":"Point","coordinates":[72.81991,18.98835]},"properties":{"id":427,"type":"junction","ground_m":2.02,"invert_m":-2.48,"down":426,"hops":1,"local_area_m2":1440000.0,"acc_area_m2":2880000.0,"runoff_c":0.659,"acc_ca_m2":2022624,"design_q_m3s":14.046,"blockage":0.095,"pipe_d_m":3.0,"barrels":1,"slope":0.001,"length_m":1273,"manning_n":0.013,"capacity_m3s":14.194}},{"type":"Feature","geometry":{"type":"Point","coordinates":[72.83132,18.99649]},"properties":{"id":428,"type":"junction","ground_m":5.89,"invert_m":1.99,"down":432,"hops":2,"local_area_m2":1440000.0,"acc_area_m2":1440000.0,"runoff_c":0.763,"acc_ca_m2":1099440,"design_q_m3s":7.635,"blockage":0.133,"pipe_d_m":2.4,"barrels":1,"slope":0.0036,"length_m":1921,"manning_n":0.013,"capacity_m3s":14.826}},{"type":"Feature","geometry":{"type":"Point","coordinates":[72.84843,18.98835]},"properties":{"id":429,"type":"junction","ground_m":6.46,"invert_m":2.56,"down":430,"hops":1,"local_area_m2":1440000.0,"acc_area_m2":1440000.0,"runoff_c":0.759,"acc_ca_m2":1092960,"design_q_m3s":7.59,"blockage":0.265,"pipe_d_m":2.4,"barrels":1,"slope":0.0018,"length_m":1500,"manning_n":0.013,"capacity_m3s":10.425}},{"type":"Feature","geometry":{"type":"Point","coordinates":[72.85984,18.99649]},"properties":{"id":430,"type":"outfall","ground_m":3.8,"invert_m":-0.1,"down":null,"hops":0,"local_area_m2":1170000.0,"acc_area_m2":4050000.0,"runoff_c":0.716,"acc_ca_m2":2956716,"design_q_m3s":20.533,"blockage":0.244,"pipe_d_m":2.4,"barrels":1,"slope":0.011,"length_m":300,"manning_n":0.013,"capacity_m3s":25.965}},{"type":"Feature","geometry":{"type":"Point","coordinates":[72.81421,18.98021]},"properties":{"id":431,"type":"outfall","ground_m":7.33,"invert_m":4.33,"down":null,"hops":0,"local_area_m2":360000.0,"acc_area_m2":1800000.0,"runoff_c":0.601,"acc_ca_m2":1354212,"design_q_m3s":9.404,"blockage":0.378,"pipe_d_m":1.5,"barrels":1,"slope":0.0228,"length_m":300,"manning_n":0.013,"capacity_m3s":10.666}},{"type":"Feature","geometry":{"type":"Point","coordinates":[72.81991,18.98293]},"properties":{"id":432,"type":"junction","ground_m":-1.0,"invert_m":-5.5,"down":426,"hops":1,"local_area_m2":1440000.0,"acc_area_m2":4320000.0,"runoff_c":0.543,"acc_ca_m2":2904498,"design_q_m3s":20.17,"blockage":0.171,"pipe_d_m":3.0,"barrels":2,"slope":0.001,"length_m":1749,"manning_n":0.013,"capacity_m3s":28.387}},{"type":"Feature","geometry":{"type":"Point","coordinates":[72.82847,18.98564]},"properties":{"id":433,"type":"junction","ground_m":5.15,"invert_m":1.85,"down":432,"hops":2,"local_area_m2":1440000.0,"acc_area_m2":1440000.0,"runoff_c":0.711,"acc_ca_m2":1023624,"design_q_m3s":7.108,"blockage":0.187,"pipe_d_m":1.8,"barrels":1,"slope":0.0065,"length_m":949,"manning_n":0.013,"capacity_m3s":9.255}},{"type":"Feature","geometry":{"type":"Point","coordinates":[72.84843,18.98293]},"properties":{"id":434,"type":"junction","ground_m":3.46,"invert_m":-0.44,"down":441,"hops":1,"local_area_m2":1440000.0,"acc_area_m2":1440000.0,"runoff_c":0.737,"acc_ca_m2":1060938,"design_q_m3s":7.368,"blockage":0.061,"pipe_d_m":2.4,"barrels":1,"slope":0.001,"length_m":1082,"manning_n":0.013,"capacity_m3s":7.828}},{"type":"Feature","geometry":{"type":"Point","coordinates":[72.85984,18.98293]},"properties":{"id":435,"type":"outfall","ground_m":3.9,"invert_m":0.9,"down":null,"hops":0,"local_area_m2":1080000.0,"acc_area_m2":1080000.0,"runoff_c":0.62,"acc_ca_m2":669816,"design_q_m3s":4.652,"blockage":0.216,"pipe_d_m":1.5,"barrels":1,"slope":0.0113,"length_m":300,"manning_n":0.013,"capacity_m3s":7.526}},{"type":"Feature","geometry":{"type":"Point","coordinates":[72.8028,18.97207]},"properties":{"id":436,"type":"outfall","ground_m":4.13,"invert_m":0.83,"down":null,"hops":0,"local_area_m2":270000.0,"acc_area_m2":1710000.0,"runoff_c":0.493,"acc_ca_m2":1146906,"design_q_m3s":7.965,"blockage":0.171,"pipe_d_m":1.8,"barrels":1,"slope":0.0121,"length_m":300,"manning_n":0.013,"capacity_m3s":12.645}},{"type":"Feature","geometry":{"type":"Point","coordinates":[72.80565,18.97479]},"properties":{"id":437,"type":"junction","ground_m":5.33,"invert_m":1.43,"down":436,"hops":1,"local_area_m2":1440000.0,"acc_area_m2":1440000.0,"runoff_c":0.704,"acc_ca_m2":1013742,"design_q_m3s":7.04,"blockage":0.098,"pipe_d_m":2.4,"barrels":1,"slope":0.0028,"length_m":424,"manning_n":0.013,"capacity_m3s":13.166}},{"type":"Feature","geometry":{"type":"Point","coordinates":[72.81991,18.97479]},"properties":{"id":438,"type":"junction","ground_m":3.66,"invert_m":-0.84,"down":431,"hops":1,"local_area_m2":1440000.0,"acc_area_m2":1440000.0,"runoff_c":0.79,"acc_ca_m2":1137672,"design_q_m3s":7.9,"blockage":0.055,"pipe_d_m":3.0,"barrels":1,"slope":0.001,"length_m":849,"manning_n":0.013,"capacity_m3s":14.194}},{"type":"Feature","geometry":{"type":"Point","coordinates":[72.82847,18.97479]},"properties":{"id":439,"type":"junction","ground_m":6.03,"invert_m":2.13,"down":451,"hops":1,"local_area_m2":1440000.0,"acc_area_m2":1440000.0,"runoff_c":0.79,"acc_ca_m2":1138266,"design_q_m3s":7.905,"blockage":0.224,"pipe_d_m":2.4,"barrels":1,"slope":0.0016,"length_m":2766,"manning_n":0.013,"capacity_m3s":9.907}},{"type":"Feature","geometry":{"type":"Point","coordinates":[72.84843,18.96936]},"properties":{"id":440,"type":"junction","ground_m":4.92,"invert_m":1.02,"down":451,"hops":1,"local_area_m2":1440000.0,"acc_area_m2":1440000.0,"runoff_c":0.761,"acc_ca_m2":1096092,"design_q_m3s":7.612,"blockage":0.071,"pipe_d_m":2.4,"barrels":1,"slope":0.0022,"length_m":1530,"manning_n":0.013,"capacity_m3s":11.533}},{"type":"Feature","geometry":{"type":"Point","coordinates":[72.85413,18.97479]},"properties":{"id":441,"type":"outfall","ground_m":3.75,"invert_m":0.45,"down":null,"hops":0,"local_area_m2":180000.0,"acc_area_m2":1620000.0,"runoff_c":0.607,"acc_ca_m2":1170126,"design_q_m3s":8.126,"blockage":0.231,"pipe_d_m":1.8,"barrels":1,"slope":0.0108,"length_m":300,"manning_n":0.013,"capacity_m3s":11.965}},{"type":"Feature","geometry":{"type":"Point","coordinates":[72.93399,18.96936]},"properties":{"id":442,"type":"outfall","ground_m":1.26,"invert_m":-1.44,"down":null,"hops":0,"local_area_m2":630000.0,"acc_area_m2":630000.0,"runoff_c":0.305,"acc_ca_m2":192240,"design_q_m3s":1.335,"blockage":0.039,"pipe_d_m":1.2,"barrels":1,"slope":0.0025,"length_m":300,"manning_n":0.013,"capacity_m3s":1.962}},{"type":"Feature","geometry":{"type":"Point","coordinates":[72.95966,18.97207]},"properties":{"id":443,"type":"outfall","ground_m":3.99,"invert_m":1.29,"down":null,"hops":0,"local_area_m2":720000.0,"acc_area_m2":720000.0,"runoff_c":0.421,"acc_ca_m2":303372,"design_q_m3s":2.107,"blockage":0.083,"pipe_d_m":1.2,"barrels":1,"slope":0.0116,"length_m":300,"manning_n":0.013,"capacity_m3s":4.205}},{"type":"Feature","geometry":{"type":"Point","coordinates":[72.96536,18.96665]},"properties":{"id":444,"type":"outfall","ground_m":4.56,"invert_m":2.46,"down":null,"hops":0,"local_area_m2":180000.0,"acc_area_m2":180000.0,"runoff_c":0.329,"acc_ca_m2":59184,"design_q_m3s":0.411,"blockage":0.079,"pipe_d_m":0.6,"barrels":1,"slope":0.0135,"length_m":300,"manning_n":0.013,"capacity_m3s":0.714}},{"type":"Feature","geometry":{"type":"Point","coordinates":[72.98533,18.96665]},"properties":{"id":445,"type":"outfall","ground_m":0.2,"invert_m":-2.2,"down":null,"hops":0,"local_area_m2":270000.0,"acc_area_m2":270000.0,"runoff_c":0.304,"acc_ca_m2":81972,"design_q_m3s":0.569,"blockage":0.275,"pipe_d_m":0.9,"barrels":1,"slope":0.001,"length_m":424,"manning_n":0.013,"capacity_m3s":0.572}},{"type":"Feature","geometry":{"type":"Point","coordinates":[72.98818,18.96665]},"properties":{"id":446,"type":"outfall","ground_m":0.29,"invert_m":-2.11,"down":null,"hops":0,"local_area_m2":180000.0,"acc_area_m2":180000.0,"runoff_c":0.304,"acc_ca_m2":54648,"design_q_m3s":0.38,"blockage":0.005,"pipe_d_m":0.9,"barrels":1,"slope":0.001,"length_m":600,"manning_n":0.013,"capacity_m3s":0.572}},{"type":"Feature","geometry":{"type":"Point","coordinates":[72.79709,18.9558]},"properties":{"id":447,"type":"outfall","ground_m":6.34,"invert_m":3.64,"down":null,"hops":0,"local_area_m2":720000.0,"acc_area_m2":720000.0,"runoff_c":0.586,"acc_ca_m2":421956,"design_q_m3s":2.93,"blockage":0.057,"pipe_d_m":1.2,"barrels":1,"slope":0.0195,"length_m":300,"manning_n":0.013,"capacity_m3s":5.44}},{"type":"Feature","geometry":{"type":"Point","coordinates":[72.81421,18.96122]},"properties":{"id":448,"type":"junction","ground_m":9.04,"invert_m":5.14,"down":462,"hops":1,"local_area_m2":1440000.0,"acc_area_m2":1440000.0,"runoff_c":0.676,"acc_ca_m2":973944,"design_q_m3s":6.763,"blockage":0.504,"pipe_d_m":2.4,"barrels":1,"slope":0.0026,"length_m":2012,"manning_n":0.013,"capacity_m3s":12.74}},{"type":"Feature","geometry":{"type":"Point","coordinates":[72.82561,18.96122]},"properties":{"id":449,"type":"junction","ground_m":5.62,"invert_m":1.12,"down":462,"hops":1,"local_area_m2":1440000.0,"acc_area_m2":1440000.0,"runoff_c":0.844,"acc_ca_m2":1214730,"design_q_m3s":8.436,"blockage":0.309,"pipe_d_m":3.0,"barrels":1,"slope":0.001,"length_m":1825,"manning_n":0.013,"capacity_m3s":14.522}},{"type":"Feature","geometry":{"type":"Point","coordinates":[72.82847,18.95851]},"properties":{"id":450,"type":"junction","ground_m":7.28,"invert_m":3.38,"down":451,"hops":1,"local_area_m2":1440000.0,"acc_area_m2":1440000.0,"runoff_c":0.841,"acc_ca_m2":1211382,"design_q_m3s":8.412,"blockage":0.085,"pipe_d_m":2.4,"barrels":1,"slope":0.0031,"length_m":1825,"manning_n":0.013,"capacity_m3s":13.811}},{"type":"Feature","geometry":{"type":"Point","coordinates":[72.84558,18.9558]},"properties":{"id":451,"type":"outfall","ground_m":1.6,"invert_m":-2.9,"down":null,"hops":0,"local_area_m2":1260000.0,"acc_area_m2":7020000.0,"runoff_c":0.744,"acc_ca_m2":5622912,"design_q_m3s":39.048,"blockage":0.131,"pipe_d_m":3.0,"barrels":2,"slope":0.0037,"length_m":300,"manning_n":0.013,"capacity_m3s":54.355}},{"type":"Feature","geometry":{"type":"Point","coordinates":[72.90262,18.95851]},"properties":{"id":452,"type":"outfall","ground_m":6.88,"invert_m":4.78,"down":null,"hops":0,"local_area_m2":270000.0,"acc_area_m2":270000.0,"runoff_c":0.372,"acc_ca_m2":100332,"design_q_m3s":0.697,"blockage":0.28,"pipe_d_m":0.6,"barrels":1,"slope":0.0213,"length_m":300,"manning_n":0.013,"capacity_m3s":0.895}},{"type":"Feature","geometry":{"type":"Point","coordinates":[72.92829,18.96394]},"properties":{"id":453,"type":"outfall","ground_m":17.62,"invert_m":15.52,"down":null,"hops":0,"local_area_m2":360000.0,"acc_area_m2":360000.0,"runoff_c":0.3,"acc_ca_m2":108000,"design_q_m3s":0.75,"blockage":0.262,"pipe_d_m":0.6,"barrels":1,"slope":0.0571,"length_m":300,"manning_n":0.013,"capacity_m3s":1.467}},{"type":"Feature","geometry":{"type":"Point","coordinates":[72.93114,18.9558]},"properties":{"id":454,"type":"outfall","ground_m":4.91,"invert_m":2.21,"down":null,"hops":0,"local_area_m2":1080000.0,"acc_area_m2":1080000.0,"runoff_c":0.309,"acc_ca_m2":333936,"design_q_m3s":2.319,"blockage":0.232,"pipe_d_m":1.2,"barrels":1,"slope":0.0147,"length_m":300,"manning_n":0.013,"capacity_m3s":4.727}},{"type":"Feature","geometry":{"type":"Point","coordinates":[72.9511,18.95851]},"properties":{"id":455,"type":"outfall","ground_m":3.52,"invert_m":1.12,"down":null,"hops":0,"local_area_m2":180000.0,"acc_area_m2":180000.0,"runoff_c":0.627,"acc_ca_m2":112860,"design_q_m3s":0.784,"blockage":0.157,"pipe_d_m":0.9,"barrels":1,"slope":0.0101,"length_m":300,"manning_n":0.013,"capacity_m3s":1.816}},{"type":"Feature","geometry":{"type":"Point","coordinates":[72.95681,18.96394]},"properties":{"id":456,"type":"outfall","ground_m":4.1,"invert_m":1.4,"down":null,"hops":0,"local_area_m2":720000.0,"acc_area_m2":720000.0,"runoff_c":0.475,"acc_ca_m2":341820,"design_q_m3s":2.374,"blockage":0.185,"pipe_d_m":1.2,"barrels":1,"slope":0.012,"length_m":300,"manning_n":0.013,"capacity_m3s":4.271}},{"type":"Feature","geometry":{"type":"Point","coordinates":[72.97107,18.95851]},"properties":{"id":457,"type":"outfall","ground_m":-1.51,"invert_m":-4.81,"down":null,"hops":0,"local_area_m2":1080000.0,"acc_area_m2":1080000.0,"runoff_c":0.36,"acc_ca_m2":388854,"design_q_m3s":2.7,"blockage":0.202,"pipe_d_m":1.8,"barrels":1,"slope":0.001,"length_m":300,"manning_n":0.013,"capacity_m3s":3.635}},{"type":"Feature","geometry":{"type":"Point","coordinates":[72.97962,18.96394]},"properties":{"id":458,"type":"junction","ground_m":-2.35,"invert_m":-5.05,"down":468,"hops":1,"local_area_m2":1440000.0,"acc_area_m2":1440000.0,"runoff_c":0.317,"acc_ca_m2":456624,"design_q_m3s":3.171,"blockage":0.062,"pipe_d_m":1.2,"barrels":1,"slope":0.0087,"length_m":1800,"manning_n":0.013,"capacity_m3s":3.638}},{"type":"Feature","geometry":{"type":"Point","coordinates":[72.98818,18.96394]},"properties":{"id":459,"type":"junction","ground_m":0.31,"invert_m":-2.09,"down":468,"hops":1,"local_area_m2":360000.0,"acc_area_m2":360000.0,"runoff_c":0.303,"acc_ca_m2":108972,"design_q_m3s":0.757,"blockage":0.075,"pipe_d_m":0.9,"barrels":1,"slope":0.0091,"length_m":2012,"manning_n":0.013,"capacity_m3s":1.728}},{"type":"Feature","geometry":{"type":"Point","coordinates":[72.79424,18.95308]},"properties":{"id":460,"type":"outfall","ground_m":7.03,"invert_m":4.33,"down":null,"hops":0,"local_area_m2":1080000.0,"acc_area_m2":1080000.0,"runoff_c":0.641,"acc_ca_m2":692182,"design_q_m3s":4.807,"blockage":0.293,"pipe_d_m":1.2,"barrels":1,"slope":0.0218,"length_m":300,"manning_n":0.013,"capacity_m3s":5.752}},{"type":"Feature","geometry":{"type":"Point","coordinates":[72.81421,18.95308]},"properties":{"id":461,"type":"outfall","ground_m":4.92,"invert_m":2.82,"down":null,"hops":0,"local_area_m2":180000.0,"acc_area_m2":180000.0,"runoff_c":0.47,"acc_ca_m2":84672,"design_q_m3s":0.588,"blockage":0.247,"pipe_d_m":0.6,"barrels":1,"slope":0.0147,"length_m":300,"manning_n":0.013,"capacity_m3s":0.745}},{"type":"Feature","geometry":{"type":"Point","coordinates":[72.82276,18.94494]},"properties":{"id":462,"type":"outfall","ground_m":3.71,"invert_m":-0.79,"down":null,"hops":0,"local_area_m2":990000.0,"acc_area_m2":5310000.0,"runoff_c":0.78,"acc_ca_m2":4065876,"design_q_m3s":28.235,"blockage":0.028,"pipe_d_m":3.0,"barrels":1,"slope":0.0107,"length_m":300,"manning_n":0.013,"capacity_m3s":46.431}},{"type":"Feature","geometry":{"type":"Point","coordinates":[72.83702,18.94494]},"properties":{"id":463,"type":"junction","ground_m":6.62,"invert_m":2.72,"down":451,"hops":1,"local_area_m2":1440000.0,"acc_area_m2":1440000.0,"runoff_c":0.861,"acc_ca_m2":1240218,"design_q_m3s":8.613,"blockage":0.487,"pipe_d_m":2.4,"barrels":1,"slope":0.0033,"length_m":1500,"manning_n":0.013,"capacity_m3s":14.321}},{"type":"Feature","geometry":{"type":"Point","coordinates":[72.83987,18.94494]},"properties":{"id":464,"type":"outfall","ground_m":4.17,"invert_m":1.17,"down":null,"hops":0,"local_area_m2":990000.0,"acc_area_m2":990000.0,"runoff_c":0.689,"acc_ca_m2":682020,"design_q_m3s":4.736,"blockage":0.16,"pipe_d_m":1.5,"barrels":1,"slope":0.0087,"length_m":424,"manning_n":0.013,"capacity_m3s":6.574}},{"type":"Feature","geometry":{"type":"Point","coordinates":[72.9454,18.94494]},"properties":{"id":465,"type":"outfall","ground_m":1.03,"invert_m":-2.27,"down":null,"hops":0,"local_area_m2":810000.0,"acc_area_m2":810000.0,"runoff_c":0.625,"acc_ca_m2":506628,"design_q_m3s":3.518,"blockage":0.234,"pipe_d_m":1.8,"barrels":1,"slope":0.0018,"length_m":300,"manning_n":0.013,"capacity_m3s":4.831}},{"type":"Feature","geometry":{"type":"Point","coordinates":[72.96251,18.95308]},"properties":{"id":466,"type":"junction","ground_m":1.8,"invert_m":-2.1,"down":474,"hops":1,"local_area_m2":1440000.0,"acc_area_m2":1440000.0,"runoff_c":0.528,"acc_ca_m2":760266,"design_q_m3s":5.28,"blockage":0.313,"pipe_d_m":2.4,"barrels":1,"slope":0.0015,"length_m":2581,"manning_n":0.013,"capacity_m3s":9.709}},{"type":"Feature","geometry":{"type":"Point","coordinates":[72.96821,18.94766]},"properties":{"id":467,"type":"outfall","ground_m":-0.45,"invert_m":-3.45,"down":null,"hops":0,"local_area_m2":900000.0,"acc_area_m2":900000.0,"runoff_c":0.339,"acc_ca_m2":305208,"design_q_m3s":2.119,"blockage":0.166,"pipe_d_m":1.5,"barrels":1,"slope":0.001,"length_m":424,"manning_n":0.013,"capacity_m3s":2.235}},{"type":"Feature","geometry":{"type":"Point","coordinates":[72.97962,18.94766]},"properties":{"id":468,"type":"outfall","ground_m":-18.02,"invert_m":-22.52,"down":null,"hops":0,"local_area_m2":900000.0,"acc_area_m2":8010000.0,"runoff_c":0.3,"acc_ca_m2":2467584,"design_q_m3s":17.136,"blockage":0.211,"pipe_d_m":3.0,"barrels":2,"slope":0.001,"length_m":300,"manning_n":0.013,"capacity_m3s":28.387}},{"type":"Feature","geometry":{"type":"Point","coordinates":[72.98818,18.95308]},"properties":{"id":469,"type":"junction","ground_m":0.42,"invert_m":-1.68,"down":468,"hops":1,"local_area_m2":270000.0,"acc_area_m2":270000.0,"runoff_c":0.3,"acc_ca_m2":81000,"design_q_m3s":0.562,"blockage":0.25,"pipe_d_m":0.6,"barrels":1,"slope":0.017,"length_m":1082,"manning_n":0.013,"capacity_m3s":0.802}},{"type":"Feature","geometry":{"type":"Point","coordinates":[72.82561,18.93952]},"properties":{"id":470,"type":"outfall","ground_m":11.06,"invert_m":8.66,"down":null,"hops":0,"local_area_m2":360000.0,"acc_area_m2":360000.0,"runoff_c":0.84,"acc_ca_m2":302292,"design_q_m3s":2.099,"blockage":0.174,"pipe_d_m":0.9,"barrels":1,"slope":0.0352,"length_m":300,"manning_n":0.013,"capacity_m3s":3.396}},{"type":"Feature","geometry":{"type":"Point","coordinates":[72.83132,18.93952]},"properties":{"id":471,"type":"junction","ground_m":6.7,"invert_m":2.8,"down":462,"hops":1,"local_area_m2":1440000.0,"acc_area_m2":1440000.0,"runoff_c":0.767,"acc_ca_m2":1104678,"design_q_m3s":7.671,"blockage":0.075,"pipe_d_m":2.4,"barrels":1,"slope":0.0028,"length_m":1082,"manning_n":0.013,"capacity_m3s":13.015}},{"type":"Feature","geometry":{"type":"Point","coordinates":[72.83987,18.94223]},"properties":{"id":472,"type":"outfall","ground_m":4.82,"invert_m":2.12,"down":null,"hops":0,"local_area_m2":630000.0,"acc_area_m2":630000.0,"runoff_c":0.675,"acc_ca_m2":425565,"design_q_m3s":2.955,"blockage":0.061,"pipe_d_m":1.2,"barrels":1,"slope":0.0144,"length_m":300,"manning_n":0.013,"capacity_m3s":4.678}},{"type":"Feature","geometry":{"type":"Point","coordinates":[72.93969,18.93952]},"properties":{"id":473,"type":"outfall","ground_m":-3.59,"invert_m":-6.59,"down":null,"hops":0,"local_area_m2":360000.0,"acc_area_m2":360000.0,"runoff_c":0.497,"acc_ca_m2":178794,"design_q_m3s":1.242,"blockage":0.035,"pipe_d_m":1.5,"barrels":1,"slope":0.001,"length_m":300,"manning_n":0.013,"capacity_m3s":2.235}},{"type":"Feature","geometry":{"type":"Point","coordinates":[72.94255,18.93952]},"properties":{"id":474,"type":"outfall","ground_m":-2.17,"invert_m":-6.67,"down":null,"hops":0,"local_area_m2":1170000.0,"acc_area_m2":4050000.0,"runoff_c":0.593,"acc_ca_m2":1920222,"design_q_m3s":13.335,"blockage":0.054,"pipe_d_m":3.0,"barrels":1,"slope":0.001,"length_m":300,"manning_n":0.013,"capacity_m3s":14.194}},{"type":"Feature","geometry":{"type":"Point","coordinates":[72.95966,18.94223]},"properties":{"id":475,"type":"junction","ground_m":9.96,"invert_m":6.96,"down":474,"hops":1,"local_area_m2":1440000.0,"acc_area_m2":1440000.0,"runoff_c":0.324,"acc_ca_m2":466614,"design_q_m3s":3.24,"blockage":0.18,"pipe_d_m":1.5,"barrels":1,"slope":0.0066,"length_m":1825,"manning_n":0.013,"capacity_m3s":5.763}},{"type":"Feature","geometry":{"type":"Point","coordinates":[72.96821,18.93681]},"properties":{"id":476,"type":"junction","ground_m":-0.35,"invert_m":-3.35,"down":468,"hops":1,"local_area_m2":1440000.0,"acc_area_m2":2880000.0,"runoff_c":0.324,"acc_ca_m2":902988,"design_q_m3s":6.271,"blockage":0.074,"pipe_d_m":1.5,"barrels":1,"slope":0.0104,"length_m":1697,"manning_n":0.013,"capacity_m3s":7.213}},{"type":"Feature","geometry":{"type":"Point","coordinates":[72.98247,18.93409]},"properties":{"id":477,"type":"junction","ground_m":0.08,"invert_m":-2.62,"down":468,"hops":1,"local_area_m2":1440000.0,"acc_area_m2":1800000.0,"runoff_c":0.3,"acc_ca_m2":540000,"design_q_m3s":3.75,"blockage":0.278,"pipe_d_m":1.2,"barrels":1,"slope":0.0118,"length_m":1530,"manning_n":0.013,"capacity_m3s":4.241}},{"type":"Feature","geometry":{"type":"Point","coordinates":[72.98818,18.93952]},"properties":{"id":478,"type":"junction","ground_m":0.18,"invert_m":-2.22,"down":468,"hops":1,"local_area_m2":360000.0,"acc_area_m2":360000.0,"runoff_c":0.3,"acc_ca_m2":108000,"design_q_m3s":0.75,"blockage":0.124,"pipe_d_m":0.9,"barrels":1,"slope":0.0143,"length_m":1273,"manning_n":0.013,"capacity_m3s":2.165}},{"type":"Feature","geometry":{"type":"Point","coordinates":[72.82276,18.93138]},"properties":{"id":479,"type":"outfall","ground_m":7.32,"invert_m":4.62,"down":null,"hops":0,"local_area_m2":810000.0,"acc_area_m2":810000.0,"runoff_c":0.69,"acc_ca_m2":558954,"design_q_m3s":3.882,"blockage":0.182,"pipe_d_m":1.2,"barrels":1,"slope":0.0227,"length_m":300,"manning_n":0.013,"capacity_m3s":5.879}},{"type":"Feature","geometry":{"type":"Point","coordinates":[72.83702,18.92867]},"properties":{"id":480,"type":"junction","ground_m":3.2,"invert_m":-0.7,"down":486,"hops":1,"local_area_m2":1440000.0,"acc_area_m2":1440000.0,"runoff_c":0.743,"acc_ca_m2":1069794,"design_q_m3s":7.429,"blockage":0.573,"pipe_d_m":2.4,"barrels":1,"slope":0.001,"length_m":1500,"manning_n":0.013,"capacity_m3s":7.828}},{"type":"Feature","geometry":{"type":"Point","coordinates":[72.96251,18.92595]},"properties":{"id":481,"type":"outfall","ground_m":1.03,"invert_m":-3.47,"down":null,"hops":0,"local_area_m2":1170000.0,"acc_area_m2":2610000.0,"runoff_c":0.431,"acc_ca_m2":1129140,"design_q_m3s":7.841,"blockage":0.057,"pipe_d_m":3.0,"barrels":1,"slope":0.001,"length_m":671,"manning_n":0.013,"capacity_m3s":14.194}},{"type":"Feature","geometry":{"type":"Point","coordinates":[72.97107,18.92867]},"properties":{"id":482,"type":"junction","ground_m":-0.34,"invert_m":-4.24,"down":481,"hops":1,"local_area_m2":1440000.0,"acc_area_m2":1440000.0,"runoff_c":0.434,"acc_ca_m2":624348,"design_q_m3s":4.336,"blockage":0.013,"pipe_d_m":2.4,"barrels":1,"slope":0.001,"length_m":949,"manning_n":0.013,"capacity_m3s":7.828}},{"type":"Feature","geometry":{"type":"Point","coordinates":[72.98533,18.92324]},"properties":{"id":483,"type":"junction","ground_m":-0.58,"invert_m":-3.88,"down":476,"hops":2,"local_area_m2":1440000.0,"acc_area_m2":1440000.0,"runoff_c":0.303,"acc_ca_m2":436104,"design_q_m3s":3.029,"blockage":0.115,"pipe_d_m":1.8,"barrels":1,"slope":0.001,"length_m":2343,"manning_n":0.013,"capacity_m3s":3.635}},{"type":"Feature","geometry":{"type":"Point","coordinates":[72.98818,18.92867]},"properties":{"id":484,"type":"junction","ground_m":-0.44,"invert_m":-3.14,"down":477,"hops":2,"local_area_m2":360000.0,"acc_area_m2":360000.0,"runoff_c":0.3,"acc_ca_m2":108000,"design_q_m3s":0.75,"blockage":0.151,"pipe_d_m":1.2,"barrels":1,"slope":0.001,"length_m":849,"manning_n":0.013,"capacity_m3s":1.233}},{"type":"Feature","geometry":{"type":"Point","coordinates":[72.81421,18.91239]},"properties":{"id":485,"type":"outfall","ground_m":2.32,"invert_m":-0.98,"down":null,"hops":0,"local_area_m2":180000.0,"acc_area_m2":1620000.0,"runoff_c":0.542,"acc_ca_m2":976644,"design_q_m3s":6.782,"blockage":0.172,"pipe_d_m":1.8,"barrels":1,"slope":0.0061,"length_m":300,"manning_n":0.013,"capacity_m3s":8.953}},{"type":"Feature","geometry":{"type":"Point","coordinates":[72.82561,18.92053]},"properties":{"id":486,"type":"outfall","ground_m":4.46,"invert_m":1.16,"down":null,"hops":0,"local_area_m2":900000.0,"acc_area_m2":2340000.0,"runoff_c":0.721,"acc_ca_m2":1718820,"design_q_m3s":11.936,"blockage":0.455,"pipe_d_m":1.8,"barrels":1,"slope":0.0132,"length_m":300,"manning_n":0.013,"capacity_m3s":13.206}},{"type":"Feature","geometry":{"type":"Point","coordinates":[72.82847,18.91239]},"properties":{"id":487,"type":"outfall","ground_m":8.62,"invert_m":6.22,"down":null,"hops":0,"local_area_m2":540000.0,"acc_area_m2":540000.0,"runoff_c":0.757,"acc_ca_m2":409050,"design_q_m3s":2.841,"blockage":0.142,"pipe_d_m":0.9,"barrels":1,"slope":0.0271,"length_m":300,"manning_n":0.013,"capacity_m3s":2.978}},{"type":"Feature","geometry":{"type":"Point","coordinates":[72.96251,18.91239]},"properties":{"id":488,"type":"outfall","ground_m":1.03,"invert_m":-1.97,"down":null,"hops":0,"local_area_m2":720000.0,"acc_area_m2":720000.0,"runoff_c":0.308,"acc_ca_m2":221940,"design_q_m3s":1.541,"blockage":0.179,"pipe_d_m":1.5,"barrels":1,"slope":0.001,"length_m":600,"manning_n":0.013,"capacity_m3s":2.235}},{"type":"Feature","geometry":{"type":"Point","coordinates":[72.97107,18.91239]},"properties":{"id":489,"type":"junction","ground_m":0.11,"invert_m":-3.79,"down":498,"hops":1,"local_area_m2":1350000.0,"acc_area_m2":1350000.0,"runoff_c":0.445,"acc_ca_m2":600966,"design_q_m3s":4.173,"blockage":0.112,"pipe_d_m":2.4,"barrels":1,"slope":0.001,"length_m":1530,"manning_n":0.013,"capacity_m3s":7.828}},{"type":"Feature","geometry":{"type":"Point","coordinates":[72.98247,18.91781]},"properties":{"id":490,"type":"junction","ground_m":-0.85,"invert_m":-4.75,"down":499,"hops":2,"local_area_m2":1440000.0,"acc_area_m2":1440000.0,"runoff_c":0.417,"acc_ca_m2":600048,"design_q_m3s":4.167,"blockage":0.457,"pipe_d_m":2.4,"barrels":1,"slope":0.001,"length_m":2343,"manning_n":0.013,"capacity_m3s":7.828}},{"type":"Feature","geometry":{"type":"Point","coordinates":[72.98818,18.91781]},"properties":{"id":491,"type":"junction","ground_m":-0.96,"invert_m":-3.66,"down":500,"hops":3,"local_area_m2":360000.0,"acc_area_m2":360000.0,"runoff_c":0.435,"acc_ca_m2":156708,"design_q_m3s":1.088,"blockage":0.123,"pipe_d_m":1.2,"barrels":1,"slope":0.001,"length_m":1237,"manning_n":0.013,"capacity_m3s":1.233}},{"type":"Feature","geometry":{"type":"Point","coordinates":[72.80565,18.90968]},"properties":{"id":492,"type":"junction","ground_m":4.41,"invert_m":0.51,"down":485,"hops":1,"local_area_m2":1440000.0,"acc_area_m2":1440000.0,"runoff_c":0.611,"acc_ca_m2":879120,"design_q_m3s":6.105,"blockage":0.161,"pipe_d_m":2.4,"barrels":1,"slope":0.0022,"length_m":949,"manning_n":0.013,"capacity_m3s":11.619}},{"type":"Feature","geometry":{"type":"Point","coordinates":[72.82561,18.90968]},"properties":{"id":493,"type":"outfall","ground_m":5.86,"invert_m":3.46,"down":null,"hops":0,"local_area_m2":540000.0,"acc_area_m2":540000.0,"runoff_c":0.561,"acc_ca_m2":302778,"design_q_m3s":2.103,"blockage":0.113,"pipe_d_m":0.9,"barrels":1,"slope":0.0179,"length_m":300,"manning_n":0.013,"capacity_m3s":2.42}},{"type":"Feature","geometry":{"type":"Point","coordinates":[72.91403,18.90154]},"properties":{"id":494,"type":"outfall","ground_m":5.46,"invert_m":2.46,"down":null,"hops":0,"local_area_m2":450000.0,"acc_area_m2":1800000.0,"runoff_c":0.456,"acc_ca_m2":784674,"design_q_m3s":5.449,"blockage":0.231,"pipe_d_m":1.5,"barrels":1,"slope":0.0165,"length_m":300,"manning_n":0.013,"capacity_m3s":9.09}},{"type":"Feature","geometry":{"type":"Point","coordinates":[72.92543,18.90968]},"properties":{"id":495,"type":"junction","ground_m":8.66,"invert_m":5.66,"down":496,"hops":1,"local_area_m2":1440000.0,"acc_area_m2":1440000.0,"runoff_c":0.353,"acc_ca_m2":507708,"design_q_m3s":3.526,"blockage":0.339,"pipe_d_m":1.5,"barrels":1,"slope":0.0053,"length_m":1273,"manning_n":0.013,"capacity_m3s":5.148}},{"type":"Feature","geometry":{"type":"Point","coordinates":[72.93399,18.90154]},"properties":{"id":496,"type":"outfall","ground_m":1.91,"invert_m":-1.99,"down":null,"hops":0,"local_area_m2":540000.0,"acc_area_m2":3420000.0,"runoff_c":0.375,"acc_ca_m2":1195020,"design_q_m3s":8.299,"blockage":0.276,"pipe_d_m":2.4,"barrels":1,"slope":0.0033,"length_m":424,"manning_n":0.013,"capacity_m3s":14.271}},{"type":"Feature","geometry":{"type":"Point","coordinates":[72.9454,18.90425]},"properties":{"id":497,"type":"outfall","ground_m":0.47,"invert_m":-2.53,"down":null,"hops":0,"local_area_m2":810000.0,"acc_area_m2":810000.0,"runoff_c":0.333,"acc_ca_m2":270000,"design_q_m3s":1.875,"blockage":0.179,"pipe_d_m":1.5,"barrels":1,"slope":0.001,"length_m":300,"manning_n":0.013,"capacity_m3s":2.235}},{"type":"Feature","geometry":{"type":"Point","coordinates":[72.95681,18.90968]},"properties":{"id":498,"type":"outfall","ground_m":-0.96,"invert_m":-4.86,"down":null,"hops":0,"local_area_m2":1260000.0,"acc_area_m2":2610000.0,"runoff_c":0.3,"acc_ca_m2":978966,"design_q_m3s":6.798,"blockage":0.392,"pipe_d_m":2.4,"barrels":1,"slope":0.001,"length_m":300,"manning_n":0.013,"capacity_m3s":7.828}},{"type":"Feature","geometry":{"type":"Point","coordinates":[72.96821,18.90154]},"properties":{"id":499,"type":"junction","ground_m":-1.72,"invert_m":-5.62,"down":507,"hops":1,"local_area_m2":1080000.0,"acc_area_m2":2520000.0,"runoff_c":0.306,"acc_ca_m2":930744,"design_q_m3s":6.463,"blockage":0.043,"pipe_d_m":2.4,"barrels":1,"slope":0.001,"length_m":1921,"manning_n":0.013,"capacity_m3s":7.828}},{"type":"Feature","geometry":{"type":"Point","coordinates":[72.98533,18.90696]},"properties":{"id":500,"type":"junction","ground_m":-1.57,"invert_m":-6.07,"down":508,"hops":2,"local_area_m2":1440000.0,"acc_area_m2":2520000.0,"runoff_c":0.439,"acc_ca_m2":1152576,"design_q_m3s":8.004,"blockage":0.148,"pipe_d_m":3.0,"barrels":1,"slope":0.001,"length_m":2343,"manning_n":0.013,"capacity_m3s":14.194}},{"type":"Feature","geometry":{"type":"Point","coordinates":[72.98818,18.90425]},"properties":{"id":501,"type":"junction","ground_m":-1.01,"invert_m":-4.01,"down":500,"hops":3,"local_area_m2":360000.0,"acc_area_m2":360000.0,"runoff_c":0.635,"acc_ca_m2":228690,"design_q_m3s":1.588,"blockage":0.079,"pipe_d_m":1.5,"barrels":1,"slope":0.0013,"length_m":424,"manning_n":0.013,"capacity_m3s":2.568}},{"type":"Feature","geometry":{"type":"Point","coordinates":[72.8085,18.8934]},"properties":{"id":502,"type":"outfall","ground_m":2.59,"invert_m":-0.11,"down":null,"hops":0,"local_area_m2":720000.0,"acc_area_m2":720000.0,"runoff_c":0.425,"acc_ca_m2":306342,"design_q_m3s":2.127,"blockage":0.135,"pipe_d_m":1.2,"barrels":1,"slope":0.007,"length_m":300,"manning_n":0.013,"capacity_m3s":3.254}},{"type":"Feature","geometry":{"type":"Point","coordinates":[72.90832,18.89882]},"properties":{"id":503,"type":"junction","ground_m":5.01,"invert_m":1.11,"down":494,"hops":1,"local_area_m2":1350000.0,"acc_area_m2":1350000.0,"runoff_c":0.429,"acc_ca_m2":579420,"design_q_m3s":4.024,"blockage":0.019,"pipe_d_m":2.4,"barrels":1,"slope":0.001,"length_m":671,"manning_n":0.013,"capacity_m3s":7.828}},{"type":"Feature","geometry":{"type":"Point","coordinates":[72.92258,18.89068]},"properties":{"id":504,"type":"junction","ground_m":27.22,"invert_m":24.52,"down":496,"hops":1,"local_area_m2":1440000.0,"acc_area_m2":1440000.0,"runoff_c":0.337,"acc_ca_m2":484866,"design_q_m3s":3.367,"blockage":0.207,"pipe_d_m":1.2,"barrels":1,"slope":0.0149,"length_m":1697,"manning_n":0.013,"capacity_m3s":4.761}},{"type":"Feature","geometry":{"type":"Point","coordinates":[72.93684,18.8934]},"properties":{"id":505,"type":"junction","ground_m":-0.68,"invert_m":-3.98,"down":506,"hops":1,"local_area_m2":1440000.0,"acc_area_m2":1440000.0,"runoff_c":0.351,"acc_ca_m2":505440,"design_q_m3s":3.51,"blockage":0.177,"pipe_d_m":1.8,"barrels":1,"slope":0.001,"length_m":1530,"manning_n":0.013,"capacity_m3s":3.635}},{"type":"Feature","geometry":{"type":"Point","coordinates":[72.9511,18.89068]},"properties":{"id":506,"type":"outfall","ground_m":-1.69,"invert_m":-5.59,"down":null,"hops":0,"local_area_m2":1170000.0,"acc_area_m2":2610000.0,"runoff_c":0.301,"acc_ca_m2":857898,"design_q_m3s":5.958,"blockage":0.397,"pipe_d_m":2.4,"barrels":1,"slope":0.001,"length_m":300,"manning_n":0.013,"capacity_m3s":7.828}},{"type":"Feature","geometry":{"type":"Point","coordinates":[72.95395,18.89068]},"properties":{"id":507,"type":"outfall","ground_m":-1.11,"invert_m":-5.61,"down":null,"hops":0,"local_area_m2":1080000.0,"acc_area_m2":9000000.0,"runoff_c":0.387,"acc_ca_m2":3600720,"design_q_m3s":25.005,"blockage":0.141,"pipe_d_m":3.0,"barrels":2,"slope":0.001,"length_m":424,"manning_n":0.013,"capacity_m3s":28.387}},{"type":"Feature","geometry":{"type":"Point","coordinates":[72.97107,18.89068]},"properties":{"id":508,"type":"junction","ground_m":-2.49,"invert_m":-6.99,"down":507,"hops":1,"local_area_m2":1440000.0,"acc_area_m2":5400000.0,"runoff_c":0.322,"acc_ca_m2":2251476,"design_q_m3s":15.635,"blockage":0.098,"pipe_d_m":3.0,"barrels":2,"slope":0.001,"length_m":1800,"manning_n":0.013,"capacity_m3s":28.387}},{"type":"Feature","geometry":{"type":"Point","coordinates":[72.98247,18.8934]},"properties":{"id":509,"type":"junction","ground_m":-0.44,"invert_m":-3.74,"down":508,"hops":2,"local_area_m2":1440000.0,"acc_area_m2":1440000.0,"runoff_c":0.441,"acc_ca_m2":634878,"design_q_m3s":4.409,"blockage":0.109,"pipe_d_m":1.8,"barrels":1,"slope":0.0017,"length_m":1237,"manning_n":0.013,"capacity_m3s":4.679}},{"type":"Feature","geometry":{"type":"Point","coordinates":[72.98818,18.89068]},"properties":{"id":510,"type":"junction","ground_m":-1.14,"invert_m":-3.84,"down":500,"hops":3,"local_area_m2":360000.0,"acc_area_m2":360000.0,"runoff_c":0.376,"acc_ca_m2":135540,"design_q_m3s":0.941,"blockage":0.468,"pipe_d_m":1.2,"barrels":1,"slope":0.001,"length_m":1825,"manning_n":0.013,"capacity_m3s":1.233}}]}