{"type":"FeatureCollection","features":[{"type":"Feature","geometry":{"type":"LineString","coordinates":[[72.78854,19.27593],[72.78569,19.26508]]},"properties":{"id":0,"to":18,"d_m":2.4,"barrels":1,"outfall":false,"capacity_m3s":7.828}},{"type":"Feature","geometry":{"type":"LineString","coordinates":[[72.79424,19.27864],[72.78569,19.26508]]},"properties":{"id":1,"to":18,"d_m":1.8,"barrels":1,"outfall":false,"capacity_m3s":3.635}},{"type":"Feature","geometry":{"type":"LineString","coordinates":[[72.81421,19.27322],[72.79995,19.26237]]},"properties":{"id":2,"to":19,"d_m":1.8,"barrels":1,"outfall":false,"capacity_m3s":3.635}},{"type":"Feature","geometry":{"type":"LineString","coordinates":[[72.82276,19.2705],[72.82847,19.27593]]},"properties":{"id":3,"to":4,"d_m":1.8,"barrels":1,"outfall":false,"capacity_m3s":3.635}},{"type":"Feature","geometry":{"type":"LineString","coordinates":[[72.82847,19.27593],[72.84843,19.27864]]},"properties":{"id":4,"to":5,"d_m":3.0,"barrels":1,"outfall":false,"capacity_m3s":14.194}},{"type":"Feature","geometry":{"type":"LineString","coordinates":[[72.84843,19.27864],[72.84558,19.27864]]},"properties":{"id":5,"to":null,"d_m":3.0,"barrels":14,"outfall":true,"capacity_m3s":198.712}},{"type":"Feature","geometry":{"type":"LineString","coordinates":[[72.85413,19.27593],[72.84843,19.27864]]},"properties":{"id":6,"to":5,"d_m":3.0,"barrels":7,"outfall":false,"capacity_m3s":123.11}},{"type":"Feature","geometry":{"type":"LineString","coordinates":[[72.86554,19.2705],[72.85413,19.27593]]},"properties":{"id":7,"to":6,"d_m":2.4,"barrels":1,"outfall":false,"capacity_m3s":7.828}},{"type":"Feature","geometry":{"type":"LineString","coordinates":[[72.88265,19.27864],[72.86839,19.25965]]},"properties":{"id":8,"to":25,"d_m":3.0,"barrels":6,"outfall":false,"capacity_m3s":85.162}},{"type":"Feature","geometry":{"type":"LineString","coordinates":[[72.88836,19.27864],[72.88265,19.27864]]},"properties":{"id":9,"to":8,"d_m":3.0,"barrels":5,"outfall":false,"capacity_m3s":70.969}},{"type":"Feature","geometry":{"type":"LineString","coordinates":[[72.90547,19.27864],[72.88836,19.27864]]},"properties":{"id":10,"to":9,"d_m":3.0,"barrels":4,"outfall":false,"capacity_m3s":56.775}},{"type":"Feature","geometry":{"type":"LineString","coordinates":[[72.91403,19.2705],[72.90547,19.27864]]},"properties":{"id":11,"to":10,"d_m":3.0,"barrels":2,"outfall":false,"capacity_m3s":38.16}},{"type":"Feature","geometry":{"type":"LineString","coordinates":[[72.91973,19.27864],[72.91403,19.2705]]},"properties":{"id":12,"to":11,"d_m":3.0,"barrels":1,"outfall":false,"capacity_m3s":29.047}},{"type":"Feature","geometry":{"type":"LineString","coordinates":[[72.93399,19.27864],[72.91973,19.27864]]},"properties":{"id":13,"to":12,"d_m":1.8,"barrels":1,"outfall":false,"capacity_m3s":18.861}},{"type":"Feature","geometry":{"type":"LineString","coordinates":[[72.9454,19.27864],[72.93399,19.27864]]},"properties":{"id":14,"to":13,"d_m":3.0,"barrels":1,"outfall":false,"capacity_m3s":14.194}},{"type":"Feature","geometry":{"type":"LineString","coordinates":[[72.96251,19.27864],[72.9454,19.27864]]},"properties":{"id":15,"to":14,"d_m":2.4,"barrels":1,"outfall":false,"capacity_m3s":7.828}},{"type":"Feature","geometry":{"type":"LineString","coordinates":[[72.96536,19.27864],[72.98247,19.26508]]},"properties":{"id":16,"to":35,"d_m":2.4,"barrels":1,"outfall":false,"capacity_m3s":7.828}},{"type":"Feature","geometry":{"type":"LineString","coordinates":[[72.97677,19.27322],[72.98818,19.25965]]},"properties":{"id":17,"to":36,"d_m":1.8,"barrels":1,"outfall":false,"capacity_m3s":3.635}},{"type":"Feature","geometry":{"type":"LineString","coordinates":[[72.78569,19.26508],[72.78283,19.26508]]},"properties":{"id":18,"to":null,"d_m":2.4,"barrels":1,"outfall":true,"capacity_m3s":34.389}},{"type":"Feature","geometry":{"type":"LineString","coordinates":[[72.79995,19.26237],[72.78569,19.26508]]},"properties":{"id":19,"to":18,"d_m":2.4,"barrels":1,"outfall":false,"capacity_m3s":7.828}},{"type":"Feature","geometry":{"type":"LineString","coordinates":[[72.81421,19.26508],[72.81706,19.2488]]},"properties":{"id":20,"to":40,"d_m":1.8,"barrels":1,"outfall":false,"capacity_m3s":3.635}},{"type":"Feature","geometry":{"type":"LineString","coordinates":[[72.81991,19.25965],[72.82847,19.27593]]},"properties":{"id":21,"to":4,"d_m":1.8,"barrels":1,"outfall":false,"capacity_m3s":3.635}},{"type":"Feature","geometry":{"type":"LineString","coordinates":[[72.83132,19.26779],[72.84843,19.27864]]},"properties":{"id":22,"to":5,"d_m":1.8,"barrels":1,"outfall":false,"capacity_m3s":3.635}},{"type":"Feature","geometry":{"type":"LineString","coordinates":[[72.84558,19.25965],[72.84843,19.27864]]},"properties":{"id":23,"to":5,"d_m":3.0,"barrels":1,"outfall":false,"capacity_m3s":14.194}},{"type":"Feature","geometry":{"type":"LineString","coordinates":[[72.85699,19.26779],[72.84843,19.27864]]},"properties":{"id":24,"to":5,"d_m":3.0,"barrels":3,"outfall":false,"capacity_m3s":53.749}},{"type":"Feature","geometry":{"type":"LineString","coordinates":[[72.86839,19.25965],[72.85413,19.27593]]},"properties":{"id":25,"to":6,"d_m":3.0,"barrels":8,"outfall":false,"capacity_m3s":113.55}},{"type":"Feature","geometry":{"type":"LineString","coordinates":[[72.8741,19.26779],[72.86839,19.25965]]},"properties":{"id":26,"to":25,"d_m":1.8,"barrels":1,"outfall":false,"capacity_m3s":8.59}},{"type":"Feature","geometry":{"type":"LineString","coordinates":[[72.89121,19.26779],[72.88265,19.27864]]},"properties":{"id":27,"to":8,"d_m":2.4,"barrels":1,"outfall":false,"capacity_m3s":21.779}},{"type":"Feature","geometry":{"type":"LineString","coordinates":[[72.89691,19.26779],[72.88836,19.27864]]},"properties":{"id":28,"to":9,"d_m":1.8,"barrels":1,"outfall":false,"capacity_m3s":13.343}},{"type":"Feature","geometry":{"type":"LineString","coordinates":[[72.91403,19.26779],[72.90547,19.27864]]},"properties":{"id":29,"to":10,"d_m":1.8,"barrels":1,"outfall":false,"capacity_m3s":11.51}},{"type":"Feature","geometry":{"type":"LineString","coordinates":[[72.92258,19.26779],[72.91403,19.2705]]},"properties":{"id":30,"to":11,"d_m":1.5,"barrels":1,"outfall":false,"capacity_m3s":9.061}},{"type":"Feature","geometry":{"type":"LineString","coordinates":[[72.93114,19.26779],[72.91973,19.27864]]},"properties":{"id":31,"to":12,"d_m":0.9,"barrels":1,"outfall":false,"capacity_m3s":4.439}},{"type":"Feature","geometry":{"type":"LineString","coordinates":[[72.94825,19.26779],[72.93399,19.27864]]},"properties":{"id":32,"to":13,"d_m":1.8,"barrels":1,"outfall":false,"capacity_m3s":3.635}},{"type":"Feature","geometry":{"type":"LineString","coordinates":[[72.96251,19.26779],[72.9454,19.27864]]},"properties":{"id":33,"to":14,"d_m":2.4,"barrels":1,"outfall":false,"capacity_m3s":7.828}},{"type":"Feature","geometry":{"type":"LineString","coordinates":[[72.97392,19.26508],[72.98533,19.25694]]},"properties":{"id":34,"to":54,"d_m":2.4,"barrels":1,"outfall":false,"capacity_m3s":10.366}},{"type":"Feature","geometry":{"type":"LineString","coordinates":[[72.98247,19.26508],[72.98818,19.25694]]},"properties":{"id":35,"to":55,"d_m":3.0,"barrels":1,"outfall":false,"capacity_m3s":14.194}},{"type":"Feature","geometry":{"type":"LineString","coordinates":[[72.98818,19.25965],[72.98818,19.25694]]},"properties":{"id":36,"to":55,"d_m":2.4,"barrels":1,"outfall":false,"capacity_m3s":7.828}},{"type":"Feature","geometry":{"type":"LineString","coordinates":[[72.78283,19.2488],[72.78283,19.25151]]},"properties":{"id":37,"to":null,"d_m":1.2,"barrels":1,"outfall":true,"capacity_m3s":5.431}},{"type":"Feature","geometry":{"type":"LineString","coordinates":[[72.8028,19.25694],[72.78569,19.26508]]},"properties":{"id":38,"to":18,"d_m":1.8,"barrels":1,"outfall":false,"capacity_m3s":3.635}},{"type":"Feature","geometry":{"type":"LineString","coordinates":[[72.8085,19.25423],[72.81991,19.24337]]},"properties":{"id":39,"to":59,"d_m":1.8,"barrels":1,"outfall":false,"capacity_m3s":3.635}},{"type":"Feature","geometry":{"type":"LineString","coordinates":[[72.81706,19.2488],[72.81991,19.24337]]},"properties":{"id":40,"to":59,"d_m":2.4,"barrels":1,"outfall":false,"capacity_m3s":7.828}},{"type":"Feature","geometry":{"type":"LineString","coordinates":[[72.83132,19.25423],[72.81991,19.24337]]},"properties":{"id":41,"to":59,"d_m":3.0,"barrels":3,"outfall":false,"capacity_m3s":42.581}},{"type":"Feature","geometry":{"type":"LineString","coordinates":[[72.84558,19.25151],[72.83132,19.25423]]},"properties":{"id":42,"to":41,"d_m":3.0,"barrels":2,"outfall":false,"capacity_m3s":28.387}},{"type":"Feature","geometry":{"type":"LineString","coordinates":[[72.85699,19.25694],[72.84558,19.25965]]},"properties":{"id":43,"to":23,"d_m":1.8,"barrels":1,"outfall":false,"capacity_m3s":7.844}},{"type":"Feature","geometry":{"type":"LineString","coordinates":[[72.86839,19.25694],[72.85699,19.26779]]},"properties":{"id":44,"to":24,"d_m":3.0,"barrels":4,"outfall":false,"capacity_m3s":56.775}},{"type":"Feature","geometry":{"type":"LineString","coordinates":[[72.8741,19.25694],[72.86839,19.25965]]},"properties":{"id":45,"to":25,"d_m":1.5,"barrels":1,"outfall":false,"capacity_m3s":10.605}},{"type":"Feature","geometry":{"type":"LineString","coordinates":[[72.89406,19.25694],[72.8741,19.26779]]},"properties":{"id":46,"to":26,"d_m":1.2,"barrels":1,"outfall":false,"capacity_m3s":6.34}},{"type":"Feature","geometry":{"type":"LineString","coordinates":[[72.89691,19.25694],[72.89121,19.26779]]},"properties":{"id":47,"to":27,"d_m":1.5,"barrels":1,"outfall":false,"capacity_m3s":11.671}},{"type":"Feature","geometry":{"type":"LineString","coordinates":[[72.91688,19.25694],[72.89691,19.26779]]},"properties":{"id":48,"to":28,"d_m":1.5,"barrels":1,"outfall":false,"capacity_m3s":7.886}},{"type":"Feature","geometry":{"type":"LineString","coordinates":[[72.91973,19.25151],[72.91403,19.26779]]},"properties":{"id":49,"to":29,"d_m":1.5,"barrels":1,"outfall":false,"capacity_m3s":10.184}},{"type":"Feature","geometry":{"type":"LineString","coordinates":[[72.93969,19.2488],[72.92258,19.26779]]},"properties":{"id":50,"to":30,"d_m":0.9,"barrels":1,"outfall":false,"capacity_m3s":4.248}},{"type":"Feature","geometry":{"type":"LineString","coordinates":[[72.9511,19.25151],[72.95681,19.24609]]},"properties":{"id":51,"to":71,"d_m":1.2,"barrels":1,"outfall":false,"capacity_m3s":5.387}},{"type":"Feature","geometry":{"type":"LineString","coordinates":[[72.96251,19.25694],[72.97392,19.24337]]},"properties":{"id":52,"to":72,"d_m":1.8,"barrels":1,"outfall":false,"capacity_m3s":3.635}},{"type":"Feature","geometry":{"type":"LineString","coordinates":[[72.97392,19.25694],[72.98247,19.24609]]},"properties":{"id":53,"to":73,"d_m":2.4,"barrels":1,"outfall":false,"capacity_m3s":7.828}},{"type":"Feature","geometry":{"type":"LineString","coordinates":[[72.98533,19.25694],[72.98247,19.24609]]},"properties":{"id":54,"to":73,"d_m":3.0,"barrels":1,"outfall":false,"capacity_m3s":14.194}},{"type":"Feature","geometry":{"type":"LineString","coordinates":[[72.98818,19.25694],[72.98247,19.24609]]},"properties":{"id":55,"to":73,"d_m":3.0,"barrels":2,"outfall":false,"capacity_m3s":28.387}},{"type":"Feature","geometry":{"type":"LineString","coordinates":[[72.79139,19.24066],[72.77998,19.22981]]},"properties":{"id":56,"to":75,"d_m":1.8,"barrels":1,"outfall":false,"capacity_m3s":3.635}},{"type":"Feature","geometry":{"type":"LineString","coordinates":[[72.79424,19.23795],[72.81421,19.23524]]},"properties":{"id":57,"to":78,"d_m":1.8,"barrels":1,"outfall":false,"capacity_m3s":3.635}},{"type":"Feature","geometry":{"type":"LineString","coordinates":[[72.8085,19.24609],[72.81421,19.23524]]},"properties":{"id":58,"to":78,"d_m":1.8,"barrels":1,"outfall":false,"capacity_m3s":3.635}},{"type":"Feature","geometry":{"type":"LineString","coordinates":[[72.81991,19.24337],[72.82276,19.24337]]},"properties":{"id":59,"to":null,"d_m":3.0,"barrels":3,"outfall":true,"capacity_m3s":42.581}},{"type":"Feature","geometry":{"type":"LineString","coordinates":[[72.83417,19.24066],[72.81706,19.23524]]},"properties":{"id":60,"to":79,"d_m":3.0,"barrels":1,"outfall":false,"capacity_m3s":14.194}},{"type":"Feature","geometry":{"type":"LineString","coordinates":[[72.84273,19.24337],[72.83132,19.25423]]},"properties":{"id":61,"to":41,"d_m":3.0,"barrels":1,"outfall":false,"capacity_m3s":14.194}},{"type":"Feature","geometry":{"type":"LineString","coordinates":[[72.85699,19.24609],[72.84558,19.25151]]},"properties":{"id":62,"to":42,"d_m":2.4,"barrels":1,"outfall":false,"capacity_m3s":20.621}},{"type":"Feature","geometry":{"type":"LineString","coordinates":[[72.86839,19.24609],[72.86839,19.25694]]},"properties":{"id":63,"to":44,"d_m":2.4,"barrels":1,"outfall":false,"capacity_m3s":22.327}},{"type":"Feature","geometry":{"type":"LineString","coordinates":[[72.8741,19.24609],[72.86839,19.25694]]},"properties":{"id":64,"to":44,"d_m":2.4,"barrels":1,"outfall":false,"capacity_m3s":27.529}},{"type":"Feature","geometry":{"type":"LineString","coordinates":[[72.88551,19.23795],[72.8741,19.25694]]},"properties":{"id":65,"to":45,"d_m":1.2,"barrels":1,"outfall":false,"capacity_m3s":5.601}},{"type":"Feature","geometry":{"type":"LineString","coordinates":[[72.89691,19.23795],[72.88551,19.2271]]},"properties":{"id":66,"to":85,"d_m":0.9,"barrels":1,"outfall":false,"capacity_m3s":3.815}},{"type":"Feature","geometry":{"type":"LineString","coordinates":[[72.91688,19.24337],[72.89691,19.25694]]},"properties":{"id":67,"to":47,"d_m":1.2,"barrels":1,"outfall":false,"capacity_m3s":6.504}},{"type":"Feature","geometry":{"type":"LineString","coordinates":[[72.92829,19.24337],[72.91688,19.25694]]},"properties":{"id":68,"to":48,"d_m":1.2,"barrels":1,"outfall":false,"capacity_m3s":4.865}},{"type":"Feature","geometry":{"type":"LineString","coordinates":[[72.93114,19.24337],[72.91973,19.25151]]},"properties":{"id":69,"to":49,"d_m":0.9,"barrels":1,"outfall":false,"capacity_m3s":3.032}},{"type":"Feature","geometry":{"type":"LineString","coordinates":[[72.94255,19.23795],[72.96251,19.2271]]},"properties":{"id":70,"to":91,"d_m":1.2,"barrels":1,"outfall":false,"capacity_m3s":6.032}},{"type":"Feature","geometry":{"type":"LineString","coordinates":[[72.95681,19.24609],[72.97392,19.2271]]},"properties":{"id":71,"to":92,"d_m":1.5,"barrels":1,"outfall":false,"capacity_m3s":10.377}},{"type":"Feature","geometry":{"type":"LineString","coordinates":[[72.97392,19.24337],[72.98533,19.23252]]},"properties":{"id":72,"to":93,"d_m":1.5,"barrels":1,"outfall":false,"capacity_m3s":8.032}},{"type":"Feature","geometry":{"type":"LineString","coordinates":[[72.98247,19.24609],[72.98533,19.23252]]},"properties":{"id":73,"to":93,"d_m":3.0,"barrels":2,"outfall":false,"capacity_m3s":40.151}},{"type":"Feature","geometry":{"type":"LineString","coordinates":[[72.98818,19.24609],[72.98533,19.23252]]},"properties":{"id":74,"to":93,"d_m":0.9,"barrels":1,"outfall":false,"capacity_m3s":1.284}},{"type":"Feature","geometry":{"type":"LineString","coordinates":[[72.77998,19.22981],[72.77998,19.23252]]},"properties":{"id":75,"to":null,"d_m":1.5,"barrels":1,"outfall":true,"capacity_m3s":7.882}},{"type":"Feature","geometry":{"type":"LineString","coordinates":[[72.79139,19.22981],[72.77998,19.22981]]},"properties":{"id":76,"to":75,"d_m":1.8,"barrels":1,"outfall":false,"capacity_m3s":3.635}},{"type":"Feature","geometry":{"type":"LineString","coordinates":[[72.79424,19.23252],[72.81421,19.23524]]},"properties":{"id":77,"to":78,"d_m":1.8,"barrels":1,"outfall":false,"capacity_m3s":3.635}},{"type":"Feature","geometry":{"type":"LineString","coordinates":[[72.81421,19.23524],[72.81991,19.23524]]},"properties":{"id":78,"to":null,"d_m":3.0,"barrels":2,"outfall":true,"capacity_m3s":28.387}},{"type":"Feature","geometry":{"type":"LineString","coordinates":[[72.81706,19.23524],[72.81991,19.23524]]},"properties":{"id":79,"to":null,"d_m":3.0,"barrels":8,"outfall":true,"capacity_m3s":113.55}},{"type":"Feature","geometry":{"type":"LineString","coordinates":[[72.83132,19.23524],[72.81706,19.23524]]},"properties":{"id":80,"to":79,"d_m":3.0,"barrels":6,"outfall":false,"capacity_m3s":85.162}},{"type":"Feature","geometry":{"type":"LineString","coordinates":[[72.83987,19.23524],[72.83417,19.24066]]},"properties":{"id":81,"to":60,"d_m":1.8,"barrels":1,"outfall":false,"capacity_m3s":10.463}},{"type":"Feature","geometry":{"type":"LineString","coordinates":[[72.85128,19.23524],[72.84273,19.24337]]},"properties":{"id":82,"to":61,"d_m":1.5,"barrels":1,"outfall":false,"capacity_m3s":7.602}},{"type":"Feature","geometry":{"type":"LineString","coordinates":[[72.86269,19.23252],[72.85699,19.24609]]},"properties":{"id":83,"to":62,"d_m":1.8,"barrels":1,"outfall":false,"capacity_m3s":8.054}},{"type":"Feature","geometry":{"type":"LineString","coordinates":[[72.8741,19.2271],[72.86839,19.24609]]},"properties":{"id":84,"to":63,"d_m":1.8,"barrels":1,"outfall":false,"capacity_m3s":10.085}},{"type":"Feature","geometry":{"type":"LineString","coordinates":[[72.88551,19.2271],[72.8741,19.24609]]},"properties":{"id":85,"to":64,"d_m":2.4,"barrels":1,"outfall":false,"capacity_m3s":28.296}},{"type":"Feature","geometry":{"type":"LineString","coordinates":[[72.89691,19.2271],[72.88551,19.2271]]},"properties":{"id":86,"to":85,"d_m":1.5,"barrels":1,"outfall":false,"capacity_m3s":9.07}},{"type":"Feature","geometry":{"type":"LineString","coordinates":[[72.90832,19.2271],[72.89691,19.2271]]},"properties":{"id":87,"to":86,"d_m":0.9,"barrels":1,"outfall":false,"capacity_m3s":5.679}},{"type":"Feature","geometry":{"type":"LineString","coordinates":[[72.92829,19.23524],[72.91688,19.24337]]},"properties":{"id":88,"to":67,"d_m":1.8,"barrels":1,"outfall":false,"capacity_m3s":3.777}},{"type":"Feature","geometry":{"type":"LineString","coordinates":[[72.93114,19.23524],[72.9511,19.21624]]},"properties":{"id":89,"to":110,"d_m":1.2,"barrels":1,"outfall":false,"capacity_m3s":5.732}},{"type":"Feature","geometry":{"type":"LineString","coordinates":[[72.94255,19.23524],[72.96251,19.21624]]},"properties":{"id":90,"to":111,"d_m":1.2,"barrels":1,"outfall":false,"capacity_m3s":6.275}},{"type":"Feature","geometry":{"type":"LineString","coordinates":[[72.96251,19.2271],[72.97392,19.21896]]},"properties":{"id":91,"to":112,"d_m":1.5,"barrels":1,"outfall":false,"capacity_m3s":10.92}},{"type":"Feature","geometry":{"type":"LineString","coordinates":[[72.97392,19.2271],[72.98533,19.22167]]},"properties":{"id":92,"to":113,"d_m":1.8,"barrels":1,"outfall":false,"capacity_m3s":15.037}},{"type":"Feature","geometry":{"type":"LineString","coordinates":[[72.98533,19.23252],[72.98533,19.22167]]},"properties":{"id":93,"to":113,"d_m":3.0,"barrels":3,"outfall":false,"capacity_m3s":76.373}},{"type":"Feature","geometry":{"type":"LineString","coordinates":[[72.98818,19.23252],[72.98533,19.22167]]},"properties":{"id":94,"to":113,"d_m":1.2,"barrels":1,"outfall":false,"capacity_m3s":2.359}},{"type":"Feature","geometry":{"type":"LineString","coordinates":[[72.77998,19.21896],[72.77998,19.21624]]},"properties":{"id":95,"to":null,"d_m":0.9,"barrels":1,"outfall":true,"capacity_m3s":2.406}},{"type":"Feature","geometry":{"type":"LineString","coordinates":[[72.78569,19.22438],[72.79995,19.21353]]},"properties":{"id":96,"to":116,"d_m":1.8,"barrels":1,"outfall":false,"capacity_m3s":3.635}},{"type":"Feature","geometry":{"type":"LineString","coordinates":[[72.8028,19.22438],[72.81421,19.23524]]},"properties":{"id":97,"to":78,"d_m":1.8,"barrels":1,"outfall":false,"capacity_m3s":3.635}},{"type":"Feature","geometry":{"type":"LineString","coordinates":[[72.80565,19.22438],[72.80565,19.22167]]},"properties":{"id":98,"to":null,"d_m":0.9,"barrels":1,"outfall":true,"capacity_m3s":1.666}},{"type":"Feature","geometry":{"type":"LineString","coordinates":[[72.82561,19.22167],[72.81421,19.23524]]},"properties":{"id":99,"to":78,"d_m":3.0,"barrels":1,"outfall":false,"capacity_m3s":14.194}},{"type":"Feature","geometry":{"type":"LineString","coordinates":[[72.82847,19.22167],[72.81706,19.23524]]},"properties":{"id":100,"to":79,"d_m":3.0,"barrels":2,"outfall":false,"capacity_m3s":36.467}},{"type":"Feature","geometry":{"type":"LineString","coordinates":[[72.83987,19.22438],[72.83132,19.23524]]},"properties":{"id":101,"to":80,"d_m":3.0,"barrels":4,"outfall":false,"capacity_m3s":83.442}},{"type":"Feature","geometry":{"type":"LineString","coordinates":[[72.85128,19.21624],[72.83987,19.22438]]},"properties":{"id":102,"to":101,"d_m":1.8,"barrels":1,"outfall":false,"capacity_m3s":9.432}},{"type":"Feature","geometry":{"type":"LineString","coordinates":[[72.86269,19.21624],[72.85413,19.21082]]},"properties":{"id":103,"to":121,"d_m":1.8,"barrels":1,"outfall":false,"capacity_m3s":8.992}},{"type":"Feature","geometry":{"type":"LineString","coordinates":[[72.8741,19.21624],[72.86269,19.20811]]},"properties":{"id":104,"to":122,"d_m":1.5,"barrels":1,"outfall":false,"capacity_m3s":5.008}},{"type":"Feature","geometry":{"type":"LineString","coordinates":[[72.88551,19.22167],[72.8741,19.2271]]},"properties":{"id":105,"to":84,"d_m":1.5,"barrels":1,"outfall":false,"capacity_m3s":7.7}},{"type":"Feature","geometry":{"type":"LineString","coordinates":[[72.89691,19.22167],[72.88551,19.2271]]},"properties":{"id":106,"to":85,"d_m":1.2,"barrels":1,"outfall":false,"capacity_m3s":6.351}},{"type":"Feature","geometry":{"type":"LineString","coordinates":[[72.90832,19.22438],[72.89691,19.2271]]},"properties":{"id":107,"to":86,"d_m":0.9,"barrels":1,"outfall":false,"capacity_m3s":4.921}},{"type":"Feature","geometry":{"type":"LineString","coordinates":[[72.92829,19.22438],[72.92543,19.20539]]},"properties":{"id":108,"to":127,"d_m":1.2,"barrels":1,"outfall":false,"capacity_m3s":4.392}},{"type":"Feature","geometry":{"type":"LineString","coordinates":[[72.93399,19.22438],[72.9511,19.21353]]},"properties":{"id":109,"to":129,"d_m":0.9,"barrels":1,"outfall":false,"capacity_m3s":4.106}},{"type":"Feature","geometry":{"type":"LineString","coordinates":[[72.9511,19.21624],[72.96251,19.20539]]},"properties":{"id":110,"to":130,"d_m":1.5,"barrels":1,"outfall":false,"capacity_m3s":8.26}},{"type":"Feature","geometry":{"type":"LineString","coordinates":[[72.96251,19.21624],[72.97392,19.21082]]},"properties":{"id":111,"to":131,"d_m":1.8,"barrels":1,"outfall":false,"capacity_m3s":12.889}},{"type":"Feature","geometry":{"type":"LineString","coordinates":[[72.97392,19.21896],[72.98533,19.21353]]},"properties":{"id":112,"to":132,"d_m":2.4,"barrels":1,"outfall":false,"capacity_m3s":24.236}},{"type":"Feature","geometry":{"type":"LineString","coordinates":[[72.98533,19.22167],[72.98818,19.21082]]},"properties":{"id":113,"to":133,"d_m":3.0,"barrels":3,"outfall":false,"capacity_m3s":85.87}},{"type":"Feature","geometry":{"type":"LineString","coordinates":[[72.98818,19.22167],[72.98818,19.21082]]},"properties":{"id":114,"to":133,"d_m":1.2,"barrels":1,"outfall":false,"capacity_m3s":3.187}},{"type":"Feature","geometry":{"type":"LineString","coordinates":[[72.79139,19.20539],[72.79995,19.21353]]},"properties":{"id":115,"to":116,"d_m":1.8,"barrels":1,"outfall":false,"capacity_m3s":3.635}},{"type":"Feature","geometry":{"type":"LineString","coordinates":[[72.79995,19.21353],[72.79995,19.21082]]},"properties":{"id":116,"to":null,"d_m":2.4,"barrels":1,"outfall":true,"capacity_m3s":8.926}},{"type":"Feature","geometry":{"type":"LineString","coordinates":[[72.81135,19.20811],[72.8085,19.21353]]},"properties":{"id":117,"to":null,"d_m":3.0,"barrels":5,"outfall":true,"capacity_m3s":70.969}},{"type":"Feature","geometry":{"type":"LineString","coordinates":[[72.81706,19.21353],[72.81135,19.20811]]},"properties":{"id":118,"to":117,"d_m":3.0,"barrels":1,"outfall":false,"capacity_m3s":19.429}},{"type":"Feature","geometry":{"type":"LineString","coordinates":[[72.83132,19.21082],[72.82561,19.22167]]},"properties":{"id":119,"to":99,"d_m":2.4,"barrels":1,"outfall":false,"capacity_m3s":13.071}},{"type":"Feature","geometry":{"type":"LineString","coordinates":[[72.84558,19.20811],[72.82847,19.22167]]},"properties":{"id":120,"to":100,"d_m":3.0,"barrels":2,"outfall":false,"capacity_m3s":31.798}},{"type":"Feature","geometry":{"type":"LineString","coordinates":[[72.85413,19.21082],[72.83987,19.22438]]},"properties":{"id":121,"to":101,"d_m":3.0,"barrels":3,"outfall":false,"capacity_m3s":79.904}},{"type":"Feature","geometry":{"type":"LineString","coordinates":[[72.86269,19.20811],[72.85413,19.21082]]},"properties":{"id":122,"to":121,"d_m":3.0,"barrels":2,"outfall":false,"capacity_m3s":53.738}},{"type":"Feature","geometry":{"type":"LineString","coordinates":[[72.8741,19.21353],[72.86269,19.20811]]},"properties":{"id":123,"to":122,"d_m":2.4,"barrels":1,"outfall":false,"capacity_m3s":13.381}},{"type":"Feature","geometry":{"type":"LineString","coordinates":[[72.89121,19.21082],[72.8741,19.21353]]},"properties":{"id":124,"to":123,"d_m":1.2,"barrels":1,"outfall":false,"capacity_m3s":5.353}},{"type":"Feature","geometry":{"type":"LineString","coordinates":[[72.89691,19.20811],[72.88551,19.22167]]},"properties":{"id":125,"to":105,"d_m":1.2,"barrels":1,"outfall":false,"capacity_m3s":3.512}},{"type":"Feature","geometry":{"type":"LineString","coordinates":[[72.91117,19.20539],[72.89691,19.22167]]},"properties":{"id":126,"to":106,"d_m":0.9,"barrels":1,"outfall":false,"capacity_m3s":3.311}},{"type":"Feature","geometry":{"type":"LineString","coordinates":[[72.92543,19.20539],[72.93969,19.19725]]},"properties":{"id":127,"to":147,"d_m":1.5,"barrels":1,"outfall":false,"capacity_m3s":8.153}},{"type":"Feature","geometry":{"type":"LineString","coordinates":[[72.93399,19.21353],[72.9511,19.19454]]},"properties":{"id":128,"to":148,"d_m":0.9,"barrels":1,"outfall":false,"capacity_m3s":4.468}},{"type":"Feature","geometry":{"type":"LineString","coordinates":[[72.9511,19.21353],[72.96251,19.19997]]},"properties":{"id":129,"to":149,"d_m":1.8,"barrels":1,"outfall":false,"capacity_m3s":12.824}},{"type":"Feature","geometry":{"type":"LineString","coordinates":[[72.96251,19.20539],[72.97392,19.19997]]},"properties":{"id":130,"to":150,"d_m":2.4,"barrels":1,"outfall":false,"capacity_m3s":22.688}},{"type":"Feature","geometry":{"type":"LineString","coordinates":[[72.97392,19.21082],[72.98533,19.19454]]},"properties":{"id":131,"to":151,"d_m":2.4,"barrels":1,"outfall":false,"capacity_m3s":18.065}},{"type":"Feature","geometry":{"type":"LineString","coordinates":[[72.98533,19.21353],[72.98818,19.19997]]},"properties":{"id":132,"to":152,"d_m":3.0,"barrels":2,"outfall":false,"capacity_m3s":28.387}},{"type":"Feature","geometry":{"type":"LineString","coordinates":[[72.98818,19.21082],[72.98818,19.19997]]},"properties":{"id":133,"to":152,"d_m":3.0,"barrels":6,"outfall":false,"capacity_m3s":85.162}},{"type":"Feature","geometry":{"type":"LineString","coordinates":[[72.79139,19.20268],[72.79424,19.20268]]},"properties":{"id":134,"to":null,"d_m":1.5,"barrels":1,"outfall":true,"capacity_m3s":3.135}},{"type":"Feature","geometry":{"type":"LineString","coordinates":[[72.8028,19.19725],[72.79995,19.19997]]},"properties":{"id":135,"to":null,"d_m":1.5,"barrels":1,"outfall":true,"capacity_m3s":2.658}},{"type":"Feature","geometry":{"type":"LineString","coordinates":[[72.80565,19.19997],[72.81135,19.20811]]},"properties":{"id":136,"to":117,"d_m":3.0,"barrels":1,"outfall":false,"capacity_m3s":14.194}},{"type":"Feature","geometry":{"type":"LineString","coordinates":[[72.81706,19.20268],[72.81135,19.20811]]},"properties":{"id":137,"to":117,"d_m":3.0,"barrels":2,"outfall":false,"capacity_m3s":42.923}},{"type":"Feature","geometry":{"type":"LineString","coordinates":[[72.82847,19.19725],[72.81706,19.21353]]},"properties":{"id":138,"to":118,"d_m":2.4,"barrels":1,"outfall":false,"capacity_m3s":7.828}},{"type":"Feature","geometry":{"type":"LineString","coordinates":[[72.83987,19.19997],[72.83132,19.1864]]},"properties":{"id":139,"to":156,"d_m":3.0,"barrels":1,"outfall":false,"capacity_m3s":25.054}},{"type":"Feature","geometry":{"type":"LineString","coordinates":[[72.85128,19.19997],[72.84558,19.20811]]},"properties":{"id":140,"to":120,"d_m":2.4,"barrels":1,"outfall":false,"capacity_m3s":23.719}},{"type":"Feature","geometry":{"type":"LineString","coordinates":[[72.86554,19.20268],[72.85413,19.21082]]},"properties":{"id":141,"to":121,"d_m":2.4,"barrels":1,"outfall":false,"capacity_m3s":16.005}},{"type":"Feature","geometry":{"type":"LineString","coordinates":[[72.8741,19.20268],[72.86269,19.20811]]},"properties":{"id":142,"to":122,"d_m":1.8,"barrels":1,"outfall":false,"capacity_m3s":10.135}},{"type":"Feature","geometry":{"type":"LineString","coordinates":[[72.88551,19.19997],[72.8741,19.21353]]},"properties":{"id":143,"to":123,"d_m":0.9,"barrels":1,"outfall":false,"capacity_m3s":3.871}},{"type":"Feature","geometry":{"type":"LineString","coordinates":[[72.89977,19.20268],[72.90832,19.19183]]},"properties":{"id":144,"to":163,"d_m":1.8,"barrels":1,"outfall":false,"capacity_m3s":3.635}},{"type":"Feature","geometry":{"type":"LineString","coordinates":[[72.90832,19.19454],[72.90832,19.19183]]},"properties":{"id":145,"to":163,"d_m":1.8,"barrels":1,"outfall":false,"capacity_m3s":3.635}},{"type":"Feature","geometry":{"type":"LineString","coordinates":[[72.92543,19.19454],[72.93969,19.18369]]},"properties":{"id":146,"to":165,"d_m":0.9,"barrels":1,"outfall":false,"capacity_m3s":3.444}},{"type":"Feature","geometry":{"type":"LineString","coordinates":[[72.93969,19.19725],[72.9511,19.18369]]},"properties":{"id":147,"to":166,"d_m":1.5,"barrels":1,"outfall":false,"capacity_m3s":16.007}},{"type":"Feature","geometry":{"type":"LineString","coordinates":[[72.9511,19.19454],[72.95966,19.18369]]},"properties":{"id":148,"to":167,"d_m":1.8,"barrels":1,"outfall":false,"capacity_m3s":13.614}},{"type":"Feature","geometry":{"type":"LineString","coordinates":[[72.96251,19.19997],[72.97392,19.18369]]},"properties":{"id":149,"to":168,"d_m":2.4,"barrels":1,"outfall":false,"capacity_m3s":16.99}},{"type":"Feature","geometry":{"type":"LineString","coordinates":[[72.97392,19.19997],[72.98247,19.18911]]},"properties":{"id":150,"to":169,"d_m":3.0,"barrels":1,"outfall":false,"capacity_m3s":36.001}},{"type":"Feature","geometry":{"type":"LineString","coordinates":[[72.98533,19.19454],[72.98247,19.18911]]},"properties":{"id":151,"to":169,"d_m":3.0,"barrels":2,"outfall":false,"capacity_m3s":28.387}},{"type":"Feature","geometry":{"type":"LineString","coordinates":[[72.98818,19.19997],[72.98247,19.18911]]},"properties":{"id":152,"to":169,"d_m":3.0,"barrels":7,"outfall":false,"capacity_m3s":99.356}},{"type":"Feature","geometry":{"type":"LineString","coordinates":[[72.8028,19.19183],[72.79424,19.19183]]},"properties":{"id":153,"to":null,"d_m":1.8,"barrels":1,"outfall":true,"capacity_m3s":4.232}},{"type":"Feature","geometry":{"type":"LineString","coordinates":[[72.81421,19.18369],[72.79995,19.18098]]},"properties":{"id":154,"to":171,"d_m":2.4,"barrels":1,"outfall":false,"capacity_m3s":9.764}},{"type":"Feature","geometry":{"type":"LineString","coordinates":[[72.82561,19.18369],[72.80565,19.19997]]},"properties":{"id":155,"to":136,"d_m":2.4,"barrels":1,"outfall":false,"capacity_m3s":7.828}},{"type":"Feature","geometry":{"type":"LineString","coordinates":[[72.83132,19.1864],[72.81706,19.20268]]},"properties":{"id":156,"to":137,"d_m":3.0,"barrels":3,"outfall":false,"capacity_m3s":42.581}},{"type":"Feature","geometry":{"type":"LineString","coordinates":[[72.83987,19.18911],[72.83132,19.1864]]},"properties":{"id":157,"to":156,"d_m":1.8,"barrels":1,"outfall":false,"capacity_m3s":10.476}},{"type":"Feature","geometry":{"type":"LineString","coordinates":[[72.85128,19.18911],[72.83987,19.19997]]},"properties":{"id":158,"to":139,"d_m":1.8,"barrels":1,"outfall":false,"capacity_m3s":8.582}},{"type":"Feature","geometry":{"type":"LineString","coordinates":[[72.86554,19.18911],[72.85128,19.19997]]},"properties":{"id":159,"to":140,"d_m":1.8,"barrels":1,"outfall":false,"capacity_m3s":6.924}},{"type":"Feature","geometry":{"type":"LineString","coordinates":[[72.8741,19.19183],[72.86554,19.20268]]},"properties":{"id":160,"to":141,"d_m":1.2,"barrels":1,"outfall":false,"capacity_m3s":4.672}},{"type":"Feature","geometry":{"type":"LineString","coordinates":[[72.88551,19.19183],[72.8741,19.20268]]},"properties":{"id":161,"to":142,"d_m":0.9,"barrels":1,"outfall":false,"capacity_m3s":4.69}},{"type":"Feature","geometry":{"type":"LineString","coordinates":[[72.90547,19.19183],[72.91403,19.17284]]},"properties":{"id":162,"to":181,"d_m":1.2,"barrels":1,"outfall":false,"capacity_m3s":5.237}},{"type":"Feature","geometry":{"type":"LineString","coordinates":[[72.90832,19.19183],[72.92258,19.17284]]},"properties":{"id":163,"to":182,"d_m":1.8,"barrels":1,"outfall":false,"capacity_m3s":10.081}},{"type":"Feature","geometry":{"type":"LineString","coordinates":[[72.91973,19.18369],[72.93969,19.17284]]},"properties":{"id":164,"to":183,"d_m":0.9,"barrels":1,"outfall":false,"capacity_m3s":3.292}},{"type":"Feature","geometry":{"type":"LineString","coordinates":[[72.93969,19.18369],[72.94825,19.17284]]},"properties":{"id":165,"to":184,"d_m":1.2,"barrels":1,"outfall":false,"capacity_m3s":6.26}},{"type":"Feature","geometry":{"type":"LineString","coordinates":[[72.9511,19.18369],[72.95966,19.18098]]},"properties":{"id":166,"to":185,"d_m":2.4,"barrels":1,"outfall":false,"capacity_m3s":28.014}},{"type":"Feature","geometry":{"type":"LineString","coordinates":[[72.95966,19.18369],[72.97392,19.17555]]},"properties":{"id":167,"to":186,"d_m":2.4,"barrels":1,"outfall":false,"capacity_m3s":21.101}},{"type":"Feature","geometry":{"type":"LineString","coordinates":[[72.97392,19.18369],[72.97962,19.17555]]},"properties":{"id":168,"to":187,"d_m":2.4,"barrels":1,"outfall":false,"capacity_m3s":22.619}},{"type":"Feature","geometry":{"type":"LineString","coordinates":[[72.98247,19.18911],[72.98818,19.17555]]},"properties":{"id":169,"to":188,"d_m":3.0,"barrels":8,"outfall":false,"capacity_m3s":149.224}},{"type":"Feature","geometry":{"type":"LineString","coordinates":[[72.98818,19.18369],[72.98818,19.17555]]},"properties":{"id":170,"to":188,"d_m":1.2,"barrels":1,"outfall":false,"capacity_m3s":2.88}},{"type":"Feature","geometry":{"type":"LineString","coordinates":[[72.79995,19.18098],[72.79424,19.18098]]},"properties":{"id":171,"to":null,"d_m":3.0,"barrels":2,"outfall":true,"capacity_m3s":28.387}},{"type":"Feature","geometry":{"type":"LineString","coordinates":[[72.81421,19.18098],[72.79995,19.18098]]},"properties":{"id":172,"to":171,"d_m":2.4,"barrels":1,"outfall":false,"capacity_m3s":7.828}},{"type":"Feature","geometry":{"type":"LineString","coordinates":[[72.82276,19.17826],[72.80565,19.1647]]},"properties":{"id":173,"to":191,"d_m":1.8,"barrels":1,"outfall":false,"capacity_m3s":3.635}},{"type":"Feature","geometry":{"type":"LineString","coordinates":[[72.83132,19.17826],[72.82561,19.1647]]},"properties":{"id":174,"to":192,"d_m":2.4,"barrels":1,"outfall":false,"capacity_m3s":7.828}},{"type":"Feature","geometry":{"type":"LineString","coordinates":[[72.83987,19.17284],[72.83132,19.1864]]},"properties":{"id":175,"to":156,"d_m":2.4,"barrels":1,"outfall":false,"capacity_m3s":14.168}},{"type":"Feature","geometry":{"type":"LineString","coordinates":[[72.85128,19.17284],[72.83987,19.17012]]},"properties":{"id":176,"to":194,"d_m":1.5,"barrels":1,"outfall":false,"capacity_m3s":8.267}},{"type":"Feature","geometry":{"type":"LineString","coordinates":[[72.86269,19.17555],[72.85984,19.16198]]},"properties":{"id":177,"to":195,"d_m":1.5,"barrels":1,"outfall":false,"capacity_m3s":7.822}},{"type":"Feature","geometry":{"type":"LineString","coordinates":[[72.8741,19.17284],[72.86554,19.16198]]},"properties":{"id":178,"to":196,"d_m":1.5,"barrels":1,"outfall":false,"capacity_m3s":8.536}},{"type":"Feature","geometry":{"type":"LineString","coordinates":[[72.88551,19.17555],[72.8741,19.17012]]},"properties":{"id":179,"to":197,"d_m":0.9,"barrels":1,"outfall":false,"capacity_m3s":4.876}},{"type":"Feature","geometry":{"type":"LineString","coordinates":[[72.90547,19.17284],[72.91688,19.1647]]},"properties":{"id":180,"to":200,"d_m":0.9,"barrels":1,"outfall":false,"capacity_m3s":3.601}},{"type":"Feature","geometry":{"type":"LineString","coordinates":[[72.91403,19.17284],[72.91973,19.16741]]},"properties":{"id":181,"to":201,"d_m":1.5,"barrels":1,"outfall":false,"capacity_m3s":6.328}},{"type":"Feature","geometry":{"type":"LineString","coordinates":[[72.92258,19.17284],[72.93969,19.16198]]},"properties":{"id":182,"to":202,"d_m":1.5,"barrels":1,"outfall":false,"capacity_m3s":12.799}},{"type":"Feature","geometry":{"type":"LineString","coordinates":[[72.93969,19.17284],[72.9511,19.16198]]},"properties":{"id":183,"to":203,"d_m":1.5,"barrels":1,"outfall":false,"capacity_m3s":8.771}},{"type":"Feature","geometry":{"type":"LineString","coordinates":[[72.94825,19.17284],[72.95966,19.16198]]},"properties":{"id":184,"to":204,"d_m":2.4,"barrels":1,"outfall":false,"capacity_m3s":22.732}},{"type":"Feature","geometry":{"type":"LineString","coordinates":[[72.95966,19.18098],[72.96536,19.16198]]},"properties":{"id":185,"to":205,"d_m":3.0,"barrels":1,"outfall":false,"capacity_m3s":30.959}},{"type":"Feature","geometry":{"type":"LineString","coordinates":[[72.97392,19.17555],[72.96536,19.16198]]},"properties":{"id":186,"to":205,"d_m":3.0,"barrels":2,"outfall":false,"capacity_m3s":28.387}},{"type":"Feature","geometry":{"type":"LineString","coordinates":[[72.97962,19.17555],[72.98818,19.17012]]},"properties":{"id":187,"to":207,"d_m":3.0,"barrels":2,"outfall":false,"capacity_m3s":28.387}},{"type":"Feature","geometry":{"type":"LineString","coordinates":[[72.98818,19.17555],[72.98818,19.17012]]},"properties":{"id":188,"to":207,"d_m":3.0,"barrels":11,"outfall":false,"capacity_m3s":156.131}},{"type":"Feature","geometry":{"type":"LineString","coordinates":[[72.78283,19.16741],[72.78283,19.17012]]},"properties":{"id":189,"to":null,"d_m":1.2,"barrels":1,"outfall":true,"capacity_m3s":3.175}},{"type":"Feature","geometry":{"type":"LineString","coordinates":[[72.8028,19.17012],[72.79995,19.18098]]},"properties":{"id":190,"to":171,"d_m":1.8,"barrels":1,"outfall":false,"capacity_m3s":3.635}},{"type":"Feature","geometry":{"type":"LineString","coordinates":[[72.80565,19.1647],[72.79995,19.18098]]},"properties":{"id":191,"to":171,"d_m":3.0,"barrels":1,"outfall":false,"capacity_m3s":14.194}},{"type":"Feature","geometry":{"type":"LineString","coordinates":[[72.82561,19.1647],[72.80565,19.1647]]},"properties":{"id":192,"to":191,"d_m":2.4,"barrels":1,"outfall":false,"capacity_m3s":7.828}},{"type":"Feature","geometry":{"type":"LineString","coordinates":[[72.82847,19.1647],[72.82276,19.15385]]},"properties":{"id":193,"to":211,"d_m":2.4,"barrels":1,"outfall":false,"capacity_m3s":7.828}},{"type":"Feature","geometry":{"type":"LineString","coordinates":[[72.83987,19.17012],[72.82847,19.15927]]},"properties":{"id":194,"to":212,"d_m":3.0,"barrels":2,"outfall":false,"capacity_m3s":39.163}},{"type":"Feature","geometry":{"type":"LineString","coordinates":[[72.85984,19.16198],[72.83987,19.17012]]},"properties":{"id":195,"to":194,"d_m":2.4,"barrels":1,"outfall":false,"capacity_m3s":15.64}},{"type":"Feature","geometry":{"type":"LineString","coordinates":[[72.86554,19.16198],[72.85128,19.15113]]},"properties":{"id":196,"to":214,"d_m":2.4,"barrels":1,"outfall":false,"capacity_m3s":16.803}},{"type":"Feature","geometry":{"type":"LineString","coordinates":[[72.8741,19.17012],[72.86269,19.15927]]},"properties":{"id":197,"to":215,"d_m":1.8,"barrels":1,"outfall":false,"capacity_m3s":12.863}},{"type":"Feature","geometry":{"type":"LineString","coordinates":[[72.88551,19.1647],[72.8741,19.15927]]},"properties":{"id":198,"to":216,"d_m":1.2,"barrels":1,"outfall":false,"capacity_m3s":5.291}},{"type":"Feature","geometry":{"type":"LineString","coordinates":[[72.90547,19.16198],[72.91688,19.1647]]},"properties":{"id":199,"to":200,"d_m":1.2,"barrels":1,"outfall":false,"capacity_m3s":3.621}},{"type":"Feature","geometry":{"type":"LineString","coordinates":[[72.91688,19.1647],[72.92829,19.15113]]},"properties":{"id":200,"to":219,"d_m":2.4,"barrels":1,"outfall":false,"capacity_m3s":15.966}},{"type":"Feature","geometry":{"type":"LineString","coordinates":[[72.91973,19.16741],[72.93969,19.15113]]},"properties":{"id":201,"to":220,"d_m":1.8,"barrels":1,"outfall":false,"capacity_m3s":15.838}},{"type":"Feature","geometry":{"type":"LineString","coordinates":[[72.93969,19.16198],[72.9511,19.15385]]},"properties":{"id":202,"to":221,"d_m":2.4,"barrels":1,"outfall":false,"capacity_m3s":23.666}},{"type":"Feature","geometry":{"type":"LineString","coordinates":[[72.9511,19.16198],[72.9511,19.15385]]},"properties":{"id":203,"to":221,"d_m":2.4,"barrels":1,"outfall":false,"capacity_m3s":17.89}},{"type":"Feature","geometry":{"type":"LineString","coordinates":[[72.95966,19.16198],[72.97107,19.15385]]},"properties":{"id":204,"to":223,"d_m":3.0,"barrels":2,"outfall":false,"capacity_m3s":28.387}},{"type":"Feature","geometry":{"type":"LineString","coordinates":[[72.96536,19.16198],[72.98247,19.15385]]},"properties":{"id":205,"to":224,"d_m":3.0,"barrels":4,"outfall":false,"capacity_m3s":56.775}},{"type":"Feature","geometry":{"type":"LineString","coordinates":[[72.97677,19.17012],[72.98247,19.15385]]},"properties":{"id":206,"to":224,"d_m":1.8,"barrels":1,"outfall":false,"capacity_m3s":3.635}},{"type":"Feature","geometry":{"type":"LineString","coordinates":[[72.98818,19.17012],[72.98247,19.15385]]},"properties":{"id":207,"to":224,"d_m":3.0,"barrels":13,"outfall":false,"capacity_m3s":184.518}},{"type":"Feature","geometry":{"type":"LineString","coordinates":[[72.78854,19.15927],[72.78283,19.15927]]},"properties":{"id":208,"to":null,"d_m":2.4,"barrels":1,"outfall":true,"capacity_m3s":9.693}},{"type":"Feature","geometry":{"type":"LineString","coordinates":[[72.79709,19.15656],[72.78854,19.15927]]},"properties":{"id":209,"to":208,"d_m":1.8,"barrels":1,"outfall":false,"capacity_m3s":3.635}},{"type":"Feature","geometry":{"type":"LineString","coordinates":[[72.81421,19.15113],[72.79995,19.14842]]},"properties":{"id":210,"to":227,"d_m":1.8,"barrels":1,"outfall":false,"capacity_m3s":3.635}},{"type":"Feature","geometry":{"type":"LineString","coordinates":[[72.82276,19.15385],[72.80565,19.14571]]},"properties":{"id":211,"to":228,"d_m":2.4,"barrels":1,"outfall":false,"capacity_m3s":7.828}},{"type":"Feature","geometry":{"type":"LineString","coordinates":[[72.82847,19.15927],[72.81991,19.14028]]},"properties":{"id":212,"to":229,"d_m":3.0,"barrels":3,"outfall":false,"capacity_m3s":42.581}},{"type":"Feature","geometry":{"type":"LineString","coordinates":[[72.83987,19.15113],[72.82847,19.15927]]},"properties":{"id":213,"to":212,"d_m":2.4,"barrels":1,"outfall":false,"capacity_m3s":13.005}},{"type":"Feature","geometry":{"type":"LineString","coordinates":[[72.85128,19.15113],[72.83987,19.14842]]},"properties":{"id":214,"to":231,"d_m":3.0,"barrels":1,"outfall":false,"capacity_m3s":28.249}},{"type":"Feature","geometry":{"type":"LineString","coordinates":[[72.86269,19.15927],[72.85128,19.14299]]},"properties":{"id":215,"to":232,"d_m":3.0,"barrels":2,"outfall":false,"capacity_m3s":46.16}},{"type":"Feature","geometry":{"type":"LineString","coordinates":[[72.8741,19.15927],[72.86269,19.15927]]},"properties":{"id":216,"to":215,"d_m":1.8,"barrels":1,"outfall":false,"capacity_m3s":13.753}},{"type":"Feature","geometry":{"type":"LineString","coordinates":[[72.88551,19.15927],[72.8741,19.15927]]},"properties":{"id":217,"to":216,"d_m":1.2,"barrels":1,"outfall":false,"capacity_m3s":5.744}},{"type":"Feature","geometry":{"type":"LineString","coordinates":[[72.90547,19.15927],[72.91117,19.14299]]},"properties":{"id":218,"to":237,"d_m":1.5,"barrels":1,"outfall":false,"capacity_m3s":2.235}},{"type":"Feature","geometry":{"type":"LineString","coordinates":[[72.92829,19.15113],[72.93969,19.14028]]},"properties":{"id":219,"to":239,"d_m":1.8,"barrels":1,"outfall":false,"capacity_m3s":17.581}},{"type":"Feature","geometry":{"type":"LineString","coordinates":[[72.93969,19.15113],[72.9511,19.15385]]},"properties":{"id":220,"to":221,"d_m":2.4,"barrels":1,"outfall":false,"capacity_m3s":19.493}},{"type":"Feature","geometry":{"type":"LineString","coordinates":[[72.9511,19.15385],[72.96251,19.14028]]},"properties":{"id":221,"to":241,"d_m":3.0,"barrels":6,"outfall":false,"capacity_m3s":85.162}},{"type":"Feature","geometry":{"type":"LineString","coordinates":[[72.95395,19.15385],[72.97107,19.15385]]},"properties":{"id":222,"to":223,"d_m":1.8,"barrels":1,"outfall":false,"capacity_m3s":3.635}},{"type":"Feature","geometry":{"type":"LineString","coordinates":[[72.97107,19.15385],[72.98247,19.15385]]},"properties":{"id":223,"to":224,"d_m":3.0,"barrels":2,"outfall":false,"capacity_m3s":28.387}},{"type":"Feature","geometry":{"type":"LineString","coordinates":[[72.98247,19.15385],[72.97962,19.15385]]},"properties":{"id":224,"to":null,"d_m":3.0,"barrels":13,"outfall":true,"capacity_m3s":258.75}},{"type":"Feature","geometry":{"type":"LineString","coordinates":[[72.98818,19.15656],[72.98247,19.15385]]},"properties":{"id":225,"to":224,"d_m":1.2,"barrels":1,"outfall":false,"capacity_m3s":1.233}},{"type":"Feature","geometry":{"type":"LineString","coordinates":[[72.78854,19.14028],[72.78569,19.14028]]},"properties":{"id":226,"to":null,"d_m":0.9,"barrels":1,"outfall":true,"capacity_m3s":2.513}},{"type":"Feature","geometry":{"type":"LineString","coordinates":[[72.79995,19.14842],[72.8028,19.14842]]},"properties":{"id":227,"to":null,"d_m":2.4,"barrels":1,"outfall":true,"capacity_m3s":21.674}},{"type":"Feature","geometry":{"type":"LineString","coordinates":[[72.80565,19.14571],[72.79995,19.14842]]},"properties":{"id":228,"to":227,"d_m":3.0,"barrels":1,"outfall":false,"capacity_m3s":14.194}},{"type":"Feature","geometry":{"type":"LineString","coordinates":[[72.81991,19.14028],[72.8085,19.13757]]},"properties":{"id":229,"to":247,"d_m":3.0,"barrels":4,"outfall":false,"capacity_m3s":56.775}},{"type":"Feature","geometry":{"type":"LineString","coordinates":[[72.83417,19.14842],[72.82847,19.12943]]},"properties":{"id":230,"to":249,"d_m":2.4,"barrels":1,"outfall":false,"capacity_m3s":9.282}},{"type":"Feature","geometry":{"type":"LineString","coordinates":[[72.83987,19.14842],[72.82847,19.12943]]},"properties":{"id":231,"to":249,"d_m":3.0,"barrels":6,"outfall":false,"capacity_m3s":90.81}},{"type":"Feature","geometry":{"type":"LineString","coordinates":[[72.85128,19.14299],[72.83987,19.14842]]},"properties":{"id":232,"to":231,"d_m":3.0,"barrels":3,"outfall":false,"capacity_m3s":80.79}},{"type":"Feature","geometry":{"type":"LineString","coordinates":[[72.86269,19.14571],[72.85128,19.14299]]},"properties":{"id":233,"to":232,"d_m":1.2,"barrels":1,"outfall":false,"capacity_m3s":5.059}},{"type":"Feature","geometry":{"type":"LineString","coordinates":[[72.8741,19.14028],[72.86269,19.15927]]},"properties":{"id":234,"to":215,"d_m":1.2,"barrels":1,"outfall":false,"capacity_m3s":4.713}},{"type":"Feature","geometry":{"type":"LineString","coordinates":[[72.88836,19.14028],[72.88265,19.13214]]},"properties":{"id":235,"to":253,"d_m":1.2,"barrels":1,"outfall":false,"capacity_m3s":3.56}},{"type":"Feature","geometry":{"type":"LineString","coordinates":[[72.89691,19.14299],[72.91117,19.12943]]},"properties":{"id":236,"to":256,"d_m":1.5,"barrels":1,"outfall":false,"capacity_m3s":2.859}},{"type":"Feature","geometry":{"type":"LineString","coordinates":[[72.91117,19.14299],[72.92829,19.12943]]},"properties":{"id":237,"to":257,"d_m":1.2,"barrels":1,"outfall":false,"capacity_m3s":5.701}},{"type":"Feature","geometry":{"type":"LineString","coordinates":[[72.92829,19.14028],[72.93969,19.12943]]},"properties":{"id":238,"to":258,"d_m":1.5,"barrels":1,"outfall":false,"capacity_m3s":7.27}},{"type":"Feature","geometry":{"type":"LineString","coordinates":[[72.93969,19.14028],[72.9511,19.15385]]},"properties":{"id":239,"to":221,"d_m":3.0,"barrels":1,"outfall":false,"capacity_m3s":22.762}},{"type":"Feature","geometry":{"type":"LineString","coordinates":[[72.9511,19.14842],[72.96251,19.14028]]},"properties":{"id":240,"to":241,"d_m":2.4,"barrels":1,"outfall":false,"capacity_m3s":7.828}},{"type":"Feature","geometry":{"type":"LineString","coordinates":[[72.96251,19.14028],[72.97107,19.13214]]},"properties":{"id":241,"to":261,"d_m":3.0,"barrels":6,"outfall":false,"capacity_m3s":85.162}},{"type":"Feature","geometry":{"type":"LineString","coordinates":[[72.97107,19.14571],[72.97962,19.12943]]},"properties":{"id":242,"to":262,"d_m":1.8,"barrels":1,"outfall":false,"capacity_m3s":3.635}},{"type":"Feature","geometry":{"type":"LineString","coordinates":[[72.98247,19.14028],[72.97962,19.14028]]},"properties":{"id":243,"to":null,"d_m":1.2,"barrels":1,"outfall":true,"capacity_m3s":1.962}},{"type":"Feature","geometry":{"type":"LineString","coordinates":[[72.98818,19.14028],[72.97962,19.12943]]},"properties":{"id":244,"to":262,"d_m":1.5,"barrels":1,"outfall":false,"capacity_m3s":2.235}},{"type":"Feature","geometry":{"type":"LineString","coordinates":[[72.78854,19.13757],[72.78569,19.13757]]},"properties":{"id":245,"to":null,"d_m":1.2,"barrels":1,"outfall":true,"capacity_m3s":3.84}},{"type":"Feature","geometry":{"type":"LineString","coordinates":[[72.79424,19.13214],[72.79424,19.12943]]},"properties":{"id":246,"to":null,"d_m":0.6,"barrels":1,"outfall":true,"capacity_m3s":1.337}},{"type":"Feature","geometry":{"type":"LineString","coordinates":[[72.8085,19.13757],[72.8085,19.13485]]},"properties":{"id":247,"to":null,"d_m":3.0,"barrels":1,"outfall":true,"capacity_m3s":72.609}},{"type":"Feature","geometry":{"type":"LineString","coordinates":[[72.81991,19.13214],[72.81991,19.12129]]},"properties":{"id":248,"to":264,"d_m":2.4,"barrels":1,"outfall":false,"capacity_m3s":13.313}},{"type":"Feature","geometry":{"type":"LineString","coordinates":[[72.82847,19.12943],[72.81991,19.12129]]},"properties":{"id":249,"to":264,"d_m":3.0,"barrels":9,"outfall":false,"capacity_m3s":127.744}},{"type":"Feature","geometry":{"type":"LineString","coordinates":[[72.83987,19.13757],[72.82847,19.12943]]},"properties":{"id":250,"to":249,"d_m":1.8,"barrels":1,"outfall":false,"capacity_m3s":7.958}},{"type":"Feature","geometry":{"type":"LineString","coordinates":[[72.85128,19.13757],[72.83987,19.14842]]},"properties":{"id":251,"to":231,"d_m":1.8,"barrels":1,"outfall":false,"capacity_m3s":9.097}},{"type":"Feature","geometry":{"type":"LineString","coordinates":[[72.86269,19.13485],[72.85128,19.14299]]},"properties":{"id":252,"to":232,"d_m":2.4,"barrels":1,"outfall":false,"capacity_m3s":25.463}},{"type":"Feature","geometry":{"type":"LineString","coordinates":[[72.88265,19.13214],[72.86269,19.13485]]},"properties":{"id":253,"to":252,"d_m":3.0,"barrels":1,"outfall":false,"capacity_m3s":14.194}},{"type":"Feature","geometry":{"type":"LineString","coordinates":[[72.88551,19.12943],[72.88265,19.13214]]},"properties":{"id":254,"to":253,"d_m":2.4,"barrels":1,"outfall":false,"capacity_m3s":7.828}},{"type":"Feature","geometry":{"type":"LineString","coordinates":[[72.89691,19.13214],[72.91117,19.12672]]},"properties":{"id":255,"to":272,"d_m":1.8,"barrels":1,"outfall":false,"capacity_m3s":3.635}},{"type":"Feature","geometry":{"type":"LineString","coordinates":[[72.91117,19.12943],[72.92829,19.12672]]},"properties":{"id":256,"to":273,"d_m":1.5,"barrels":1,"outfall":false,"capacity_m3s":9.107}},{"type":"Feature","geometry":{"type":"LineString","coordinates":[[72.92829,19.12943],[72.93684,19.124]]},"properties":{"id":257,"to":274,"d_m":1.8,"barrels":1,"outfall":false,"capacity_m3s":8.723}},{"type":"Feature","geometry":{"type":"LineString","coordinates":[[72.93969,19.12943],[72.9511,19.11858]]},"properties":{"id":258,"to":275,"d_m":3.0,"barrels":1,"outfall":false,"capacity_m3s":18.199}},{"type":"Feature","geometry":{"type":"LineString","coordinates":[[72.94825,19.13485],[72.95395,19.11858]]},"properties":{"id":259,"to":276,"d_m":1.8,"barrels":1,"outfall":false,"capacity_m3s":3.635}},{"type":"Feature","geometry":{"type":"LineString","coordinates":[[72.96251,19.13757],[72.97107,19.13214]]},"properties":{"id":260,"to":261,"d_m":1.8,"barrels":1,"outfall":false,"capacity_m3s":3.635}},{"type":"Feature","geometry":{"type":"LineString","coordinates":[[72.97107,19.13214],[72.97107,19.12943]]},"properties":{"id":261,"to":null,"d_m":3.0,"barrels":4,"outfall":true,"capacity_m3s":120.443}},{"type":"Feature","geometry":{"type":"LineString","coordinates":[[72.97962,19.12943],[72.97962,19.13214]]},"properties":{"id":262,"to":null,"d_m":2.4,"barrels":1,"outfall":true,"capacity_m3s":7.828}},{"type":"Feature","geometry":{"type":"LineString","coordinates":[[72.98818,19.13485],[72.97962,19.12672]]},"properties":{"id":263,"to":278,"d_m":0.9,"barrels":1,"outfall":false,"capacity_m3s":0.758}},{"type":"Feature","geometry":{"type":"LineString","coordinates":[[72.81991,19.12129],[72.81991,19.11858]]},"properties":{"id":264,"to":null,"d_m":3.0,"barrels":7,"outfall":true,"capacity_m3s":154.993}},{"type":"Feature","geometry":{"type":"LineString","coordinates":[[72.83417,19.11858],[72.81991,19.12129]]},"properties":{"id":265,"to":264,"d_m":2.4,"barrels":1,"outfall":false,"capacity_m3s":7.828}},{"type":"Feature","geometry":{"type":"LineString","coordinates":[[72.83987,19.12672],[72.82847,19.12943]]},"properties":{"id":266,"to":249,"d_m":1.8,"barrels":1,"outfall":false,"capacity_m3s":8.714}},{"type":"Feature","geometry":{"type":"LineString","coordinates":[[72.85128,19.124],[72.83987,19.10772]]},"properties":{"id":267,"to":282,"d_m":3.0,"barrels":1,"outfall":false,"capacity_m3s":22.755}},{"type":"Feature","geometry":{"type":"LineString","coordinates":[[72.87125,19.11858],[72.85128,19.124]]},"properties":{"id":268,"to":267,"d_m":1.8,"barrels":1,"outfall":false,"capacity_m3s":9.07}},{"type":"Feature","geometry":{"type":"LineString","coordinates":[[72.8798,19.11858],[72.87125,19.10772]]},"properties":{"id":269,"to":284,"d_m":1.8,"barrels":1,"outfall":false,"capacity_m3s":8.525}},{"type":"Feature","geometry":{"type":"LineString","coordinates":[[72.88836,19.124],[72.8741,19.10772]]},"properties":{"id":270,"to":285,"d_m":2.4,"barrels":1,"outfall":false,"capacity_m3s":8.649}},{"type":"Feature","geometry":{"type":"LineString","coordinates":[[72.89977,19.124],[72.91117,19.12672]]},"properties":{"id":271,"to":272,"d_m":1.8,"barrels":1,"outfall":false,"capacity_m3s":3.635}},{"type":"Feature","geometry":{"type":"LineString","coordinates":[[72.91117,19.12672],[72.92829,19.12672]]},"properties":{"id":272,"to":273,"d_m":1.8,"barrels":1,"outfall":false,"capacity_m3s":14.622}},{"type":"Feature","geometry":{"type":"LineString","coordinates":[[72.92829,19.12672],[72.93684,19.124]]},"properties":{"id":273,"to":274,"d_m":3.0,"barrels":2,"outfall":false,"capacity_m3s":44.39}},{"type":"Feature","geometry":{"type":"LineString","coordinates":[[72.93684,19.124],[72.9511,19.11586]]},"properties":{"id":274,"to":291,"d_m":3.0,"barrels":3,"outfall":false,"capacity_m3s":42.581}},{"type":"Feature","geometry":{"type":"LineString","coordinates":[[72.9511,19.11858],[72.95395,19.11858]]},"properties":{"id":275,"to":276,"d_m":3.0,"barrels":2,"outfall":false,"capacity_m3s":28.855}},{"type":"Feature","geometry":{"type":"LineString","coordinates":[[72.95395,19.11858],[72.97107,19.13214]]},"properties":{"id":276,"to":261,"d_m":3.0,"barrels":2,"outfall":false,"capacity_m3s":28.387}},{"type":"Feature","geometry":{"type":"LineString","coordinates":[[72.96536,19.11858],[72.96536,19.11586]]},"properties":{"id":277,"to":null,"d_m":0.9,"barrels":1,"outfall":true,"capacity_m3s":1.398}},{"type":"Feature","geometry":{"type":"LineString","coordinates":[[72.97962,19.12672],[72.97962,19.124]]},"properties":{"id":278,"to":null,"d_m":2.4,"barrels":1,"outfall":true,"capacity_m3s":7.828}},{"type":"Feature","geometry":{"type":"LineString","coordinates":[[72.98818,19.12672],[72.97962,19.12672]]},"properties":{"id":279,"to":278,"d_m":0.9,"barrels":1,"outfall":false,"capacity_m3s":0.967}},{"type":"Feature","geometry":{"type":"LineString","coordinates":[[72.82561,19.10772],[72.82276,19.10772]]},"properties":{"id":280,"to":null,"d_m":3.0,"barrels":2,"outfall":true,"capacity_m3s":142.778}},{"type":"Feature","geometry":{"type":"LineString","coordinates":[[72.83132,19.11586],[72.81991,19.12129]]},"properties":{"id":281,"to":264,"d_m":2.4,"barrels":1,"outfall":false,"capacity_m3s":14.16}},{"type":"Feature","geometry":{"type":"LineString","coordinates":[[72.83987,19.10772],[72.83702,19.09687]]},"properties":{"id":282,"to":296,"d_m":3.0,"barrels":1,"outfall":false,"capacity_m3s":35.23}},{"type":"Feature","geometry":{"type":"LineString","coordinates":[[72.85128,19.11315],[72.83987,19.09687]]},"properties":{"id":283,"to":297,"d_m":2.4,"barrels":1,"outfall":false,"capacity_m3s":16.231}},{"type":"Feature","geometry":{"type":"LineString","coordinates":[[72.87125,19.10772],[72.85699,19.09959]]},"properties":{"id":284,"to":298,"d_m":3.0,"barrels":1,"outfall":false,"capacity_m3s":19.376}},{"type":"Feature","geometry":{"type":"LineString","coordinates":[[72.8741,19.10772],[72.86839,19.09687]]},"properties":{"id":285,"to":299,"d_m":3.0,"barrels":1,"outfall":false,"capacity_m3s":20.688}},{"type":"Feature","geometry":{"type":"LineString","coordinates":[[72.88551,19.10772],[72.8798,19.09687]]},"properties":{"id":286,"to":300,"d_m":2.4,"barrels":1,"outfall":false,"capacity_m3s":12.841}},{"type":"Feature","geometry":{"type":"LineString","coordinates":[[72.89691,19.10772],[72.91688,19.09687]]},"properties":{"id":287,"to":303,"d_m":1.8,"barrels":1,"outfall":false,"capacity_m3s":6.041}},{"type":"Feature","geometry":{"type":"LineString","coordinates":[[72.91688,19.10772],[72.92829,19.09687]]},"properties":{"id":288,"to":304,"d_m":1.2,"barrels":1,"outfall":false,"capacity_m3s":6.228}},{"type":"Feature","geometry":{"type":"LineString","coordinates":[[72.92829,19.11586],[72.93969,19.10501]]},"properties":{"id":289,"to":305,"d_m":1.8,"barrels":1,"outfall":false,"capacity_m3s":8.413}},{"type":"Feature","geometry":{"type":"LineString","coordinates":[[72.93969,19.11044],[72.9511,19.11586]]},"properties":{"id":290,"to":291,"d_m":2.4,"barrels":1,"outfall":false,"capacity_m3s":7.828}},{"type":"Feature","geometry":{"type":"LineString","coordinates":[[72.9511,19.11586],[72.95966,19.1023]]},"properties":{"id":291,"to":307,"d_m":3.0,"barrels":4,"outfall":false,"capacity_m3s":56.775}},{"type":"Feature","geometry":{"type":"LineString","coordinates":[[72.95395,19.11586],[72.95966,19.1023]]},"properties":{"id":292,"to":307,"d_m":1.8,"barrels":1,"outfall":false,"capacity_m3s":3.635}},{"type":"Feature","geometry":{"type":"LineString","coordinates":[[72.98533,19.10772],[72.97677,19.10772]]},"properties":{"id":293,"to":null,"d_m":1.5,"barrels":1,"outfall":true,"capacity_m3s":2.391}},{"type":"Feature","geometry":{"type":"LineString","coordinates":[[72.98818,19.11586],[72.97962,19.12672]]},"properties":{"id":294,"to":278,"d_m":1.2,"barrels":1,"outfall":false,"capacity_m3s":1.462}},{"type":"Feature","geometry":{"type":"LineString","coordinates":[[72.82561,19.09959],[72.82561,19.09687]]},"properties":{"id":295,"to":null,"d_m":0.9,"barrels":1,"outfall":true,"capacity_m3s":3.031}},{"type":"Feature","geometry":{"type":"LineString","coordinates":[[72.83702,19.09687],[72.82561,19.10772]]},"properties":{"id":296,"to":280,"d_m":3.0,"barrels":8,"outfall":false,"capacity_m3s":113.55}},{"type":"Feature","geometry":{"type":"LineString","coordinates":[[72.83987,19.09687],[72.83702,19.09687]]},"properties":{"id":297,"to":296,"d_m":2.4,"barrels":1,"outfall":false,"capacity_m3s":32.59}},{"type":"Feature","geometry":{"type":"LineString","coordinates":[[72.85699,19.09959],[72.84558,19.08873]]},"properties":{"id":298,"to":311,"d_m":3.0,"barrels":1,"outfall":false,"capacity_m3s":33.351}},{"type":"Feature","geometry":{"type":"LineString","coordinates":[[72.86839,19.09687],[72.85128,19.08602]]},"properties":{"id":299,"to":312,"d_m":3.0,"barrels":1,"outfall":false,"capacity_m3s":27.345}},{"type":"Feature","geometry":{"type":"LineString","coordinates":[[72.8798,19.09687],[72.87695,19.08602]]},"properties":{"id":300,"to":314,"d_m":2.4,"barrels":1,"outfall":false,"capacity_m3s":15.959}},{"type":"Feature","geometry":{"type":"LineString","coordinates":[[72.88836,19.1023],[72.87695,19.08602]]},"properties":{"id":301,"to":314,"d_m":2.4,"barrels":1,"outfall":false,"capacity_m3s":14.142}},{"type":"Feature","geometry":{"type":"LineString","coordinates":[[72.89691,19.1023],[72.91688,19.08602]]},"properties":{"id":302,"to":317,"d_m":1.8,"barrels":1,"outfall":false,"capacity_m3s":7.817}},{"type":"Feature","geometry":{"type":"LineString","coordinates":[[72.91688,19.09687],[72.92258,19.08602]]},"properties":{"id":303,"to":318,"d_m":2.4,"barrels":1,"outfall":false,"capacity_m3s":23.704}},{"type":"Feature","geometry":{"type":"LineString","coordinates":[[72.92829,19.09687],[72.93399,19.08873]]},"properties":{"id":304,"to":319,"d_m":2.4,"barrels":1,"outfall":false,"capacity_m3s":12.528}},{"type":"Feature","geometry":{"type":"LineString","coordinates":[[72.93969,19.10501],[72.9511,19.11586]]},"properties":{"id":305,"to":291,"d_m":3.0,"barrels":1,"outfall":false,"capacity_m3s":14.194}},{"type":"Feature","geometry":{"type":"LineString","coordinates":[[72.94825,19.09959],[72.95681,19.09145]]},"properties":{"id":306,"to":321,"d_m":1.8,"barrels":1,"outfall":false,"capacity_m3s":3.635}},{"type":"Feature","geometry":{"type":"LineString","coordinates":[[72.95966,19.1023],[72.95966,19.09959]]},"properties":{"id":307,"to":null,"d_m":3.0,"barrels":3,"outfall":true,"capacity_m3s":82.278}},{"type":"Feature","geometry":{"type":"LineString","coordinates":[[72.98533,19.10501],[72.98247,19.09959]]},"properties":{"id":308,"to":null,"d_m":1.5,"barrels":1,"outfall":true,"capacity_m3s":2.379}},{"type":"Feature","geometry":{"type":"LineString","coordinates":[[72.98818,19.10501],[72.98533,19.08602]]},"properties":{"id":309,"to":322,"d_m":1.2,"barrels":1,"outfall":false,"capacity_m3s":1.233}},{"type":"Feature","geometry":{"type":"LineString","coordinates":[[72.83132,19.09416],[72.82561,19.08059]]},"properties":{"id":310,"to":324,"d_m":3.0,"barrels":1,"outfall":false,"capacity_m3s":14.517}},{"type":"Feature","geometry":{"type":"LineString","coordinates":[[72.84558,19.08873],[72.83702,19.09687]]},"properties":{"id":311,"to":296,"d_m":3.0,"barrels":5,"outfall":false,"capacity_m3s":70.969}},{"type":"Feature","geometry":{"type":"LineString","coordinates":[[72.85128,19.08602],[72.84558,19.08873]]},"properties":{"id":312,"to":311,"d_m":3.0,"barrels":3,"outfall":false,"capacity_m3s":42.581}},{"type":"Feature","geometry":{"type":"LineString","coordinates":[[72.87125,19.08873],[72.85413,19.07517]]},"properties":{"id":313,"to":327,"d_m":2.4,"barrels":1,"outfall":false,"capacity_m3s":7.828}},{"type":"Feature","geometry":{"type":"LineString","coordinates":[[72.87695,19.08602],[72.87125,19.07517]]},"properties":{"id":314,"to":328,"d_m":3.0,"barrels":3,"outfall":false,"capacity_m3s":42.581}},{"type":"Feature","geometry":{"type":"LineString","coordinates":[[72.88551,19.08873],[72.8798,19.07788]]},"properties":{"id":315,"to":329,"d_m":1.8,"barrels":1,"outfall":false,"capacity_m3s":7.958}},{"type":"Feature","geometry":{"type":"LineString","coordinates":[[72.89691,19.08602],[72.91688,19.07788]]},"properties":{"id":316,"to":332,"d_m":2.4,"barrels":1,"outfall":false,"capacity_m3s":15.485}},{"type":"Feature","geometry":{"type":"LineString","coordinates":[[72.91688,19.08602],[72.92543,19.07517]]},"properties":{"id":317,"to":333,"d_m":3.0,"barrels":1,"outfall":false,"capacity_m3s":19.702}},{"type":"Feature","geometry":{"type":"LineString","coordinates":[[72.92258,19.08602],[72.93399,19.08873]]},"properties":{"id":318,"to":319,"d_m":3.0,"barrels":2,"outfall":false,"capacity_m3s":30.414}},{"type":"Feature","geometry":{"type":"LineString","coordinates":[[72.93399,19.08873],[72.94255,19.08331]]},"properties":{"id":319,"to":335,"d_m":3.0,"barrels":3,"outfall":false,"capacity_m3s":42.581}},{"type":"Feature","geometry":{"type":"LineString","coordinates":[[72.94825,19.08873],[72.95681,19.09145]]},"properties":{"id":320,"to":321,"d_m":1.8,"barrels":1,"outfall":false,"capacity_m3s":3.635}},{"type":"Feature","geometry":{"type":"LineString","coordinates":[[72.95681,19.09145],[72.95681,19.08873]]},"properties":{"id":321,"to":null,"d_m":3.0,"barrels":4,"outfall":true,"capacity_m3s":69.538}},{"type":"Feature","geometry":{"type":"LineString","coordinates":[[72.98533,19.08602],[72.98533,19.08331]]},"properties":{"id":322,"to":null,"d_m":1.8,"barrels":1,"outfall":true,"capacity_m3s":3.635}},{"type":"Feature","geometry":{"type":"LineString","coordinates":[[72.98818,19.09145],[72.98533,19.08602]]},"properties":{"id":323,"to":322,"d_m":1.2,"barrels":1,"outfall":false,"capacity_m3s":1.404}},{"type":"Feature","geometry":{"type":"LineString","coordinates":[[72.82561,19.08059],[72.82276,19.08059]]},"properties":{"id":324,"to":null,"d_m":3.0,"barrels":2,"outfall":true,"capacity_m3s":42.421}},{"type":"Feature","geometry":{"type":"LineString","coordinates":[[72.82847,19.08059],[72.82561,19.08059]]},"properties":{"id":325,"to":324,"d_m":1.8,"barrels":1,"outfall":false,"capacity_m3s":10.68}},{"type":"Feature","geometry":{"type":"LineString","coordinates":[[72.84843,19.07517],[72.83132,19.09416]]},"properties":{"id":326,"to":310,"d_m":2.4,"barrels":1,"outfall":false,"capacity_m3s":7.828}},{"type":"Feature","geometry":{"type":"LineString","coordinates":[[72.85413,19.07517],[72.85413,19.07246]]},"properties":{"id":327,"to":342,"d_m":2.4,"barrels":1,"outfall":false,"capacity_m3s":17.795}},{"type":"Feature","geometry":{"type":"LineString","coordinates":[[72.87125,19.07517],[72.85413,19.07246]]},"properties":{"id":328,"to":342,"d_m":3.0,"barrels":2,"outfall":false,"capacity_m3s":45.215}},{"type":"Feature","geometry":{"type":"LineString","coordinates":[[72.8798,19.07788],[72.86839,19.06974]]},"properties":{"id":329,"to":343,"d_m":3.0,"barrels":2,"outfall":false,"capacity_m3s":28.387}},{"type":"Feature","geometry":{"type":"LineString","coordinates":[[72.89406,19.07517],[72.8798,19.07788]]},"properties":{"id":330,"to":329,"d_m":2.4,"barrels":1,"outfall":false,"capacity_m3s":7.828}},{"type":"Feature","geometry":{"type":"LineString","coordinates":[[72.89691,19.07788],[72.91403,19.06703]]},"properties":{"id":331,"to":347,"d_m":2.4,"barrels":1,"outfall":false,"capacity_m3s":10.881}},{"type":"Feature","geometry":{"type":"LineString","coordinates":[[72.91688,19.07788],[72.91973,19.06974]]},"properties":{"id":332,"to":348,"d_m":3.0,"barrels":1,"outfall":false,"capacity_m3s":22.482}},{"type":"Feature","geometry":{"type":"LineString","coordinates":[[72.92543,19.07517],[72.93969,19.07246]]},"properties":{"id":333,"to":349,"d_m":3.0,"barrels":2,"outfall":false,"capacity_m3s":28.387}},{"type":"Feature","geometry":{"type":"LineString","coordinates":[[72.93399,19.07788],[72.94255,19.08331]]},"properties":{"id":334,"to":335,"d_m":1.8,"barrels":1,"outfall":false,"capacity_m3s":3.666}},{"type":"Feature","geometry":{"type":"LineString","coordinates":[[72.94255,19.08331],[72.95681,19.09145]]},"properties":{"id":335,"to":321,"d_m":3.0,"barrels":5,"outfall":false,"capacity_m3s":70.969}},{"type":"Feature","geometry":{"type":"LineString","coordinates":[[72.95681,19.08059],[72.95966,19.08059]]},"properties":{"id":336,"to":null,"d_m":1.2,"barrels":1,"outfall":true,"capacity_m3s":2.82}},{"type":"Feature","geometry":{"type":"LineString","coordinates":[[72.98533,19.07788],[72.98533,19.08059]]},"properties":{"id":337,"to":null,"d_m":0.9,"barrels":1,"outfall":true,"capacity_m3s":0.572}},{"type":"Feature","geometry":{"type":"LineString","coordinates":[[72.98818,19.08059],[72.98533,19.08602]]},"properties":{"id":338,"to":322,"d_m":1.2,"barrels":1,"outfall":false,"capacity_m3s":1.233}},{"type":"Feature","geometry":{"type":"LineString","coordinates":[[72.82276,19.06432],[72.81991,19.06432]]},"properties":{"id":339,"to":null,"d_m":1.2,"barrels":1,"outfall":true,"capacity_m3s":3.786}},{"type":"Feature","geometry":{"type":"LineString","coordinates":[[72.83702,19.06432],[72.82561,19.08059]]},"properties":{"id":340,"to":324,"d_m":2.4,"barrels":1,"outfall":false,"capacity_m3s":16.012}},{"type":"Feature","geometry":{"type":"LineString","coordinates":[[72.84273,19.06432],[72.84273,19.05346]]},"properties":{"id":341,"to":356,"d_m":2.4,"barrels":1,"outfall":false,"capacity_m3s":10.72}},{"type":"Feature","geometry":{"type":"LineString","coordinates":[[72.85413,19.07246],[72.84273,19.05346]]},"properties":{"id":342,"to":356,"d_m":3.0,"barrels":5,"outfall":false,"capacity_m3s":70.969}},{"type":"Feature","geometry":{"type":"LineString","coordinates":[[72.86839,19.06974],[72.85699,19.05618]]},"properties":{"id":343,"to":357,"d_m":3.0,"barrels":2,"outfall":false,"capacity_m3s":40.552}},{"type":"Feature","geometry":{"type":"LineString","coordinates":[[72.8741,19.07246],[72.86839,19.05618]]},"properties":{"id":344,"to":358,"d_m":2.4,"barrels":1,"outfall":false,"capacity_m3s":9.04}},{"type":"Feature","geometry":{"type":"LineString","coordinates":[[72.89121,19.06974],[72.8798,19.05618]]},"properties":{"id":345,"to":359,"d_m":2.4,"barrels":1,"outfall":false,"capacity_m3s":7.828}},{"type":"Feature","geometry":{"type":"LineString","coordinates":[[72.89691,19.07246],[72.91403,19.06703]]},"properties":{"id":346,"to":347,"d_m":2.4,"barrels":1,"outfall":false,"capacity_m3s":10.753}},{"type":"Feature","geometry":{"type":"LineString","coordinates":[[72.91403,19.06703],[72.91973,19.06974]]},"properties":{"id":347,"to":348,"d_m":3.0,"barrels":2,"outfall":false,"capacity_m3s":28.387}},{"type":"Feature","geometry":{"type":"LineString","coordinates":[[72.91973,19.06974],[72.93969,19.05618]]},"properties":{"id":348,"to":364,"d_m":3.0,"barrels":4,"outfall":false,"capacity_m3s":56.775}},{"type":"Feature","geometry":{"type":"LineString","coordinates":[[72.93969,19.07246],[72.94255,19.08331]]},"properties":{"id":349,"to":335,"d_m":3.0,"barrels":2,"outfall":false,"capacity_m3s":28.387}},{"type":"Feature","geometry":{"type":"LineString","coordinates":[[72.94825,19.06974],[72.95681,19.05346]]},"properties":{"id":350,"to":366,"d_m":1.8,"barrels":1,"outfall":false,"capacity_m3s":3.635}},{"type":"Feature","geometry":{"type":"LineString","coordinates":[[72.95395,19.06432],[72.95395,19.06703]]},"properties":{"id":351,"to":null,"d_m":1.2,"barrels":1,"outfall":true,"capacity_m3s":1.699}},{"type":"Feature","geometry":{"type":"LineString","coordinates":[[72.98247,19.06974],[72.98247,19.07246]]},"properties":{"id":352,"to":null,"d_m":2.4,"barrels":1,"outfall":true,"capacity_m3s":7.828}},{"type":"Feature","geometry":{"type":"LineString","coordinates":[[72.98818,19.06432],[72.98247,19.06974]]},"properties":{"id":353,"to":352,"d_m":1.5,"barrels":1,"outfall":false,"capacity_m3s":2.235}},{"type":"Feature","geometry":{"type":"LineString","coordinates":[[72.82276,19.05346],[72.82276,19.05618]]},"properties":{"id":354,"to":null,"d_m":1.2,"barrels":1,"outfall":true,"capacity_m3s":5.138}},{"type":"Feature","geometry":{"type":"LineString","coordinates":[[72.83702,19.05346],[72.83132,19.04804]]},"properties":{"id":355,"to":368,"d_m":1.8,"barrels":1,"outfall":false,"capacity_m3s":8.454}},{"type":"Feature","geometry":{"type":"LineString","coordinates":[[72.84273,19.05346],[72.83132,19.04804]]},"properties":{"id":356,"to":368,"d_m":3.0,"barrels":6,"outfall":false,"capacity_m3s":85.162}},{"type":"Feature","geometry":{"type":"LineString","coordinates":[[72.85699,19.05618],[72.83987,19.04804]]},"properties":{"id":357,"to":369,"d_m":3.0,"barrels":5,"outfall":false,"capacity_m3s":70.969}},{"type":"Feature","geometry":{"type":"LineString","coordinates":[[72.86839,19.05618],[72.85699,19.05618]]},"properties":{"id":358,"to":357,"d_m":3.0,"barrels":2,"outfall":false,"capacity_m3s":43.746}},{"type":"Feature","geometry":{"type":"LineString","coordinates":[[72.8798,19.05618],[72.86839,19.05618]]},"properties":{"id":359,"to":358,"d_m":3.0,"barrels":1,"outfall":false,"capacity_m3s":14.194}},{"type":"Feature","geometry":{"type":"LineString","coordinates":[[72.89121,19.05889],[72.89691,19.04804]]},"properties":{"id":360,"to":374,"d_m":2.4,"barrels":1,"outfall":false,"capacity_m3s":7.828}},{"type":"Feature","geometry":{"type":"LineString","coordinates":[[72.90547,19.0616],[72.91688,19.05075]]},"properties":{"id":361,"to":375,"d_m":2.4,"barrels":1,"outfall":false,"capacity_m3s":7.828}},{"type":"Feature","geometry":{"type":"LineString","coordinates":[[72.90832,19.0616],[72.91973,19.06974]]},"properties":{"id":362,"to":348,"d_m":2.4,"barrels":1,"outfall":false,"capacity_m3s":9.062}},{"type":"Feature","geometry":{"type":"LineString","coordinates":[[72.92829,19.05346],[72.93969,19.05618]]},"properties":{"id":363,"to":364,"d_m":2.4,"barrels":1,"outfall":false,"capacity_m3s":12.211}},{"type":"Feature","geometry":{"type":"LineString","coordinates":[[72.93969,19.05618],[72.94825,19.04533]]},"properties":{"id":364,"to":378,"d_m":3.0,"barrels":5,"outfall":false,"capacity_m3s":70.969}},{"type":"Feature","geometry":{"type":"LineString","coordinates":[[72.94825,19.05889],[72.95681,19.05075]]},"properties":{"id":365,"to":379,"d_m":1.8,"barrels":1,"outfall":false,"capacity_m3s":3.635}},{"type":"Feature","geometry":{"type":"LineString","coordinates":[[72.95681,19.05346],[72.96251,19.05346]]},"properties":{"id":366,"to":null,"d_m":2.4,"barrels":1,"outfall":true,"capacity_m3s":7.828}},{"type":"Feature","geometry":{"type":"LineString","coordinates":[[72.82276,19.04261],[72.82276,19.0399]]},"properties":{"id":367,"to":null,"d_m":1.2,"barrels":1,"outfall":true,"capacity_m3s":5.317}},{"type":"Feature","geometry":{"type":"LineString","coordinates":[[72.83132,19.04804],[72.83132,19.04533]]},"properties":{"id":368,"to":null,"d_m":3.0,"barrels":5,"outfall":true,"capacity_m3s":206.916}},{"type":"Feature","geometry":{"type":"LineString","coordinates":[[72.83987,19.04804],[72.83132,19.04804]]},"properties":{"id":369,"to":368,"d_m":3.0,"barrels":7,"outfall":false,"capacity_m3s":99.356}},{"type":"Feature","geometry":{"type":"LineString","coordinates":[[72.85128,19.04804],[72.83987,19.04804]]},"properties":{"id":370,"to":369,"d_m":2.4,"barrels":1,"outfall":false,"capacity_m3s":7.828}},{"type":"Feature","geometry":{"type":"LineString","coordinates":[[72.86554,19.05075],[72.85699,19.05618]]},"properties":{"id":371,"to":357,"d_m":1.8,"barrels":1,"outfall":false,"capacity_m3s":7.665}},{"type":"Feature","geometry":{"type":"LineString","coordinates":[[72.8798,19.04261],[72.88551,19.03176]]},"properties":{"id":372,"to":384,"d_m":2.4,"barrels":1,"outfall":false,"capacity_m3s":9.653}},{"type":"Feature","geometry":{"type":"LineString","coordinates":[[72.88836,19.04533],[72.88551,19.03176]]},"properties":{"id":373,"to":384,"d_m":2.4,"barrels":1,"outfall":false,"capacity_m3s":10.245}},{"type":"Feature","geometry":{"type":"LineString","coordinates":[[72.89691,19.04804],[72.91688,19.0399]]},"properties":{"id":374,"to":386,"d_m":3.0,"barrels":1,"outfall":false,"capacity_m3s":14.194}},{"type":"Feature","geometry":{"type":"LineString","coordinates":[[72.91688,19.05075],[72.92829,19.0399]]},"properties":{"id":375,"to":387,"d_m":3.0,"barrels":1,"outfall":false,"capacity_m3s":14.194}},{"type":"Feature","geometry":{"type":"LineString","coordinates":[[72.92829,19.05075],[72.93969,19.05618]]},"properties":{"id":376,"to":364,"d_m":2.4,"barrels":1,"outfall":false,"capacity_m3s":7.828}},{"type":"Feature","geometry":{"type":"LineString","coordinates":[[72.93969,19.05075],[72.94825,19.04533]]},"properties":{"id":377,"to":378,"d_m":2.4,"barrels":1,"outfall":false,"capacity_m3s":10.348}},{"type":"Feature","geometry":{"type":"LineString","coordinates":[[72.94825,19.04533],[72.95681,19.05075]]},"properties":{"id":378,"to":379,"d_m":3.0,"barrels":6,"outfall":false,"capacity_m3s":85.162}},{"type":"Feature","geometry":{"type":"LineString","coordinates":[[72.95681,19.05075],[72.96251,19.05075]]},"properties":{"id":379,"to":null,"d_m":3.0,"barrels":7,"outfall":true,"capacity_m3s":99.356}},{"type":"Feature","geometry":{"type":"LineString","coordinates":[[72.84843,19.03719],[72.83132,19.04804]]},"properties":{"id":380,"to":368,"d_m":2.4,"barrels":1,"outfall":false,"capacity_m3s":7.828}},{"type":"Feature","geometry":{"type":"LineString","coordinates":[[72.85128,19.03719],[72.83987,19.04804]]},"properties":{"id":381,"to":369,"d_m":2.4,"barrels":1,"outfall":false,"capacity_m3s":10.563}},{"type":"Feature","geometry":{"type":"LineString","coordinates":[[72.87125,19.0399],[72.88265,19.02905]]},"properties":{"id":382,"to":396,"d_m":2.4,"barrels":1,"outfall":false,"capacity_m3s":10.933}},{"type":"Feature","geometry":{"type":"LineString","coordinates":[[72.88265,19.03447],[72.88551,19.02905]]},"properties":{"id":383,"to":397,"d_m":1.8,"barrels":1,"outfall":false,"capacity_m3s":7.115}},{"type":"Feature","geometry":{"type":"LineString","coordinates":[[72.88551,19.03176],[72.88551,19.02905]]},"properties":{"id":384,"to":397,"d_m":2.4,"barrels":1,"outfall":false,"capacity_m3s":19.388}},{"type":"Feature","geometry":{"type":"LineString","coordinates":[[72.89691,19.03176],[72.88551,19.02905]]},"properties":{"id":385,"to":397,"d_m":1.5,"barrels":1,"outfall":false,"capacity_m3s":7.869}},{"type":"Feature","geometry":{"type":"LineString","coordinates":[[72.91688,19.0399],[72.92829,19.02091]]},"properties":{"id":386,"to":400,"d_m":2.4,"barrels":1,"outfall":false,"capacity_m3s":23.253}},{"type":"Feature","geometry":{"type":"LineString","coordinates":[[72.92829,19.0399],[72.93684,19.02362]]},"properties":{"id":387,"to":401,"d_m":2.4,"barrels":1,"outfall":false,"capacity_m3s":19.235}},{"type":"Feature","geometry":{"type":"LineString","coordinates":[[72.93114,19.0399],[72.94825,19.04533]]},"properties":{"id":388,"to":378,"d_m":1.5,"barrels":1,"outfall":false,"capacity_m3s":5.763}},{"type":"Feature","geometry":{"type":"LineString","coordinates":[[72.9511,19.0399],[72.95681,19.05075]]},"properties":{"id":389,"to":379,"d_m":1.8,"barrels":1,"outfall":false,"capacity_m3s":5.051}},{"type":"Feature","geometry":{"type":"LineString","coordinates":[[72.95395,19.03447],[72.95966,19.03447]]},"properties":{"id":390,"to":null,"d_m":1.5,"barrels":1,"outfall":true,"capacity_m3s":3.187}},{"type":"Feature","geometry":{"type":"LineString","coordinates":[[72.81706,19.02362],[72.81706,19.02633]]},"properties":{"id":391,"to":null,"d_m":1.8,"barrels":1,"outfall":true,"capacity_m3s":13.005}},{"type":"Feature","geometry":{"type":"LineString","coordinates":[[72.83702,19.02905],[72.83702,19.03176]]},"properties":{"id":392,"to":null,"d_m":1.8,"barrels":1,"outfall":true,"capacity_m3s":18.368}},{"type":"Feature","geometry":{"type":"LineString","coordinates":[[72.84843,19.02633],[72.83702,19.02905]]},"properties":{"id":393,"to":392,"d_m":2.4,"barrels":1,"outfall":false,"capacity_m3s":7.828}},{"type":"Feature","geometry":{"type":"LineString","coordinates":[[72.85128,19.02905],[72.87125,19.01277]]},"properties":{"id":394,"to":408,"d_m":2.4,"barrels":1,"outfall":false,"capacity_m3s":11.597}},{"type":"Feature","geometry":{"type":"LineString","coordinates":[[72.87125,19.02905],[72.87695,19.0182]]},"properties":{"id":395,"to":409,"d_m":1.8,"barrels":1,"outfall":false,"capacity_m3s":7.649}},{"type":"Feature","geometry":{"type":"LineString","coordinates":[[72.88265,19.02905],[72.87695,19.0182]]},"properties":{"id":396,"to":409,"d_m":3.0,"barrels":1,"outfall":false,"capacity_m3s":18.01}},{"type":"Feature","geometry":{"type":"LineString","coordinates":[[72.88551,19.02905],[72.87695,19.0182]]},"properties":{"id":397,"to":409,"d_m":3.0,"barrels":3,"outfall":false,"capacity_m3s":42.581}},{"type":"Feature","geometry":{"type":"LineString","coordinates":[[72.89691,19.02091],[72.88551,19.01006]]},"properties":{"id":398,"to":410,"d_m":1.8,"barrels":1,"outfall":false,"capacity_m3s":8.048}},{"type":"Feature","geometry":{"type":"LineString","coordinates":[[72.90832,19.02091],[72.92829,19.01006]]},"properties":{"id":399,"to":413,"d_m":1.2,"barrels":1,"outfall":false,"capacity_m3s":4.374}},{"type":"Feature","geometry":{"type":"LineString","coordinates":[[72.92829,19.02091],[72.93684,19.01277]]},"properties":{"id":400,"to":414,"d_m":2.4,"barrels":1,"outfall":false,"capacity_m3s":21.888}},{"type":"Feature","geometry":{"type":"LineString","coordinates":[[72.93684,19.02362],[72.93684,19.01277]]},"properties":{"id":401,"to":414,"d_m":3.0,"barrels":1,"outfall":false,"capacity_m3s":27.791}},{"type":"Feature","geometry":{"type":"LineString","coordinates":[[72.9511,19.02362],[72.93684,19.01277]]},"properties":{"id":402,"to":414,"d_m":1.5,"barrels":1,"outfall":false,"capacity_m3s":3.177}},{"type":"Feature","geometry":{"type":"LineString","coordinates":[[72.95395,19.02633],[72.95395,19.02362]]},"properties":{"id":403,"to":null,"d_m":0.9,"barrels":1,"outfall":true,"capacity_m3s":1.237}},{"type":"Feature","geometry":{"type":"LineString","coordinates":[[72.81991,19.0182],[72.81135,19.00192]]},"properties":{"id":404,"to":415,"d_m":2.4,"barrels":1,"outfall":false,"capacity_m3s":7.828}},{"type":"Feature","geometry":{"type":"LineString","coordinates":[[72.83702,19.01006],[72.81706,19.02362]]},"properties":{"id":405,"to":391,"d_m":2.4,"barrels":1,"outfall":false,"capacity_m3s":7.828}},{"type":"Feature","geometry":{"type":"LineString","coordinates":[[72.83987,19.01277],[72.83702,19.02905]]},"properties":{"id":406,"to":392,"d_m":2.4,"barrels":1,"outfall":false,"capacity_m3s":7.828}},{"type":"Feature","geometry":{"type":"LineString","coordinates":[[72.85984,19.01277],[72.87125,19.00734]]},"properties":{"id":407,"to":420,"d_m":2.4,"barrels":1,"outfall":false,"capacity_m3s":11.627}},{"type":"Feature","geometry":{"type":"LineString","coordinates":[[72.87125,19.01277],[72.87695,19.00734]]},"properties":{"id":408,"to":421,"d_m":3.0,"barrels":1,"outfall":false,"capacity_m3s":14.194}},{"type":"Feature","geometry":{"type":"LineString","coordinates":[[72.87695,19.0182],[72.88551,19.00463]]},"properties":{"id":409,"to":422,"d_m":3.0,"barrels":5,"outfall":false,"capacity_m3s":70.969}},{"type":"Feature","geometry":{"type":"LineString","coordinates":[[72.88551,19.01006],[72.88551,19.00463]]},"properties":{"id":410,"to":422,"d_m":3.0,"barrels":1,"outfall":false,"capacity_m3s":14.194}},{"type":"Feature","geometry":{"type":"LineString","coordinates":[[72.89691,19.01277],[72.88551,19.00463]]},"properties":{"id":411,"to":422,"d_m":2.4,"barrels":1,"outfall":false,"capacity_m3s":16.445}},{"type":"Feature","geometry":{"type":"LineString","coordinates":[[72.90832,19.0182],[72.91973,19.00192]]},"properties":{"id":412,"to":425,"d_m":1.2,"barrels":1,"outfall":false,"capacity_m3s":4.315}},{"type":"Feature","geometry":{"type":"LineString","coordinates":[[72.92829,19.01006],[72.93684,19.01277]]},"properties":{"id":413,"to":414,"d_m":1.8,"barrels":1,"outfall":false,"capacity_m3s":8.616}},{"type":"Feature","geometry":{"type":"LineString","coordinates":[[72.93684,19.01277],[72.93684,19.01006]]},"properties":{"id":414,"to":null,"d_m":3.0,"barrels":4,"outfall":true,"capacity_m3s":56.775}},{"type":"Feature","geometry":{"type":"LineString","coordinates":[[72.81135,19.00192],[72.81135,19.00463]]},"properties":{"id":415,"to":null,"d_m":1.8,"barrels":1,"outfall":true,"capacity_m3s":12.038}},{"type":"Feature","geometry":{"type":"LineString","coordinates":[[72.82276,18.9992],[72.81135,18.99649]]},"properties":{"id":416,"to":426,"d_m":2.4,"barrels":1,"outfall":false,"capacity_m3s":13.918}},{"type":"Feature","geometry":{"type":"LineString","coordinates":[[72.83702,19.00734],[72.81991,18.98835]]},"properties":{"id":417,"to":427,"d_m":2.4,"barrels":1,"outfall":false,"capacity_m3s":8.473}},{"type":"Feature","geometry":{"type":"LineString","coordinates":[[72.83987,19.00734],[72.85984,18.99649]]},"properties":{"id":418,"to":430,"d_m":2.4,"barrels":1,"outfall":false,"capacity_m3s":11.367}},{"type":"Feature","geometry":{"type":"LineString","coordinates":[[72.85984,19.00463],[72.87125,19.00734]]},"properties":{"id":419,"to":420,"d_m":2.4,"barrels":1,"outfall":false,"capacity_m3s":12.312}},{"type":"Feature","geometry":{"type":"LineString","coordinates":[[72.87125,19.00734],[72.87125,19.00463]]},"properties":{"id":420,"to":null,"d_m":3.0,"barrels":1,"outfall":true,"capacity_m3s":21.37}},{"type":"Feature","geometry":{"type":"LineString","coordinates":[[72.87695,19.00734],[72.87695,19.00463]]},"properties":{"id":421,"to":null,"d_m":3.0,"barrels":1,"outfall":true,"capacity_m3s":14.194}},{"type":"Feature","geometry":{"type":"LineString","coordinates":[[72.88551,19.00463],[72.88265,19.00463]]},"properties":{"id":422,"to":null,"d_m":3.0,"barrels":7,"outfall":true,"capacity_m3s":99.356}},{"type":"Feature","geometry":{"type":"LineString","coordinates":[[72.89691,18.9992],[72.88551,19.00463]]},"properties":{"id":423,"to":422,"d_m":2.4,"barrels":1,"outfall":false,"capacity_m3s":13.817}},{"type":"Feature","geometry":{"type":"LineString","coordinates":[[72.91688,18.9992],[72.91973,19.00192]]},"properties":{"id":424,"to":425,"d_m":1.8,"barrels":1,"outfall":false,"capacity_m3s":3.635}},{"type":"Feature","geometry":{"type":"LineString","coordinates":[[72.91973,19.00192],[72.91973,18.9992]]},"properties":{"id":425,"to":null,"d_m":2.4,"barrels":1,"outfall":true,"capacity_m3s":10.207}},{"type":"Feature","geometry":{"type":"LineString","coordinates":[[72.81135,18.99649],[72.81135,18.99378]]},"properties":{"id":426,"to":null,"d_m":3.0,"barrels":2,"outfall":true,"capacity_m3s":69.923}},{"type":"Feature","geometry":{"type":"LineString","coordinates":[[72.81991,18.98835],[72.81135,18.99649]]},"properties":{"id":427,"to":426,"d_m":3.0,"barrels":1,"outfall":false,"capacity_m3s":14.194}},{"type":"Feature","geometry":{"type":"LineString","coordinates":[[72.83132,18.99649],[72.81991,18.98293]]},"properties":{"id":428,"to":432,"d_m":2.4,"barrels":1,"outfall":false,"capacity_m3s":14.826}},{"type":"Feature","geometry":{"type":"LineString","coordinates":[[72.84843,18.98835],[72.85984,18.99649]]},"properties":{"id":429,"to":430,"d_m":2.4,"barrels":1,"outfall":false,"capacity_m3s":10.425}},{"type":"Feature","geometry":{"type":"LineString","coordinates":[[72.85984,18.99649],[72.85984,18.99378]]},"properties":{"id":430,"to":null,"d_m":2.4,"barrels":1,"outfall":true,"capacity_m3s":25.965}},{"type":"Feature","geometry":{"type":"LineString","coordinates":[[72.81421,18.98021],[72.81421,18.98293]]},"properties":{"id":431,"to":null,"d_m":1.5,"barrels":1,"outfall":true,"capacity_m3s":10.666}},{"type":"Feature","geometry":{"type":"LineString","coordinates":[[72.81991,18.98293],[72.81135,18.99649]]},"properties":{"id":432,"to":426,"d_m":3.0,"barrels":2,"outfall":false,"capacity_m3s":28.387}},{"type":"Feature","geometry":{"type":"LineString","coordinates":[[72.82847,18.98564],[72.81991,18.98293]]},"properties":{"id":433,"to":432,"d_m":1.8,"barrels":1,"outfall":false,"capacity_m3s":9.255}},{"type":"Feature","geometry":{"type":"LineString","coordinates":[[72.84843,18.98293],[72.85413,18.97479]]},"properties":{"id":434,"to":441,"d_m":2.4,"barrels":1,"outfall":false,"capacity_m3s":7.828}},{"type":"Feature","geometry":{"type":"LineString","coordinates":[[72.85984,18.98293],[72.85984,18.98564]]},"properties":{"id":435,"to":null,"d_m":1.5,"barrels":1,"outfall":true,"capacity_m3s":7.526}},{"type":"Feature","geometry":{"type":"LineString","coordinates":[[72.8028,18.97207],[72.8028,18.97479]]},"properties":{"id":436,"to":null,"d_m":1.8,"barrels":1,"outfall":true,"capacity_m3s":12.645}},{"type":"Feature","geometry":{"type":"LineString","coordinates":[[72.80565,18.97479],[72.8028,18.97207]]},"properties":{"id":437,"to":436,"d_m":2.4,"barrels":1,"outfall":false,"capacity_m3s":13.166}},{"type":"Feature","geometry":{"type":"LineString","coordinates":[[72.81991,18.97479],[72.81421,18.98021]]},"properties":{"id":438,"to":431,"d_m":3.0,"barrels":1,"outfall":false,"capacity_m3s":14.194}},{"type":"Feature","geometry":{"type":"LineString","coordinates":[[72.82847,18.97479],[72.84558,18.9558]]},"properties":{"id":439,"to":451,"d_m":2.4,"barrels":1,"outfall":false,"capacity_m3s":9.907}},{"type":"Feature","geometry":{"type":"LineString","coordinates":[[72.84843,18.96936],[72.84558,18.9558]]},"properties":{"id":440,"to":451,"d_m":2.4,"barrels":1,"outfall":false,"capacity_m3s":11.533}},{"type":"Feature","geometry":{"type":"LineString","coordinates":[[72.85413,18.97479],[72.85413,18.97207]]},"properties":{"id":441,"to":null,"d_m":1.8,"barrels":1,"outfall":true,"capacity_m3s":11.965}},{"type":"Feature","geometry":{"type":"LineString","coordinates":[[72.93399,18.96936],[72.93399,18.97207]]},"properties":{"id":442,"to":null,"d_m":1.2,"barrels":1,"outfall":true,"capacity_m3s":1.962}},{"type":"Feature","geometry":{"type":"LineString","coordinates":[[72.95966,18.97207],[72.95966,18.97479]]},"properties":{"id":443,"to":null,"d_m":1.2,"barrels":1,"outfall":true,"capacity_m3s":4.205}},{"type":"Feature","geometry":{"type":"LineString","coordinates":[[72.96536,18.96665],[72.96536,18.96936]]},"properties":{"id":444,"to":null,"d_m":0.6,"barrels":1,"outfall":true,"capacity_m3s":0.714}},{"type":"Feature","geometry":{"type":"LineString","coordinates":[[72.98533,18.96665],[72.98247,18.96936]]},"properties":{"id":445,"to":null,"d_m":0.9,"barrels":1,"outfall":true,"capacity_m3s":0.572}},{"type":"Feature","geometry":{"type":"LineString","coordinates":[[72.98818,18.96665],[72.98818,18.97207]]},"properties":{"id":446,"to":null,"d_m":0.9,"barrels":1,"outfall":true,"capacity_m3s":0.572}},{"type":"Feature","geometry":{"type":"LineString","coordinates":[[72.79709,18.9558],[72.79709,18.95851]]},"properties":{"id":447,"to":null,"d_m":1.2,"barrels":1,"outfall":true,"capacity_m3s":5.44}},{"type":"Feature","geometry":{"type":"LineString","coordinates":[[72.81421,18.96122],[72.82276,18.94494]]},"properties":{"id":448,"to":462,"d_m":2.4,"barrels":1,"outfall":false,"capacity_m3s":12.74}},{"type":"Feature","geometry":{"type":"LineString","coordinates":[[72.82561,18.96122],[72.82276,18.94494]]},"properties":{"id":449,"to":462,"d_m":3.0,"barrels":1,"outfall":false,"capacity_m3s":14.522}},{"type":"Feature","geometry":{"type":"LineString","coordinates":[[72.82847,18.95851],[72.84558,18.9558]]},"properties":{"id":450,"to":451,"d_m":2.4,"barrels":1,"outfall":false,"capacity_m3s":13.811}},{"type":"Feature","geometry":{"type":"LineString","coordinates":[[72.84558,18.9558],[72.84843,18.9558]]},"properties":{"id":451,"to":null,"d_m":3.0,"barrels":2,"outfall":true,"capacity_m3s":54.355}},{"type":"Feature","geometry":{"type":"LineString","coordinates":[[72.90262,18.95851],[72.90262,18.9558]]},"properties":{"id":452,"to":null,"d_m":0.6,"barrels":1,"outfall":true,"capacity_m3s":0.895}},{"type":"Feature","geometry":{"type":"LineString","coordinates":[[72.92829,18.96394],[72.92829,18.96665]]},"properties":{"id":453,"to":null,"d_m":0.6,"barrels":1,"outfall":true,"capacity_m3s":1.467}},{"type":"Feature","geometry":{"type":"LineString","coordinates":[[72.93114,18.9558],[72.93114,18.95308]]},"properties":{"id":454,"to":null,"d_m":1.2,"barrels":1,"outfall":true,"capacity_m3s":4.727}},{"type":"Feature","geometry":{"type":"LineString","coordinates":[[72.9511,18.95851],[72.9511,18.96122]]},"properties":{"id":455,"to":null,"d_m":0.9,"barrels":1,"outfall":true,"capacity_m3s":1.816}},{"type":"Feature","geometry":{"type":"LineString","coordinates":[[72.95681,18.96394],[72.95681,18.96122]]},"properties":{"id":456,"to":null,"d_m":1.2,"barrels":1,"outfall":true,"capacity_m3s":4.271}},{"type":"Feature","geometry":{"type":"LineString","coordinates":[[72.97107,18.95851],[72.97107,18.9558]]},"properties":{"id":457,"to":null,"d_m":1.8,"barrels":1,"outfall":true,"capacity_m3s":3.635}},{"type":"Feature","geometry":{"type":"LineString","coordinates":[[72.97962,18.96394],[72.97962,18.94766]]},"properties":{"id":458,"to":468,"d_m":1.2,"barrels":1,"outfall":false,"capacity_m3s":3.638}},{"type":"Feature","geometry":{"type":"LineString","coordinates":[[72.98818,18.96394],[72.97962,18.94766]]},"properties":{"id":459,"to":468,"d_m":0.9,"barrels":1,"outfall":false,"capacity_m3s":1.728}},{"type":"Feature","geometry":{"type":"LineString","coordinates":[[72.79424,18.95308],[72.79424,18.9558]]},"properties":{"id":460,"to":null,"d_m":1.2,"barrels":1,"outfall":true,"capacity_m3s":5.752}},{"type":"Feature","geometry":{"type":"LineString","coordinates":[[72.81421,18.95308],[72.81421,18.95037]]},"properties":{"id":461,"to":null,"d_m":0.6,"barrels":1,"outfall":true,"capacity_m3s":0.745}},{"type":"Feature","geometry":{"type":"LineString","coordinates":[[72.82276,18.94494],[72.82276,18.94223]]},"properties":{"id":462,"to":null,"d_m":3.0,"barrels":1,"outfall":true,"capacity_m3s":46.431}},{"type":"Feature","geometry":{"type":"LineString","coordinates":[[72.83702,18.94494],[72.84558,18.9558]]},"properties":{"id":463,"to":451,"d_m":2.4,"barrels":1,"outfall":false,"capacity_m3s":14.321}},{"type":"Feature","geometry":{"type":"LineString","coordinates":[[72.83987,18.94494],[72.84273,18.94223]]},"properties":{"id":464,"to":null,"d_m":1.5,"barrels":1,"outfall":true,"capacity_m3s":6.574}},{"type":"Feature","geometry":{"type":"LineString","coordinates":[[72.9454,18.94494],[72.94255,18.94494]]},"properties":{"id":465,"to":null,"d_m":1.8,"barrels":1,"outfall":true,"capacity_m3s":4.831}},{"type":"Feature","geometry":{"type":"LineString","coordinates":[[72.96251,18.95308],[72.94255,18.93952]]},"properties":{"id":466,"to":474,"d_m":2.4,"barrels":1,"outfall":false,"capacity_m3s":9.709}},{"type":"Feature","geometry":{"type":"LineString","coordinates":[[72.96821,18.94766],[72.97107,18.95037]]},"properties":{"id":467,"to":null,"d_m":1.5,"barrels":1,"outfall":true,"capacity_m3s":2.235}},{"type":"Feature","geometry":{"type":"LineString","coordinates":[[72.97962,18.94766],[72.97962,18.94494]]},"properties":{"id":468,"to":null,"d_m":3.0,"barrels":2,"outfall":true,"capacity_m3s":28.387}},{"type":"Feature","geometry":{"type":"LineString","coordinates":[[72.98818,18.95308],[72.97962,18.94766]]},"properties":{"id":469,"to":468,"d_m":0.6,"barrels":1,"outfall":false,"capacity_m3s":0.802}},{"type":"Feature","geometry":{"type":"LineString","coordinates":[[72.82561,18.93952],[72.82276,18.93952]]},"properties":{"id":470,"to":null,"d_m":0.9,"barrels":1,"outfall":true,"capacity_m3s":3.396}},{"type":"Feature","geometry":{"type":"LineString","coordinates":[[72.83132,18.93952],[72.82276,18.94494]]},"properties":{"id":471,"to":462,"d_m":2.4,"barrels":1,"outfall":false,"capacity_m3s":13.015}},{"type":"Feature","geometry":{"type":"LineString","coordinates":[[72.83987,18.94223],[72.84273,18.94223]]},"properties":{"id":472,"to":null,"d_m":1.2,"barrels":1,"outfall":true,"capacity_m3s":4.678}},{"type":"Feature","geometry":{"type":"LineString","coordinates":[[72.93969,18.93952],[72.93969,18.94223]]},"properties":{"id":473,"to":null,"d_m":1.5,"barrels":1,"outfall":true,"capacity_m3s":2.235}},{"type":"Feature","geometry":{"type":"LineString","coordinates":[[72.94255,18.93952],[72.94255,18.94223]]},"properties":{"id":474,"to":null,"d_m":3.0,"barrels":1,"outfall":true,"capacity_m3s":14.194}},{"type":"Feature","geometry":{"type":"LineString","coordinates":[[72.95966,18.94223],[72.94255,18.93952]]},"properties":{"id":475,"to":474,"d_m":1.5,"barrels":1,"outfall":false,"capacity_m3s":5.763}},{"type":"Feature","geometry":{"type":"LineString","coordinates":[[72.96821,18.93681],[72.97962,18.94766]]},"properties":{"id":476,"to":468,"d_m":1.5,"barrels":1,"outfall":false,"capacity_m3s":7.213}},{"type":"Feature","geometry":{"type":"LineString","coordinates":[[72.98247,18.93409],[72.97962,18.94766]]},"properties":{"id":477,"to":468,"d_m":1.2,"barrels":1,"outfall":false,"capacity_m3s":4.241}},{"type":"Feature","geometry":{"type":"LineString","coordinates":[[72.98818,18.93952],[72.97962,18.94766]]},"properties":{"id":478,"to":468,"d_m":0.9,"barrels":1,"outfall":false,"capacity_m3s":2.165}},{"type":"Feature","geometry":{"type":"LineString","coordinates":[[72.82276,18.93138],[72.82276,18.93409]]},"properties":{"id":479,"to":null,"d_m":1.2,"barrels":1,"outfall":true,"capacity_m3s":5.879}},{"type":"Feature","geometry":{"type":"LineString","coordinates":[[72.83702,18.92867],[72.82561,18.92053]]},"properties":{"id":480,"to":486,"d_m":2.4,"barrels":1,"outfall":false,"capacity_m3s":7.828}},{"type":"Feature","geometry":{"type":"LineString","coordinates":[[72.96251,18.92595],[72.95681,18.92324]]},"properties":{"id":481,"to":null,"d_m":3.0,"barrels":1,"outfall":true,"capacity_m3s":14.194}},{"type":"Feature","geometry":{"type":"LineString","coordinates":[[72.97107,18.92867],[72.96251,18.92595]]},"properties":{"id":482,"to":481,"d_m":2.4,"barrels":1,"outfall":false,"capacity_m3s":7.828}},{"type":"Feature","geometry":{"type":"LineString","coordinates":[[72.98533,18.92324],[72.96821,18.93681]]},"properties":{"id":483,"to":476,"d_m":1.8,"barrels":1,"outfall":false,"capacity_m3s":3.635}},{"type":"Feature","geometry":{"type":"LineString","coordinates":[[72.98818,18.92867],[72.98247,18.93409]]},"properties":{"id":484,"to":477,"d_m":1.2,"barrels":1,"outfall":false,"capacity_m3s":1.233}},{"type":"Feature","geometry":{"type":"LineString","coordinates":[[72.81421,18.91239],[72.81421,18.9151]]},"properties":{"id":485,"to":null,"d_m":1.8,"barrels":1,"outfall":true,"capacity_m3s":8.953}},{"type":"Feature","geometry":{"type":"LineString","coordinates":[[72.82561,18.92053],[72.82276,18.92053]]},"properties":{"id":486,"to":null,"d_m":1.8,"barrels":1,"outfall":true,"capacity_m3s":13.206}},{"type":"Feature","geometry":{"type":"LineString","coordinates":[[72.82847,18.91239],[72.82847,18.90968]]},"properties":{"id":487,"to":null,"d_m":0.9,"barrels":1,"outfall":true,"capacity_m3s":2.978}},{"type":"Feature","geometry":{"type":"LineString","coordinates":[[72.96251,18.91239],[72.95681,18.91239]]},"properties":{"id":488,"to":null,"d_m":1.5,"barrels":1,"outfall":true,"capacity_m3s":2.235}},{"type":"Feature","geometry":{"type":"LineString","coordinates":[[72.97107,18.91239],[72.95681,18.90968]]},"properties":{"id":489,"to":498,"d_m":2.4,"barrels":1,"outfall":false,"capacity_m3s":7.828}},{"type":"Feature","geometry":{"type":"LineString","coordinates":[[72.98247,18.91781],[72.96821,18.90154]]},"properties":{"id":490,"to":499,"d_m":2.4,"barrels":1,"outfall":false,"capacity_m3s":7.828}},{"type":"Feature","geometry":{"type":"LineString","coordinates":[[72.98818,18.91781],[72.98533,18.90696]]},"properties":{"id":491,"to":500,"d_m":1.2,"barrels":1,"outfall":false,"capacity_m3s":1.233}},{"type":"Feature","geometry":{"type":"LineString","coordinates":[[72.80565,18.90968],[72.81421,18.91239]]},"properties":{"id":492,"to":485,"d_m":2.4,"barrels":1,"outfall":false,"capacity_m3s":11.619}},{"type":"Feature","geometry":{"type":"LineString","coordinates":[[72.82561,18.90968],[72.82561,18.90696]]},"properties":{"id":493,"to":null,"d_m":0.9,"barrels":1,"outfall":true,"capacity_m3s":2.42}},{"type":"Feature","geometry":{"type":"LineString","coordinates":[[72.91403,18.90154],[72.91403,18.90425]]},"properties":{"id":494,"to":null,"d_m":1.5,"barrels":1,"outfall":true,"capacity_m3s":9.09}},{"type":"Feature","geometry":{"type":"LineString","coordinates":[[72.92543,18.90968],[72.93399,18.90154]]},"properties":{"id":495,"to":496,"d_m":1.5,"barrels":1,"outfall":false,"capacity_m3s":5.148}},{"type":"Feature","geometry":{"type":"LineString","coordinates":[[72.93399,18.90154],[72.93684,18.90425]]},"properties":{"id":496,"to":null,"d_m":2.4,"barrels":1,"outfall":true,"capacity_m3s":14.271}},{"type":"Feature","geometry":{"type":"LineString","coordinates":[[72.9454,18.90425],[72.9454,18.90696]]},"properties":{"id":497,"to":null,"d_m":1.5,"barrels":1,"outfall":true,"capacity_m3s":2.235}},{"type":"Feature","geometry":{"type":"LineString","coordinates":[[72.95681,18.90968],[72.95681,18.91239]]},"properties":{"id":498,"to":null,"d_m":2.4,"barrels":1,"outfall":true,"capacity_m3s":7.828}},{"type":"Feature","geometry":{"type":"LineString","coordinates":[[72.96821,18.90154],[72.95395,18.89068]]},"properties":{"id":499,"to":507,"d_m":2.4,"barrels":1,"outfall":false,"capacity_m3s":7.828}},{"type":"Feature","geometry":{"type":"LineString","coordinates":[[72.98533,18.90696],[72.97107,18.89068]]},"properties":{"id":500,"to":508,"d_m":3.0,"barrels":1,"outfall":false,"capacity_m3s":14.194}},{"type":"Feature","geometry":{"type":"LineString","coordinates":[[72.98818,18.90425],[72.98533,18.90696]]},"properties":{"id":501,"to":500,"d_m":1.5,"barrels":1,"outfall":false,"capacity_m3s":2.568}},{"type":"Feature","geometry":{"type":"LineString","coordinates":[[72.8085,18.8934],[72.8085,18.89068]]},"properties":{"id":502,"to":null,"d_m":1.2,"barrels":1,"outfall":true,"capacity_m3s":3.254}},{"type":"Feature","geometry":{"type":"LineString","coordinates":[[72.90832,18.89882],[72.91403,18.90154]]},"properties":{"id":503,"to":494,"d_m":2.4,"barrels":1,"outfall":false,"capacity_m3s":7.828}},{"type":"Feature","geometry":{"type":"LineString","coordinates":[[72.92258,18.89068],[72.93399,18.90154]]},"properties":{"id":504,"to":496,"d_m":1.2,"barrels":1,"outfall":false,"capacity_m3s":4.761}},{"type":"Feature","geometry":{"type":"LineString","coordinates":[[72.93684,18.8934],[72.9511,18.89068]]},"properties":{"id":505,"to":506,"d_m":1.8,"barrels":1,"outfall":false,"capacity_m3s":3.635}},{"type":"Feature","geometry":{"type":"LineString","coordinates":[[72.9511,18.89068],[72.9511,18.8934]]},"properties":{"id":506,"to":null,"d_m":2.4,"barrels":1,"outfall":true,"capacity_m3s":7.828}},{"type":"Feature","geometry":{"type":"LineString","coordinates":[[72.95395,18.89068],[72.9511,18.8934]]},"properties":{"id":507,"to":null,"d_m":3.0,"barrels":2,"outfall":true,"capacity_m3s":28.387}},{"type":"Feature","geometry":{"type":"LineString","coordinates":[[72.97107,18.89068],[72.95395,18.89068]]},"properties":{"id":508,"to":507,"d_m":3.0,"barrels":2,"outfall":false,"capacity_m3s":28.387}},{"type":"Feature","geometry":{"type":"LineString","coordinates":[[72.98247,18.8934],[72.97107,18.89068]]},"properties":{"id":509,"to":508,"d_m":1.8,"barrels":1,"outfall":false,"capacity_m3s":4.679}},{"type":"Feature","geometry":{"type":"LineString","coordinates":[[72.98818,18.89068],[72.98533,18.90696]]},"properties":{"id":510,"to":500,"d_m":1.2,"barrels":1,"outfall":false,"capacity_m3s":1.233}}]}