{"type":"FeatureCollection","features":[{"type":"Feature","geometry":{"type":"LineString","coordinates":[[72.84257,18.93787],[72.84272,18.93794],[72.84288,18.93792],[72.84324,18.93586],[72.84309,18.93589],[72.84295,18.93581],[72.84257,18.93787]]},"properties":{"waterway":"canal","name":null}},{"type":"Feature","geometry":{"type":"LineString","coordinates":[[72.81724,18.9855],[72.8153,18.99076]]},"properties":{"waterway":"drain","name":null}},{"type":"Feature","geometry":{"type":"LineString","coordinates":[[72.81087,18.96103],[72.81241,18.96434]]},"properties":{"waterway":"river","name":"ganga"}},{"type":"Feature","geometry":{"type":"LineString","coordinates":[[72.82383,18.98606],[72.82182,18.98984]]},"properties":{"waterway":"drain","name":null}},{"type":"Feature","geometry":{"type":"LineString","coordinates":[[72.82116,18.98296],[72.82281,18.9835],[72.82279,18.98505],[72.82369,18.9856],[72.82394,18.98584],[72.82383,18.98606]]},"properties":{"waterway":"drain","name":null}},{"type":"Feature","geometry":{"type":"LineString","coordinates":[[72.98147,18.91526],[72.98159,18.9153],[72.98673,18.91746],[72.98987,18.91882],[72.98993,18.91899],[72.98989,18.91933],[72.99,18.91959],[72.99027,18.91975],[72.99043,18.91983],[72.99069,18.91983],[72.99107,18.91985],[72.99136,18.91993],[72.99237,18.92066],[72.99258,18.92112],[72.99265,18.92166],[72.99291,18.92231],[72.99284,18.92273],[72.99281,18.92304],[72.99249,18.92369],[72.99223,18.92406],[72.99197,18.92432],[72.99163,18.9245],[72.99087,18.92464],[72.99021,18.9247],[72.98987,18.92491],[72.98953,18.92547],[72.98918,18.9261],[72.98897,18.92661],[72.98849,18.92702],[72.9883,18.92739],[72.98825,18.9279],[72.98828,18.92841],[72.98857,18.92925],[72.98925,18.93056],[72.98943,18.93099],[72.98939,18.93133],[72.98913,18.93169],[72.98872,18.93185],[72.98809,18.93209],[72.98761,18.93216],[72.98648,18.9323],[72.98589,18.93239],[72.98545,18.93261]]},"properties":{"waterway":"ditch","name":null}},{"type":"Feature","geometry":{"type":"LineString","coordinates":[[72.99168,18.90976],[72.99166,18.9099],[72.99165,18.91078],[72.99047,18.91251],[72.99005,18.91287],[72.98959,18.91316],[72.98856,18.91474],[72.98848,18.91486]]},"properties":{"waterway":"drain","name":null}},{"type":"Feature","geometry":{"type":"LineString","coordinates":[[72.98565,18.91011],[72.98543,18.91037],[72.98524,18.91061],[72.98552,18.91092],[72.98509,18.91139],[72.98499,18.91138],[72.98469,18.91114],[72.98441,18.91141],[72.98411,18.91176],[72.984,18.91199],[72.98398,18.91221],[72.98401,18.91241],[72.98409,18.91262],[72.98427,18.91283],[72.98455,18.91299],[72.98489,18.91314],[72.98511,18.91323],[72.98692,18.91402],[72.98724,18.91416],[72.98856,18.91474]]},"properties":{"waterway":"drain","name":null}},{"type":"Feature","geometry":{"type":"LineString","coordinates":[[72.96191,18.90014],[72.9615,18.90042],[72.96111,18.90077],[72.96102,18.90083],[72.9608,18.90089]]},"properties":{"waterway":"stream","name":null}},{"type":"Feature","geometry":{"type":"LineString","coordinates":[[72.96502,18.89416],[72.96486,18.89432],[72.96445,18.89497],[72.96438,18.89508],[72.96405,18.89566],[72.96398,18.89573],[72.9636,18.89632],[72.96345,18.89667],[72.96326,18.89681],[72.96312,18.89705],[72.96145,18.89962],[72.96131,18.89981],[72.96084,18.90063],[72.96071,18.90081]]},"properties":{"waterway":"stream","name":null}},{"type":"Feature","geometry":{"type":"LineString","coordinates":[[72.96711,18.90283],[72.96683,18.90292],[72.96662,18.90294],[72.96649,18.90291],[72.96629,18.90298],[72.96607,18.90296],[72.96579,18.90305],[72.96575,18.90299],[72.96536,18.90312],[72.96527,18.90311],[72.96493,18.90304],[72.96479,18.90304],[72.96463,18.9031],[72.96448,18.90315],[72.96439,18.90316],[72.96434,18.90313],[72.96429,18.90308],[72.96425,18.90307],[72.96367,18.90307],[72.96346,18.90305],[72.96327,18.90314],[72.9632,18.90324],[72.96308,18.90333],[72.96293,18.90341],[72.96285,18.90339],[72.9628,18.90334],[72.96278,18.90327],[72.96272,18.90324],[72.96266,18.90329],[72.9626,18.90343],[72.96261,18.90352],[72.96258,18.90359],[72.96255,18.90361],[72.9625,18.90361],[72.96248,18.90358],[72.96245,18.90355],[72.96237,18.90357],[72.96227,18.90365],[72.96223,18.90367],[72.96219,18.90366],[72.96211,18.90367],[72.96206,18.90371],[72.96202,18.9038],[72.96197,18.90407],[72.96192,18.90415],[72.96185,18.90418],[72.96177,18.90416],[72.96172,18.90411],[72.96165,18.90408],[72.96119,18.90414],[72.96073,18.90424],[72.96054,18.90429],[72.96037,18.90427],[72.96036,18.90435]]},"properties":{"waterway":"stream","name":null}},{"type":"Feature","geometry":{"type":"LineString","coordinates":[[72.98643,18.90723],[72.98667,18.90749],[72.98654,18.90768],[72.98595,18.90812],[72.98565,18.90838],[72.98552,18.90855],[72.98542,18.90874],[72.98532,18.90892],[72.98512,18.90905],[72.98495,18.90915],[72.98478,18.90952],[72.98474,18.90958],[72.98463,18.90966],[72.98456,18.90979],[72.98455,18.90993],[72.98404,18.91037],[72.98312,18.91143],[72.98312,18.91155],[72.98285,18.91179],[72.98275,18.91184],[72.98264,18.91186],[72.9824,18.91216],[72.98235,18.91223]]},"properties":{"waterway":"ditch","name":null}},{"type":"Feature","geometry":{"type":"LineString","coordinates":[[72.98025,18.91442],[72.98028,18.9145],[72.98079,18.91497],[72.98105,18.91509],[72.98147,18.91526]]},"properties":{"waterway":"ditch","name":null}},{"type":"Feature","geometry":{"type":"LineString","coordinates":[[72.98229,18.91232],[72.98227,18.91235],[72.98037,18.91419],[72.98028,18.91431],[72.98027,18.91434],[72.98025,18.91442]]},"properties":{"waterway":"ditch","name":null}},{"type":"Feature","geometry":{"type":"LineString","coordinates":[[72.98235,18.91223],[72.98229,18.91232]]},"properties":{"waterway":"ditch","name":null}},{"type":"Feature","geometry":{"type":"LineString","coordinates":[[72.98507,18.9024],[72.98373,18.90408],[72.98644,18.90639],[72.98618,18.90695],[72.98631,18.90709]]},"properties":{"waterway":"ditch","name":null}},{"type":"Feature","geometry":{"type":"LineString","coordinates":[[72.98631,18.90709],[72.98638,18.90717]]},"properties":{"waterway":"ditch","name":null}},{"type":"Feature","geometry":{"type":"LineString","coordinates":[[72.98638,18.90717],[72.98643,18.90723]]},"properties":{"waterway":"ditch","name":null}},{"type":"Feature","geometry":{"type":"LineString","coordinates":[[72.98787,18.91576],[72.98673,18.91746]]},"properties":{"waterway":"drain","name":null}},{"type":"Feature","geometry":{"type":"LineString","coordinates":[[72.98801,18.91556],[72.98797,18.91562]]},"properties":{"waterway":"drain","name":null}},{"type":"Feature","geometry":{"type":"LineString","coordinates":[[72.98797,18.91562],[72.98792,18.9157]]},"properties":{"waterway":"drain","name":null}},{"type":"Feature","geometry":{"type":"LineString","coordinates":[[72.98792,18.9157],[72.98787,18.91576]]},"properties":{"waterway":"drain","name":null}},{"type":"Feature","geometry":{"type":"LineString","coordinates":[[72.98914,18.90692],[72.99157,18.90917],[72.99168,18.90925],[72.99172,18.90946],[72.9917,18.90966]]},"properties":{"waterway":"drain","name":null}},{"type":"Feature","geometry":{"type":"LineString","coordinates":[[72.98837,18.91503],[72.98801,18.91556]]},"properties":{"waterway":"drain","name":null}},{"type":"Feature","geometry":{"type":"LineString","coordinates":[[72.98848,18.91486],[72.98844,18.91492]]},"properties":{"waterway":"drain","name":null}},{"type":"Feature","geometry":{"type":"LineString","coordinates":[[72.98841,18.91497],[72.98837,18.91503]]},"properties":{"waterway":"drain","name":null}},{"type":"Feature","geometry":{"type":"LineString","coordinates":[[72.98844,18.91492],[72.98841,18.91497]]},"properties":{"waterway":"drain","name":null}},{"type":"Feature","geometry":{"type":"LineString","coordinates":[[72.98757,18.90817],[72.98658,18.90927],[72.98625,18.90957],[72.98594,18.90987],[72.98579,18.90995],[72.98572,18.91004]]},"properties":{"waterway":"drain","name":null}},{"type":"Feature","geometry":{"type":"LineString","coordinates":[[72.98572,18.91004],[72.98565,18.91011]]},"properties":{"waterway":"drain","name":null}},{"type":"Feature","geometry":{"type":"LineString","coordinates":[[72.98889,18.90691],[72.98851,18.90726],[72.98787,18.90782],[72.98763,18.90809]]},"properties":{"waterway":"drain","name":null}},{"type":"Feature","geometry":{"type":"LineString","coordinates":[[72.98763,18.90809],[72.98757,18.90817]]},"properties":{"waterway":"drain","name":null}},{"type":"Feature","geometry":{"type":"LineString","coordinates":[[72.85215,19.06799],[72.85264,19.06814],[72.85263,19.06827],[72.85231,19.06883],[72.85207,19.06931],[72.85212,19.06935],[72.85217,19.06942],[72.85218,19.06949],[72.85226,19.06953],[72.85239,19.06956],[72.85244,19.06959],[72.85252,19.06964],[72.8526,19.06967],[72.85269,19.06966],[72.85274,19.06967],[72.85275,19.06973],[72.85281,19.06981],[72.85281,19.06986],[72.85276,19.06992],[72.85274,19.06999],[72.85278,19.07008],[72.85288,19.0701],[72.85298,19.07008],[72.85307,19.0701],[72.8532,19.07017],[72.85335,19.0702]]},"properties":{"waterway":"stream","name":null}},{"type":"Feature","geometry":{"type":"LineString","coordinates":[[72.85207,19.06931],[72.85196,19.06937],[72.8519,19.06948],[72.85184,19.06957],[72.8517,19.06972],[72.85158,19.06987],[72.85153,19.06994],[72.85151,19.06999]]},"properties":{"waterway":"stream","name":null}},{"type":"Feature","geometry":{"type":"LineString","coordinates":[[72.85264,19.06814],[72.85278,19.06802],[72.853,19.06791],[72.85322,19.06793],[72.85335,19.06793],[72.85353,19.06791],[72.85372,19.06789],[72.85386,19.06783],[72.85412,19.06768]]},"properties":{"waterway":"stream","name":null}},{"type":"Feature","geometry":{"type":"LineString","coordinates":[[72.84948,19.07991],[72.84941,19.07968],[72.84923,19.07931],[72.84883,19.07834],[72.84847,19.07746],[72.84791,19.07684],[72.84757,19.07665],[72.84747,19.07625],[72.84789,19.07468],[72.84816,19.07406],[72.84845,19.07376],[72.84933,19.07316],[72.84975,19.07265],[72.85166,19.06893],[72.85215,19.06799],[72.85233,19.06765],[72.85236,19.06758],[72.85237,19.06757],[72.85308,19.06622],[72.85414,19.06536],[72.85757,19.0595],[72.85759,19.05888],[72.85722,19.05825],[72.8571,19.05731]]},"properties":{"waterway":"drain","name":null}},{"type":"Feature","geometry":{"type":"LineString","coordinates":[[72.86328,19.06898],[72.86357,19.06908],[72.86364,19.06921],[72.86376,19.06963],[72.86417,19.06977],[72.86468,19.0702],[72.86592,19.07081],[72.86775,19.0713],[72.86795,19.07124]]},"properties":{"waterway":"drain","name":null}},{"type":"Feature","geometry":{"type":"LineString","coordinates":[[72.84375,19.01925],[72.84408,19.0199],[72.84468,19.02104],[72.84511,19.02181],[72.84576,19.02308],[72.84609,19.02368],[72.84688,19.02594],[72.84823,19.03003],[72.84821,19.03014]]},"properties":{"waterway":"drain","name":null}},{"type":"Feature","geometry":{"type":"LineString","coordinates":[[72.82835,19.07729],[72.82821,19.07732],[72.82804,19.07736],[72.82803,19.07736],[72.82781,19.07738],[72.82759,19.07738]]},"properties":{"waterway":"stream","name":null}},{"type":"Feature","geometry":{"type":"LineString","coordinates":[[72.83429,19.08229],[72.83399,19.08217],[72.83339,19.08215],[72.83304,19.08219],[72.83235,19.08238],[72.83167,19.08286],[72.83148,19.08297],[72.83132,19.08266],[72.83119,19.08243],[72.83102,19.08215],[72.83093,19.08203],[72.83079,19.08176],[72.83071,19.08161]]},"properties":{"waterway":"drain","name":null}},{"type":"Feature","geometry":{"type":"LineString","coordinates":[[72.87982,19.04975],[72.87895,19.04838],[72.8789,19.04829],[72.8789,19.04821],[72.8789,19.04814],[72.87889,19.04804]]},"properties":{"waterway":"drain","name":null}},{"type":"Feature","geometry":{"type":"LineString","coordinates":[[72.88547,19.06174],[72.88531,19.06162],[72.88457,19.06105],[72.88326,19.06011],[72.88118,19.05877],[72.8809,19.05864],[72.88061,19.05856],[72.88044,19.0585],[72.88016,19.05837],[72.8799,19.05806],[72.87966,19.05783],[72.87944,19.05772],[72.87917,19.0575],[72.87902,19.05735],[72.87881,19.05718],[72.8785,19.05702],[72.87835,19.05681],[72.8782,19.05656],[72.87801,19.05638],[72.87776,19.05616],[72.87761,19.05593],[72.87753,19.05573],[72.87753,19.05532],[72.87753,19.05508],[72.87758,19.05469],[72.87767,19.0542],[72.87782,19.05372],[72.87786,19.05317],[72.87786,19.05269],[72.87799,19.05205],[72.87828,19.05131],[72.87803,19.05099],[72.87768,19.05063],[72.87756,19.05009],[72.87754,19.04985],[72.87765,19.04953],[72.87794,19.0487],[72.87806,19.04831],[72.87812,19.04796]]},"properties":{"waterway":"drain","name":null}},{"type":"Feature","geometry":{"type":"LineString","coordinates":[[72.83043,19.08521],[72.83038,19.085],[72.82992,19.08349],[72.82968,19.08305],[72.82887,19.08218],[72.82819,19.08221],[72.82813,19.08216],[72.82786,19.0816],[72.82778,19.08104],[72.8274,19.08001],[72.82707,19.07991],[72.82668,19.07966],[72.82645,19.07922],[72.82627,19.07863],[72.82612,19.07829],[72.82578,19.07802],[72.82546,19.07788],[72.82511,19.07811],[72.82477,19.07855],[72.82459,19.07882],[72.82391,19.07976],[72.82303,19.08071]]},"properties":{"waterway":"drain","name":null}},{"type":"Feature","geometry":{"type":"LineString","coordinates":[[72.86835,19.04133],[72.87019,19.04446],[72.87117,19.04519],[72.87218,19.04558],[72.87295,19.04585],[72.87314,19.04584],[72.8746,19.04635],[72.87644,19.04693],[72.87688,19.0471],[72.87755,19.04761],[72.8777,19.04776],[72.87812,19.04796]]},"properties":{"waterway":"stream","name":null}},{"type":"Feature","geometry":{"type":"LineString","coordinates":[[72.82869,19.00978],[72.82855,19.00985],[72.82785,19.01038],[72.82743,19.01055],[72.82664,19.01053],[72.82635,19.01053],[72.82615,19.01051],[72.82585,19.0105],[72.82559,19.01033],[72.82558,19.01018],[72.82536,19.01009]]},"properties":{"waterway":"drain","name":null}},{"type":"Feature","geometry":{"type":"LineString","coordinates":[[72.8788,19.08769],[72.87866,19.08548],[72.87782,19.08377],[72.87757,19.08323],[72.87761,19.082],[72.87848,19.0806],[72.87868,19.07973],[72.87857,19.07932],[72.87799,19.07888],[72.87723,19.07888],[72.8766,19.07905],[72.87634,19.07898],[72.87623,19.07895],[72.87554,19.07783],[72.87489,19.07727],[72.87358,19.07667],[72.87191,19.07577],[72.87154,19.07549],[72.87147,19.07533],[72.87177,19.07439],[72.87215,19.07318],[72.87277,19.07201],[72.8732,19.07142],[72.8734,19.07056],[72.87272,19.06726],[72.86956,19.05979],[72.86822,19.05661],[72.86613,19.05556],[72.86482,19.05558],[72.86381,19.05603],[72.86293,19.05639],[72.86173,19.05659],[72.86071,19.05689],[72.86008,19.05729],[72.85932,19.05761],[72.85871,19.05776],[72.8571,19.05731],[72.85669,19.05705],[72.85529,19.05547],[72.85181,19.05222],[72.85036,19.05173],[72.84979,19.0517],[72.84917,19.05186],[72.84854,19.05191],[72.84827,19.05189],[72.84784,19.05175],[72.8476,19.0517],[72.8467,19.0516],[72.84493,19.05162],[72.84424,19.0515],[72.84376,19.05133],[72.84318,19.05126],[72.84162,19.05051]]},"properties":{"waterway":"river","name":"Mithi River"}},{"type":"Feature","geometry":{"type":"LineString","coordinates":[[72.82067,18.99201],[72.81625,18.99068],[72.81599,18.99062],[72.81576,18.99062],[72.81557,18.99062],[72.8153,18.99076],[72.81463,18.99263],[72.8145,18.99279],[72.81366,18.99293],[72.81273,18.99296],[72.81188,18.99296],[72.81145,18.99297]]},"properties":{"waterway":"drain","name":null}},{"type":"Feature","geometry":{"type":"LineString","coordinates":[[72.8667,19.05439],[72.86632,19.05448],[72.86476,19.05423],[72.86315,19.05395],[72.85869,19.05296],[72.85809,19.05288],[72.85778,19.05289],[72.8571,19.05293],[72.85588,19.05317],[72.85535,19.05309],[72.85492,19.05294],[72.85474,19.05268],[72.85466,19.05245],[72.85454,19.05233],[72.85372,19.05207],[72.85346,19.05201],[72.85323,19.05199],[72.85281,19.05202],[72.85227,19.05211],[72.85214,19.05214],[72.85181,19.05222]]},"properties":{"waterway":"stream","name":null}},{"type":"Feature","geometry":{"type":"LineString","coordinates":[[72.86943,19.04954],[72.86961,19.04892],[72.86997,19.04857],[72.87008,19.04858],[72.87013,19.04861],[72.87034,19.04866],[72.87087,19.0489],[72.87265,19.04958],[72.87338,19.04985],[72.87352,19.04986],[72.87378,19.04983],[72.87421,19.04964],[72.8745,19.04944],[72.87462,19.04944],[72.87481,19.04949],[72.87493,19.04945],[72.87514,19.0492],[72.87541,19.04904],[72.87583,19.04887],[72.87648,19.04858],[72.87667,19.04837],[72.87709,19.04811],[72.87734,19.04804],[72.87733,19.04788],[72.87745,19.0478],[72.8777,19.04776]]},"properties":{"waterway":"stream","name":null}},{"type":"Feature","geometry":{"type":"LineString","coordinates":[[72.86161,19.04566],[72.86193,19.04625],[72.8622,19.04701],[72.86448,19.05043],[72.86489,19.051],[72.86625,19.05304]]},"properties":{"waterway":"drain","name":null}},{"type":"Feature","geometry":{"type":"LineString","coordinates":[[72.88341,19.0229],[72.88339,19.02252],[72.88313,19.02218],[72.88292,19.02219],[72.88242,19.02225],[72.88137,19.02221],[72.88073,19.02244],[72.88041,19.02234],[72.88041,19.02212],[72.88087,19.02181],[72.88085,19.02147],[72.88067,19.02129],[72.88005,19.02119],[72.87973,19.02081],[72.8793,19.02041]]},"properties":{"waterway":"stream","name":null}},{"type":"Feature","geometry":{"type":"LineString","coordinates":[[72.87812,19.04796],[72.87836,19.04784],[72.87851,19.04781],[72.87871,19.04798],[72.87889,19.04804],[72.87911,19.04794],[72.87938,19.04773],[72.87964,19.0474],[72.87988,19.04707],[72.88005,19.0467],[72.87994,19.04633],[72.87977,19.04545],[72.88046,19.04326],[72.88058,19.04252],[72.88157,19.03721],[72.88076,19.03398],[72.88047,19.0333],[72.87933,19.03168],[72.87895,19.03073],[72.87889,19.03013],[72.87876,19.02972],[72.87797,19.02721],[72.87737,19.02437],[72.87732,19.02359],[72.87775,19.02245],[72.8793,19.02041],[72.87994,19.01957],[72.88187,19.0175],[72.88251,19.01716],[72.88336,19.01681],[72.88421,19.01652],[72.88484,19.01612],[72.88507,19.01514],[72.88507,19.01324],[72.88539,19.01192],[72.88522,19.01117],[72.88492,19.01072],[72.88383,19.00826]]},"properties":{"waterway":"stream","name":null}},{"type":"Feature","geometry":{"type":"LineString","coordinates":[[72.84232,19.05422],[72.84239,19.05373],[72.84279,19.05269],[72.84293,19.05246],[72.84319,19.05236],[72.84428,19.05276],[72.84447,19.0528],[72.84454,19.0527]]},"properties":{"waterway":"drain","name":null}},{"type":"Feature","geometry":{"type":"LineString","coordinates":[[72.84359,19.05527],[72.84363,19.05514]]},"properties":{"waterway":"drain","name":null}},{"type":"Feature","geometry":{"type":"LineString","coordinates":[[72.86625,19.05304],[72.86652,19.05351],[72.86664,19.05387],[72.8667,19.05439]]},"properties":{"waterway":"drain","name":null}},{"type":"Feature","geometry":{"type":"LineString","coordinates":[[72.87044,19.03594],[72.87054,19.03634],[72.87064,19.03647],[72.87119,19.03658],[72.8714,19.03659],[72.87193,19.03655],[72.87202,19.03657],[72.87244,19.03655],[72.8726,19.03653],[72.87273,19.03644],[72.87294,19.03638],[72.87305,19.03652],[72.87316,19.03651]]},"properties":{"waterway":"drain","name":null}},{"type":"Feature","geometry":{"type":"LineString","coordinates":[[72.87341,19.02431],[72.87379,19.0243],[72.87468,19.02414],[72.87524,19.02399],[72.87537,19.02397],[72.87598,19.02389],[72.87705,19.02373],[72.87732,19.02359]]},"properties":{"waterway":"drain","name":null}},{"type":"Feature","geometry":{"type":"LineString","coordinates":[[72.86827,19.03265],[72.86861,19.03279],[72.87083,19.03238],[72.87117,19.03223],[72.8717,19.03218],[72.8724,19.03198],[72.87335,19.03188],[72.87355,19.03197],[72.87364,19.03253],[72.87384,19.03269]]},"properties":{"waterway":"drain","name":null}},{"type":"Feature","geometry":{"type":"LineString","coordinates":[[72.87364,19.0314],[72.87383,19.03069],[72.87441,19.03007],[72.8749,19.02992],[72.87558,19.03018],[72.87599,19.03021],[72.87603,19.03012],[72.8755,19.02702],[72.87551,19.02685],[72.87592,19.02674],[72.87621,19.02658],[72.87608,19.02554],[72.8758,19.02485],[72.87542,19.0243],[72.87537,19.02397]]},"properties":{"waterway":"stream","name":null}},{"type":"Feature","geometry":{"type":"LineString","coordinates":[[72.86155,19.04378],[72.86134,19.04392],[72.8609,19.04419],[72.86095,19.04426],[72.86101,19.04435],[72.86111,19.04451],[72.86124,19.04472],[72.86127,19.04479],[72.86128,19.04488],[72.86129,19.04499],[72.86129,19.0451],[72.8613,19.04517],[72.86134,19.04526],[72.86139,19.04538],[72.86146,19.04546],[72.86154,19.04556],[72.86161,19.04566]]},"properties":{"waterway":"drain","name":null}},{"type":"Feature","geometry":{"type":"LineString","coordinates":[[72.86656,19.05176],[72.86674,19.05165]]},"properties":{"waterway":"drain","name":null}},{"type":"Feature","geometry":{"type":"LineString","coordinates":[[72.85256,19.07374],[72.85232,19.07368],[72.85194,19.07361],[72.85163,19.07357],[72.85133,19.07355],[72.85053,19.07361],[72.84972,19.07376],[72.84966,19.07376],[72.84961,19.07372],[72.84959,19.07368],[72.84959,19.0736],[72.84961,19.07339],[72.84962,19.07329],[72.84963,19.0732],[72.8497,19.07295],[72.84975,19.07265]]},"properties":{"waterway":"canal","name":null}},{"type":"Feature","geometry":{"type":"LineString","coordinates":[[72.86674,19.05165],[72.86697,19.0515]]},"properties":{"waterway":"drain","name":null}},{"type":"Feature","geometry":{"type":"LineString","coordinates":[[72.86697,19.0515],[72.86651,19.05068],[72.86614,19.05045],[72.86495,19.0487]]},"properties":{"waterway":"drain","name":null}},{"type":"Feature","geometry":{"type":"LineString","coordinates":[[72.84004,19.04807],[72.83933,19.0479],[72.83885,19.04804],[72.8381,19.04827],[72.83692,19.04872]]},"properties":{"waterway":"river","name":"Mithi River"}},{"type":"Feature","geometry":{"type":"LineString","coordinates":[[72.84162,19.05051],[72.84102,19.05035],[72.84045,19.05002],[72.84016,19.04968],[72.84004,19.04929],[72.84002,19.04884],[72.84004,19.04807]]},"properties":{"waterway":"river","name":"Mithi River"}},{"type":"Feature","geometry":{"type":"LineString","coordinates":[[72.84162,19.05051],[72.84167,19.0499],[72.84161,19.04933],[72.84135,19.04884],[72.841,19.04849],[72.84056,19.04832],[72.84004,19.04807]]},"properties":{"waterway":"river","name":"Mithi River"}},{"type":"Feature","geometry":{"type":"LineString","coordinates":[[72.85809,19.05288],[72.85768,19.05246],[72.85725,19.05213],[72.85656,19.05189],[72.85629,19.05172],[72.85602,19.05137],[72.8557,19.05085],[72.85571,19.05076],[72.85597,19.05059],[72.85612,19.05045],[72.85617,19.05023],[72.85605,19.04999],[72.85582,19.04979],[72.85552,19.04966],[72.85507,19.0495],[72.85489,19.0494],[72.8542,19.04898],[72.85407,19.04894],[72.85398,19.04891],[72.85388,19.04888]]},"properties":{"waterway":"stream","name":null}},{"type":"Feature","geometry":{"type":"LineString","coordinates":[[72.85041,19.04671],[72.85067,19.04781]]},"properties":{"waterway":"drain","name":null}},{"type":"Feature","geometry":{"type":"LineString","coordinates":[[72.84454,19.0527],[72.84488,19.05212]]},"properties":{"waterway":"drain","name":null}},{"type":"Feature","geometry":{"type":"LineString","coordinates":[[72.84806,19.04616],[72.8485,19.0463],[72.85041,19.04671]]},"properties":{"waterway":"drain","name":null}},{"type":"Feature","geometry":{"type":"LineString","coordinates":[[72.86808,19.05367],[72.86757,19.05387],[72.8667,19.05439]]},"properties":{"waterway":"stream","name":null}},{"type":"Feature","geometry":{"type":"LineString","coordinates":[[72.84488,19.05212],[72.84493,19.05162]]},"properties":{"waterway":"drain","name":null}},{"type":"Feature","geometry":{"type":"LineString","coordinates":[[72.85041,19.04671],[72.85103,19.04683],[72.85115,19.0469],[72.85113,19.04705],[72.85067,19.04781]]},"properties":{"waterway":"drain","name":null}},{"type":"Feature","geometry":{"type":"LineString","coordinates":[[72.85067,19.04781],[72.84881,19.05032],[72.84841,19.05075],[72.84787,19.05144],[72.8476,19.0517]]},"properties":{"waterway":"drain","name":null}},{"type":"Feature","geometry":{"type":"LineString","coordinates":[[72.85388,19.04888],[72.8535,19.04938],[72.85308,19.04999],[72.85279,19.05032],[72.8526,19.0506],[72.85253,19.05071],[72.85248,19.05078],[72.85236,19.05108],[72.85228,19.05133],[72.85212,19.05192],[72.85197,19.05204],[72.85181,19.05222]]},"properties":{"waterway":"stream","name":null}},{"type":"Feature","geometry":{"type":"LineString","coordinates":[[72.84806,19.04616],[72.84764,19.04617],[72.84697,19.04605],[72.84644,19.04598],[72.8462,19.04602],[72.84587,19.04614],[72.84552,19.04632],[72.8454,19.04643],[72.84369,19.05069],[72.84369,19.05082],[72.84376,19.05133]]},"properties":{"waterway":"drain","name":null}},{"type":"Feature","geometry":{"type":"LineString","coordinates":[[72.85388,19.04888],[72.85373,19.04882],[72.85361,19.04876],[72.8535,19.04863],[72.85313,19.04836],[72.85252,19.04789],[72.85239,19.04778],[72.85221,19.04749],[72.85205,19.04741],[72.85191,19.0474],[72.8518,19.04744]]},"properties":{"waterway":"stream","name":null}},{"type":"Feature","geometry":{"type":"LineString","coordinates":[[72.87288,19.04531],[72.8738,19.04559],[72.87614,19.04629],[72.87674,19.04652],[72.87736,19.04689],[72.87787,19.04733],[72.87836,19.04784]]},"properties":{"waterway":"drain","name":null}},{"type":"Feature","geometry":{"type":"LineString","coordinates":[[72.8714,19.07227],[72.87174,19.07175],[72.87277,19.07201]]},"properties":{"waterway":"drain","name":null}},{"type":"Feature","geometry":{"type":"LineString","coordinates":[[72.86795,19.07124],[72.86847,19.07093],[72.87063,19.07207],[72.8714,19.07227]]},"properties":{"waterway":"drain","name":null}},{"type":"Feature","geometry":{"type":"LineString","coordinates":[[72.84243,19.06414],[72.8422,19.06382],[72.84188,19.06122]]},"properties":{"waterway":"drain","name":null}},{"type":"Feature","geometry":{"type":"LineString","coordinates":[[72.84188,19.06122],[72.84174,19.05978],[72.84157,19.05835],[72.84158,19.05738]]},"properties":{"waterway":"drain","name":null}},{"type":"Feature","geometry":{"type":"LineString","coordinates":[[72.84712,19.05357],[72.84777,19.05259]]},"properties":{"waterway":"drain","name":null}},{"type":"Feature","geometry":{"type":"LineString","coordinates":[[72.84777,19.05259],[72.84827,19.05189]]},"properties":{"waterway":"drain","name":null}},{"type":"Feature","geometry":{"type":"LineString","coordinates":[[72.84916,19.03639],[72.84923,19.0367],[72.85044,19.03913],[72.85054,19.03925]]},"properties":{"waterway":"drain","name":null}},{"type":"Feature","geometry":{"type":"LineString","coordinates":[[72.85054,19.03925],[72.85088,19.03992],[72.85095,19.04013],[72.85088,19.04031],[72.85001,19.04129],[72.84916,19.04219],[72.84883,19.0427],[72.84866,19.04318],[72.84856,19.04368],[72.84807,19.04604],[72.84806,19.04616]]},"properties":{"waterway":"drain","name":null}},{"type":"Feature","geometry":{"type":"LineString","coordinates":[[72.83051,19.00916],[72.82947,19.00944],[72.82869,19.00978]]},"properties":{"waterway":"drain","name":null}},{"type":"Feature","geometry":{"type":"LineString","coordinates":[[72.87411,19.07822],[72.87406,19.07814],[72.87403,19.07792],[72.87394,19.07761],[72.87386,19.0775],[72.87386,19.07739],[72.87371,19.07718],[72.87349,19.07696],[72.87352,19.07683],[72.87355,19.07671]]},"properties":{"waterway":"drain","name":null}},{"type":"Feature","geometry":{"type":"LineString","coordinates":[[72.88027,19.08014],[72.8796,19.08006],[72.87935,19.07998]]},"properties":{"waterway":"drain","name":null}},{"type":"Feature","geometry":{"type":"LineString","coordinates":[[72.87064,19.08162],[72.87346,19.08028],[72.87431,19.07993],[72.87597,19.07917],[72.87634,19.07898]]},"properties":{"waterway":"drain","name":null}},{"type":"Feature","geometry":{"type":"LineString","coordinates":[[72.87334,19.07767],[72.87336,19.07742],[72.8733,19.07706],[72.87343,19.0768],[72.87355,19.07671],[72.87358,19.07667]]},"properties":{"waterway":"drain","name":null}},{"type":"Feature","geometry":{"type":"LineString","coordinates":[[72.83192,19.08091],[72.83201,19.08113],[72.83203,19.08138],[72.83183,19.08148],[72.83147,19.08154],[72.83119,19.08158],[72.83091,19.08162],[72.83071,19.08161],[72.83065,19.08148],[72.83046,19.08127],[72.83039,19.08132],[72.83028,19.08141],[72.82956,19.08185],[72.82928,19.08197],[72.82884,19.08156],[72.82852,19.08162],[72.82786,19.0816]]},"properties":{"waterway":"drain","name":null}},{"type":"Feature","geometry":{"type":"LineString","coordinates":[[72.84342,19.05584],[72.84359,19.05527]]},"properties":{"waterway":"drain","name":null}},{"type":"Feature","geometry":{"type":"LineString","coordinates":[[72.84363,19.05514],[72.844,19.05387],[72.84417,19.05343],[72.84447,19.0528]]},"properties":{"waterway":"drain","name":null}},{"type":"Feature","geometry":{"type":"LineString","coordinates":[[72.84156,19.05649],[72.84157,19.05642]]},"properties":{"waterway":"drain","name":null}},{"type":"Feature","geometry":{"type":"LineString","coordinates":[[72.84158,19.05738],[72.84155,19.05694],[72.84156,19.05649]]},"properties":{"waterway":"drain","name":null}},{"type":"Feature","geometry":{"type":"LineString","coordinates":[[72.82815,19.07638],[72.8281,19.07649],[72.82804,19.07663],[72.828,19.07678],[72.82796,19.07683],[72.82791,19.07687],[72.82785,19.07691],[72.82777,19.07698],[72.82776,19.07706],[72.82775,19.07713],[72.82775,19.07723],[72.8277,19.07731],[72.82762,19.07736],[72.82759,19.07738],[72.8275,19.0774],[72.82746,19.0774],[72.82638,19.07753],[72.8262,19.07756],[72.8259,19.07763],[72.82569,19.07774],[72.82546,19.07788]]},"properties":{"waterway":"drain","name":null}},{"type":"Feature","geometry":{"type":"LineString","coordinates":[[72.84821,19.03014],[72.84817,19.03043]]},"properties":{"waterway":"drain","name":null}},{"type":"Feature","geometry":{"type":"LineString","coordinates":[[72.84817,19.03043],[72.84815,19.0305],[72.84848,19.03089],[72.84862,19.03152],[72.84898,19.03367],[72.84903,19.03388],[72.84915,19.03443],[72.84918,19.03493],[72.84916,19.03522],[72.84916,19.03551],[72.84911,19.03624],[72.84916,19.03639]]},"properties":{"waterway":"drain","name":null}},{"type":"Feature","geometry":{"type":"LineString","coordinates":[[72.84949,19.08032],[72.84948,19.07991]]},"properties":{"waterway":"drain","name":null}},{"type":"Feature","geometry":{"type":"LineString","coordinates":[[72.84818,19.08601],[72.8482,19.08588],[72.84819,19.08575],[72.84827,19.08545],[72.84835,19.08514],[72.84835,19.08486],[72.84826,19.08466],[72.84783,19.08426],[72.8477,19.08405],[72.8477,19.08387],[72.84808,19.08256],[72.84828,19.08224],[72.84863,19.08174],[72.84887,19.08125],[72.84935,19.08078],[72.84945,19.08059],[72.84949,19.08032]]},"properties":{"waterway":"drain","name":null}},{"type":"Feature","geometry":{"type":"LineString","coordinates":[[72.87368,19.0365],[72.87377,19.0365]]},"properties":{"waterway":"drain","name":null}},{"type":"Feature","geometry":{"type":"LineString","coordinates":[[72.87326,19.03651],[72.87368,19.0365]]},"properties":{"waterway":"drain","name":null}},{"type":"Feature","geometry":{"type":"LineString","coordinates":[[72.87316,19.03651],[72.87326,19.03651]]},"properties":{"waterway":"drain","name":null}},{"type":"Feature","geometry":{"type":"LineString","coordinates":[[72.87377,19.0365],[72.87385,19.03647],[72.87389,19.03625],[72.87365,19.03278],[72.87384,19.03269],[72.87406,19.03264],[72.87933,19.03168]]},"properties":{"waterway":"drain","name":null}},{"type":"Feature","geometry":{"type":"LineString","coordinates":[[72.87952,19.04262],[72.87991,19.0426],[72.88031,19.04256],[72.88058,19.04252]]},"properties":{"waterway":"drain","name":null}},{"type":"Feature","geometry":{"type":"LineString","coordinates":[[72.83529,19.00634],[72.83557,19.00678],[72.83578,19.00713],[72.8358,19.00716],[72.83583,19.0072],[72.83593,19.00738],[72.83613,19.00771],[72.83622,19.00787],[72.83624,19.00789],[72.83624,19.00791],[72.83646,19.00825],[72.83653,19.00838],[72.83664,19.00857],[72.83676,19.0088],[72.83706,19.00937]]},"properties":{"waterway":"drain","name":null}},{"type":"Feature","geometry":{"type":"LineString","coordinates":[[72.83826,19.01074],[72.83864,19.0113],[72.83865,19.01133],[72.83867,19.01137],[72.8387,19.01139],[72.83877,19.0115],[72.8392,19.01215],[72.83949,19.0126],[72.83984,19.01312]]},"properties":{"waterway":"drain","name":null}},{"type":"Feature","geometry":{"type":"LineString","coordinates":[[72.84224,19.05465],[72.84232,19.05422]]},"properties":{"waterway":"drain","name":null}},{"type":"Feature","geometry":{"type":"LineString","coordinates":[[72.84157,19.05642],[72.84164,19.05587],[72.8418,19.05579],[72.84196,19.05542],[72.84224,19.05465]]},"properties":{"waterway":"drain","name":null}},{"type":"Feature","geometry":{"type":"LineString","coordinates":[[72.82182,18.98984],[72.82067,18.99201]]},"properties":{"waterway":"drain","name":null}},{"type":"Feature","geometry":{"type":"LineString","coordinates":[[72.81145,18.99297],[72.8111,18.99298]]},"properties":{"waterway":"drain","name":null}},{"type":"Feature","geometry":{"type":"LineString","coordinates":[[72.88031,19.06579],[72.87836,19.06429]]},"properties":{"waterway":"drain","name":null}},{"type":"Feature","geometry":{"type":"LineString","coordinates":[[72.87929,19.07995],[72.87868,19.07973]]},"properties":{"waterway":"drain","name":null}},{"type":"Feature","geometry":{"type":"LineString","coordinates":[[72.87935,19.07998],[72.87929,19.07995]]},"properties":{"waterway":"drain","name":null}},{"type":"Feature","geometry":{"type":"LineString","coordinates":[[72.8854,19.07062],[72.88424,19.06974],[72.88409,19.06957],[72.88394,19.06959],[72.88366,19.06938],[72.8831,19.06898],[72.8826,19.06848],[72.88242,19.06821]]},"properties":{"waterway":"drain","name":null}},{"type":"Feature","geometry":{"type":"LineString","coordinates":[[72.88571,19.0738],[72.88601,19.07129],[72.88607,19.07109],[72.8873,19.06959],[72.88774,19.06937],[72.88811,19.06906],[72.88749,19.0685],[72.88786,19.06787],[72.88869,19.06707],[72.88849,19.06602]]},"properties":{"waterway":"drain","name":null}},{"type":"Feature","geometry":{"type":"LineString","coordinates":[[72.8911,19.06535],[72.89048,19.06554],[72.88849,19.06602]]},"properties":{"waterway":"drain","name":null}},{"type":"Feature","geometry":{"type":"LineString","coordinates":[[72.88242,19.06821],[72.88257,19.068],[72.88276,19.0677],[72.883,19.06709],[72.88309,19.06685],[72.88326,19.06674],[72.88381,19.06554],[72.88478,19.06329],[72.88507,19.06276],[72.88547,19.06174]]},"properties":{"waterway":"drain","name":null}},{"type":"Feature","geometry":{"type":"LineString","coordinates":[[72.90261,19.08712],[72.90252,19.08602],[72.90244,19.08452],[72.90215,19.08453],[72.90207,19.08445],[72.90189,19.08403],[72.9017,19.08357],[72.90156,19.08324],[72.9015,19.083],[72.90132,19.08229],[72.90143,19.08191],[72.90016,19.08113],[72.89986,19.08089],[72.89831,19.07966],[72.89811,19.07943],[72.89799,19.07919],[72.89794,19.07837],[72.89826,19.07803],[72.89806,19.07784],[72.89792,19.07771],[72.8978,19.0775],[72.89769,19.07739],[72.89638,19.07645],[72.89623,19.07627],[72.8962,19.07609],[72.89688,19.07415],[72.89688,19.0739],[72.89572,19.07231],[72.89567,19.07206],[72.89478,19.07088],[72.89274,19.06793],[72.8912,19.06571]]},"properties":{"waterway":"drain","name":null}},{"type":"Feature","geometry":{"type":"LineString","coordinates":[[72.92507,19.06745],[72.92498,19.06741],[72.92452,19.06749],[72.92373,19.06767],[72.92278,19.06805],[72.92216,19.06808],[72.9216,19.06818],[72.9214,19.06822]]},"properties":{"waterway":"drain","name":null}},{"type":"Feature","geometry":{"type":"LineString","coordinates":[[72.91873,19.04468],[72.92244,19.04368],[72.92268,19.04367],[72.92287,19.04371],[72.9233,19.04413],[72.92337,19.04431],[72.92337,19.04433],[72.92344,19.04475],[72.92345,19.04484],[72.9235,19.04584],[72.92358,19.04607],[72.92398,19.04697],[72.92418,19.04728],[72.9244,19.04743],[72.92482,19.0484],[72.92524,19.04901],[72.92476,19.04923],[72.925,19.04962],[72.92512,19.04998],[72.92514,19.05042]]},"properties":{"waterway":"drain","name":null}},{"type":"Feature","geometry":{"type":"LineString","coordinates":[[72.92514,19.05042],[72.92534,19.05091],[72.92557,19.05144],[72.92584,19.05256],[72.92597,19.05365],[72.92598,19.05384],[72.92602,19.05399],[72.92617,19.05508],[72.92621,19.05543],[72.92638,19.05562],[72.92661,19.05569],[72.92694,19.05568],[72.9273,19.05558],[72.92774,19.05551],[72.9281,19.05549],[72.9284,19.05555],[72.92874,19.05576],[72.92935,19.05609],[72.92943,19.05619]]},"properties":{"waterway":"drain","name":null}},{"type":"Feature","geometry":{"type":"LineString","coordinates":[[72.88849,19.06602],[72.88807,19.06518],[72.88754,19.06423],[72.88713,19.06352],[72.88656,19.06276],[72.88632,19.06253],[72.88614,19.06238],[72.88611,19.06223],[72.88607,19.06212],[72.88547,19.06174]]},"properties":{"waterway":"drain","name":null}},{"type":"Feature","geometry":{"type":"LineString","coordinates":[[72.88963,19.07106],[72.88846,19.07018],[72.88881,19.06978],[72.88811,19.06906]]},"properties":{"waterway":"drain","name":null}},{"type":"Feature","geometry":{"type":"LineString","coordinates":[[72.88549,19.08243],[72.88958,19.08041],[72.88966,19.08021],[72.88962,19.07944],[72.8898,19.07871],[72.89049,19.07745]]},"properties":{"waterway":"drain","name":null}},{"type":"Feature","geometry":{"type":"LineString","coordinates":[[72.90983,19.06068],[72.90983,19.06077],[72.90949,19.06088],[72.90951,19.06097],[72.90987,19.06126],[72.91011,19.06197],[72.9103,19.06216],[72.9103,19.06246],[72.91025,19.06315],[72.91018,19.06335],[72.91011,19.06344],[72.90986,19.06364],[72.9098,19.06369]]},"properties":{"waterway":"drain","name":null}},{"type":"Feature","geometry":{"type":"LineString","coordinates":[[72.8999,19.07208],[72.90163,19.07288],[72.90213,19.07266],[72.9027,19.07382],[72.90315,19.07356],[72.90379,19.07284],[72.90444,19.07254],[72.90492,19.07207],[72.90519,19.0718],[72.90545,19.07161],[72.90566,19.07155],[72.90597,19.07158],[72.9072,19.07188],[72.90734,19.07187],[72.90773,19.07157],[72.90855,19.07048],[72.90874,19.07036],[72.90894,19.07033],[72.90973,19.07038],[72.91,19.07036],[72.91016,19.07028],[72.91035,19.07002],[72.91039,19.06969],[72.91037,19.06911],[72.91041,19.06817],[72.91045,19.06751],[72.91108,19.0664],[72.91152,19.06585],[72.91188,19.0656],[72.91231,19.0654],[72.91278,19.06534]]},"properties":{"waterway":"drain","name":"Somaiyya Nalla"}},{"type":"Feature","geometry":{"type":"LineString","coordinates":[[72.92234,19.07517],[72.92269,19.07521],[72.92411,19.07544],[72.92582,19.07571],[72.92746,19.07586],[72.92836,19.0758],[72.92935,19.07549],[72.93054,19.07487],[72.9306,19.07482],[72.93241,19.07329],[72.93304,19.07276],[72.93347,19.07186],[72.93475,19.06946],[72.93697,19.06288],[72.9392,19.06034],[72.94186,19.05877],[72.94456,19.05875],[72.94786,19.06117],[72.95365,19.06648],[72.95672,19.06754],[72.95948,19.06712],[72.9608,19.06642],[72.96166,19.0647]]},"properties":{"waterway":"stream","name":null}},{"type":"Feature","geometry":{"type":"LineString","coordinates":[[72.8912,19.06571],[72.89425,19.06485],[72.89696,19.06421],[72.89843,19.06382]]},"properties":{"waterway":"drain","name":null}},{"type":"Feature","geometry":{"type":"LineString","coordinates":[[72.89627,19.02064],[72.89427,19.02055],[72.89234,19.02046],[72.88999,19.02038],[72.88991,19.02029],[72.88988,19.01994],[72.88964,19.01948],[72.88911,19.0195],[72.88785,19.02023],[72.88646,19.02027],[72.88585,19.01926],[72.88576,19.01823],[72.88568,19.01615],[72.88553,19.01585],[72.88484,19.01612]]},"properties":{"waterway":"drain","name":null}},{"type":"Feature","geometry":{"type":"LineString","coordinates":[[72.89515,19.03099],[72.89505,19.03093],[72.89504,19.03089],[72.8951,19.03058],[72.89509,19.03048],[72.89496,19.03026],[72.89486,19.03019],[72.89312,19.0301],[72.89284,19.02992],[72.89259,19.02922],[72.8922,19.02895],[72.89177,19.02886],[72.89103,19.02901],[72.88897,19.02885],[72.88839,19.02863],[72.88804,19.02813],[72.88621,19.02665],[72.88428,19.02523],[72.88406,19.02507],[72.88356,19.0234],[72.88348,19.02312],[72.88341,19.0229]]},"properties":{"waterway":"drain","name":null}},{"type":"Feature","geometry":{"type":"LineString","coordinates":[[72.91889,19.09488],[72.91899,19.09422],[72.91908,19.09326],[72.91908,19.09324],[72.91902,19.09296],[72.91895,19.09275],[72.91881,19.09272],[72.91859,19.09269],[72.9183,19.09267],[72.91804,19.0926],[72.91786,19.09248],[72.91763,19.09234],[72.91754,19.09216],[72.91743,19.09189],[72.91735,19.09168],[72.91734,19.09158],[72.9174,19.09147],[72.91746,19.09138],[72.91763,19.09116],[72.91767,19.09108],[72.91768,19.09098],[72.91771,19.09062],[72.91771,19.09038],[72.91772,19.0902],[72.91788,19.08923],[72.91796,19.08894],[72.918,19.08885],[72.918,19.08877],[72.9179,19.08869],[72.91769,19.08849],[72.91757,19.0883],[72.91754,19.08819],[72.91754,19.08813],[72.9175,19.08797],[72.91747,19.08786],[72.91751,19.0878],[72.91757,19.08767],[72.91763,19.08754],[72.91769,19.0874],[72.91776,19.0873],[72.9178,19.08721],[72.91784,19.08715],[72.91785,19.08702],[72.91777,19.08689],[72.91744,19.08648],[72.91735,19.08638],[72.91734,19.08627],[72.91735,19.08618],[72.91739,19.08609],[72.91742,19.08598],[72.91742,19.08582],[72.91737,19.08571],[72.91727,19.08561],[72.91677,19.08507],[72.91675,19.08498],[72.91674,19.08485],[72.91676,19.08472],[72.91716,19.0834],[72.91726,19.0829],[72.91726,19.08268],[72.91718,19.0824],[72.91708,19.08212],[72.91696,19.08189],[72.91686,19.08164],[72.91682,19.0814],[72.91681,19.08116],[72.91689,19.08095],[72.9169,19.08078],[72.91696,19.08063],[72.91701,19.08048],[72.91709,19.08029],[72.91719,19.0802],[72.91759,19.07963],[72.91768,19.0794],[72.91779,19.07915],[72.91778,19.07886],[72.91802,19.07786],[72.91812,19.07762],[72.91822,19.07743],[72.91834,19.07719],[72.91841,19.077],[72.91905,19.07651],[72.92037,19.07573],[72.92147,19.07525],[72.92168,19.07523],[72.92234,19.07517]]},"properties":{"waterway":"drain","name":null}},{"type":"Feature","geometry":{"type":"LineString","coordinates":[[72.92872,19.03807],[72.92881,19.03815],[72.92893,19.03962],[72.92909,19.04247],[72.92899,19.04263]]},"properties":{"waterway":"drain","name":null}},{"type":"Feature","geometry":{"type":"LineString","coordinates":[[72.92884,19.04288],[72.92878,19.04298],[72.92857,19.04321],[72.92855,19.04334],[72.9285,19.04348],[72.92829,19.04434],[72.92794,19.04525],[72.92751,19.04632],[72.92751,19.04654],[72.92799,19.04707]]},"properties":{"waterway":"drain","name":null}},{"type":"Feature","geometry":{"type":"LineString","coordinates":[[72.92899,19.04263],[72.92884,19.04288]]},"properties":{"waterway":"drain","name":null}},{"type":"Feature","geometry":{"type":"LineString","coordinates":[[73.00244,19.0926],[73.00172,19.09257],[73.00125,19.09242],[73.00056,19.0922],[72.99911,19.09194],[72.99784,19.09183],[72.9965,19.09145],[72.99541,19.09085],[72.99398,19.08948],[72.99234,19.08768],[72.99114,19.08534],[72.99036,19.08365],[72.99001,19.0829],[72.98893,19.08192],[72.98731,19.08071],[72.98672,19.0805]]},"properties":{"waterway":"stream","name":null}},{"type":"Feature","geometry":{"type":"LineString","coordinates":[[72.98927,19.07642],[72.98931,19.07635],[72.98897,19.07594],[72.98916,19.07576],[72.98906,19.07536],[72.9904,19.07525],[72.99746,19.07473],[72.99782,19.07464],[72.99828,19.07453],[73.00158,19.07427],[73.00238,19.07424]]},"properties":{"waterway":"drain","name":null}},{"type":"Feature","geometry":{"type":"LineString","coordinates":[[72.98927,19.07642],[72.98923,19.07647],[72.98892,19.07716],[72.9888,19.07792],[72.98829,19.07864],[72.9875,19.07888],[72.98687,19.07938]]},"properties":{"waterway":"stream","name":null}},{"type":"Feature","geometry":{"type":"LineString","coordinates":[[72.9475,19.03101],[72.94781,19.03068],[72.94824,19.03038],[72.94837,19.0299],[72.94864,19.02916],[72.94939,19.02758],[72.95021,19.02639],[72.95105,19.0257],[72.95147,19.02512],[72.95331,19.0215]]},"properties":{"waterway":"stream","name":null}},{"type":"Feature","geometry":{"type":"LineString","coordinates":[[72.91756,19.05177],[72.9176,19.05192],[72.91783,19.05206],[72.91805,19.05215],[72.91824,19.05215],[72.91837,19.0523],[72.91844,19.05246],[72.91837,19.05264],[72.91831,19.05276],[72.91832,19.05283],[72.91846,19.05313]]},"properties":{"waterway":"drain","name":null}},{"type":"Feature","geometry":{"type":"LineString","coordinates":[[72.90387,19.0531],[72.90393,19.05341],[72.90398,19.05389],[72.90432,19.05446],[72.90439,19.05468],[72.90445,19.05501],[72.90468,19.05556],[72.90489,19.05671],[72.90496,19.05682],[72.90507,19.05688],[72.90556,19.05683],[72.90567,19.05687],[72.9072,19.05913],[72.90755,19.0596],[72.90764,19.05977],[72.90767,19.05991],[72.90766,19.0602],[72.90765,19.0605],[72.90768,19.06065],[72.90795,19.061],[72.90803,19.06114],[72.90837,19.06159],[72.90851,19.06179],[72.90872,19.0621],[72.90889,19.06225],[72.90968,19.06315],[72.9098,19.06369],[72.90978,19.06388],[72.90986,19.06419],[72.91018,19.06456],[72.91029,19.06462],[72.91044,19.06463],[72.91059,19.06451],[72.91088,19.06435],[72.91103,19.06437],[72.91155,19.06488],[72.91171,19.06497],[72.91237,19.06518],[72.91278,19.06534]]},"properties":{"waterway":"drain","name":null}},{"type":"Feature","geometry":{"type":"LineString","coordinates":[[72.92704,19.03564],[72.92788,19.0356]]},"properties":{"waterway":"drain","name":null}},{"type":"Feature","geometry":{"type":"LineString","coordinates":[[72.93379,19.05902],[72.93402,19.05886],[72.93435,19.05883],[72.93466,19.05897],[72.93515,19.05899],[72.93572,19.05885],[72.93632,19.05886],[72.93732,19.05888],[72.93818,19.05899],[72.93907,19.05903],[72.93963,19.05893],[72.94001,19.0589],[72.94074,19.05889],[72.94186,19.05877]]},"properties":{"waterway":"drain","name":null}},{"type":"Feature","geometry":{"type":"LineString","coordinates":[[72.92943,19.05619],[72.92963,19.05681]]},"properties":{"waterway":"drain","name":null}},{"type":"Feature","geometry":{"type":"LineString","coordinates":[[72.9279,19.04767],[72.92802,19.04775],[72.92836,19.04811],[72.92844,19.0484],[72.92842,19.04873],[72.92829,19.0493],[72.92822,19.04955],[72.92816,19.05005],[72.9283,19.0503],[72.92848,19.05051],[72.92848,19.05068],[72.92841,19.05096],[72.92839,19.05113],[72.92852,19.05126],[72.92889,19.05155],[72.92897,19.05164],[72.92903,19.05166],[72.92917,19.05172],[72.92956,19.05181],[72.93069,19.05214],[72.93136,19.05234],[72.93148,19.05261],[72.93155,19.05313],[72.93166,19.0537],[72.93202,19.05447],[72.93231,19.05518],[72.93246,19.0555],[72.93283,19.05607],[72.93287,19.05615],[72.93273,19.05652],[72.93265,19.05687],[72.93274,19.05708],[72.93301,19.05726],[72.93317,19.05754],[72.93328,19.05759],[72.93358,19.05786],[72.93371,19.05812],[72.93388,19.05865],[72.93379,19.05902]]},"properties":{"waterway":"drain","name":null}},{"type":"Feature","geometry":{"type":"LineString","coordinates":[[72.92963,19.05681],[72.92988,19.05696],[72.9302,19.05701],[72.93045,19.0571],[72.93075,19.05743],[72.93121,19.0578],[72.93159,19.05807],[72.93199,19.05838],[72.93211,19.05846],[72.93237,19.05863],[72.93281,19.05914],[72.93307,19.05937],[72.93326,19.05961],[72.93341,19.05961],[72.93367,19.05935],[72.93379,19.05902]]},"properties":{"waterway":"drain","name":null}},{"type":"Feature","geometry":{"type":"LineString","coordinates":[[72.8912,19.06571],[72.8911,19.06535]]},"properties":{"waterway":"drain","name":null}},{"type":"Feature","geometry":{"type":"LineString","coordinates":[[72.91474,19.08421],[72.91545,19.08425]]},"properties":{"waterway":"drain","name":null}},{"type":"Feature","geometry":{"type":"LineString","coordinates":[[72.91052,19.07876],[72.91099,19.07927],[72.91222,19.08064],[72.91391,19.08251],[72.91545,19.08425],[72.91681,19.08577],[72.91734,19.08627]]},"properties":{"waterway":"drain","name":null}},{"type":"Feature","geometry":{"type":"LineString","coordinates":[[72.88389,19.07431],[72.88537,19.074],[72.88559,19.0739],[72.88571,19.0738]]},"properties":{"waterway":"drain","name":null}},{"type":"Feature","geometry":{"type":"LineString","coordinates":[[72.89258,19.07929],[72.89243,19.07902],[72.89175,19.07846],[72.89068,19.07757],[72.89049,19.07745],[72.89032,19.07732],[72.88684,19.07466],[72.88658,19.07447],[72.88571,19.0738]]},"properties":{"waterway":"drain","name":null}},{"type":"Feature","geometry":{"type":"LineString","coordinates":[[72.89306,19.0502],[72.89306,19.04997],[72.89262,19.04995],[72.8925,19.04992],[72.89234,19.04983],[72.89194,19.0492],[72.89127,19.04886],[72.8907,19.04851],[72.89068,19.04775],[72.88988,19.04734],[72.8887,19.04611],[72.88829,19.04562]]},"properties":{"waterway":"drain","name":null}},{"type":"Feature","geometry":{"type":"LineString","coordinates":[[72.90505,19.0159],[72.90499,19.0159],[72.90482,19.01586],[72.90483,19.01519],[72.9041,19.0111],[72.90396,19.01078],[72.90381,19.01055],[72.90314,19.00941],[72.90246,19.00886],[72.90154,19.00854],[72.90073,19.0078],[72.90017,19.00728],[72.90004,19.00687],[72.90004,19.00652],[72.90015,19.0063],[72.90069,19.0054],[72.90078,19.00514],[72.90118,19.00354],[72.90198,19.00218],[72.90475,18.99792]]},"properties":{"waterway":"drain","name":null}},{"type":"Feature","geometry":{"type":"LineString","coordinates":[[72.8933,19.04231],[72.89288,19.04202],[72.89268,19.04198],[72.89216,19.04196],[72.89197,19.04192],[72.89171,19.04173],[72.89159,19.04167],[72.89147,19.0417],[72.89137,19.04182],[72.89128,19.04192],[72.89057,19.04209],[72.89004,19.04219]]},"properties":{"waterway":"drain","name":null}},{"type":"Feature","geometry":{"type":"LineString","coordinates":[[72.89072,19.03953],[72.88948,19.04197],[72.88925,19.0419],[72.88914,19.04191],[72.88902,19.04195],[72.88893,19.04206],[72.88728,19.04516]]},"properties":{"waterway":"drain","name":null}},{"type":"Feature","geometry":{"type":"LineString","coordinates":[[72.88986,19.02476],[72.88981,19.02494],[72.88962,19.02516],[72.88943,19.0254],[72.88904,19.02592],[72.88838,19.0259],[72.88723,19.02574],[72.8859,19.02552],[72.88428,19.02523]]},"properties":{"waterway":"drain","name":null}},{"type":"Feature","geometry":{"type":"LineString","coordinates":[[72.91393,19.0453],[72.91388,19.04505]]},"properties":{"waterway":"drain","name":null}},{"type":"Feature","geometry":{"type":"LineString","coordinates":[[72.91393,19.0458],[72.91393,19.0453]]},"properties":{"waterway":"drain","name":null}},{"type":"Feature","geometry":{"type":"LineString","coordinates":[[72.91404,19.04735],[72.91402,19.04726],[72.914,19.04716],[72.91397,19.04688],[72.91399,19.04657],[72.91397,19.04634],[72.91393,19.0458]]},"properties":{"waterway":"drain","name":null}},{"type":"Feature","geometry":{"type":"LineString","coordinates":[[72.8854,19.07062],[72.88584,19.07119],[72.88601,19.07129]]},"properties":{"waterway":"drain","name":null}},{"type":"Feature","geometry":{"type":"LineString","coordinates":[[72.88337,19.07301],[72.88383,19.07253],[72.88396,19.07232],[72.88406,19.07207],[72.8854,19.07062]]},"properties":{"waterway":"drain","name":null}},{"type":"Feature","geometry":{"type":"LineString","coordinates":[[72.93534,19.06937],[72.93704,19.06926],[72.9402,19.07044],[72.94216,19.07142],[72.94655,19.07537],[72.94681,19.07783],[72.94724,19.07803],[72.94891,19.07795],[72.95134,19.07742],[72.95277,19.07708],[72.95363,19.07669],[72.95403,19.07655],[72.95434,19.07653],[72.95475,19.07664],[72.95512,19.07687],[72.95548,19.07714],[72.95573,19.07727],[72.95602,19.07729],[72.95631,19.07718],[72.95647,19.0769],[72.95713,19.0764],[72.96042,19.07436]]},"properties":{"waterway":"drain","name":null}},{"type":"Feature","geometry":{"type":"LineString","coordinates":[[72.91777,19.05581],[72.91973,19.05454],[72.91946,19.05416],[72.91976,19.05398]]},"properties":{"waterway":"drain","name":null}},{"type":"Feature","geometry":{"type":"LineString","coordinates":[[72.92636,19.0601],[72.92658,19.06005],[72.92709,19.05989],[72.9283,19.05977],[72.92853,19.05976],[72.92957,19.05987],[72.93015,19.05983],[72.93076,19.05985],[72.93095,19.05988],[72.93101,19.05971]]},"properties":{"waterway":"drain","name":null}},{"type":"Feature","geometry":{"type":"LineString","coordinates":[[72.92537,19.06757],[72.92507,19.06745]]},"properties":{"waterway":"drain","name":null}},{"type":"Feature","geometry":{"type":"LineString","coordinates":[[72.92846,19.06825],[72.92826,19.06833],[72.92803,19.06836],[72.9277,19.06844],[72.92755,19.06843],[72.92739,19.06835],[72.92724,19.06823],[72.92701,19.06812],[72.92663,19.06792],[72.92612,19.06788],[72.92553,19.06778],[72.92542,19.0677],[72.92537,19.06757]]},"properties":{"waterway":"drain","name":null}},{"type":"Feature","geometry":{"type":"LineString","coordinates":[[72.90829,19.06295],[72.90859,19.0634],[72.9087,19.06352],[72.90894,19.06362],[72.90936,19.06381],[72.90953,19.06401]]},"properties":{"waterway":"stream","name":null}},{"type":"Feature","geometry":{"type":"LineString","coordinates":[[72.90953,19.06401],[72.90978,19.06388]]},"properties":{"waterway":"stream","name":null}},{"type":"Feature","geometry":{"type":"LineString","coordinates":[[72.90879,19.06847],[72.9089,19.06819],[72.90885,19.06787],[72.9088,19.06742],[72.90887,19.06714],[72.90914,19.06702],[72.90937,19.06672],[72.90962,19.06618],[72.90979,19.06572],[72.91002,19.0653],[72.91005,19.0651],[72.90988,19.06478],[72.90958,19.06453],[72.90947,19.06432],[72.90947,19.06413],[72.90953,19.06401]]},"properties":{"waterway":"stream","name":null}},{"type":"Feature","geometry":{"type":"LineString","coordinates":[[72.89578,19.03128],[72.89515,19.03099]]},"properties":{"waterway":"drain","name":null}},{"type":"Feature","geometry":{"type":"LineString","coordinates":[[72.89649,19.03158],[72.89578,19.03128]]},"properties":{"waterway":"drain","name":null}},{"type":"Feature","geometry":{"type":"LineString","coordinates":[[72.89004,19.04219],[72.88948,19.04197]]},"properties":{"waterway":"drain","name":null}},{"type":"Feature","geometry":{"type":"LineString","coordinates":[[72.88829,19.04562],[72.8877,19.04532]]},"properties":{"waterway":"drain","name":null}},{"type":"Feature","geometry":{"type":"LineString","coordinates":[[72.8877,19.04532],[72.88728,19.04516],[72.887,19.04565],[72.88687,19.04569],[72.88672,19.04565],[72.88083,19.04265],[72.88058,19.04252]]},"properties":{"waterway":"drain","name":null}},{"type":"Feature","geometry":{"type":"LineString","coordinates":[[72.8936,19.04244],[72.8933,19.04231]]},"properties":{"waterway":"drain","name":null}},{"type":"Feature","geometry":{"type":"LineString","coordinates":[[72.89493,19.04286],[72.89484,19.04286],[72.89434,19.04292],[72.89429,19.04274],[72.89402,19.04273],[72.8938,19.04264],[72.8936,19.04244]]},"properties":{"waterway":"drain","name":null}},{"type":"Feature","geometry":{"type":"LineString","coordinates":[[72.9257,19.08401],[72.92599,19.08158],[72.92596,19.0814],[72.92569,19.08001],[72.92481,19.07904],[72.92325,19.07815],[72.92248,19.07697],[72.92253,19.07629],[72.92299,19.07573],[72.92359,19.07555]]},"properties":{"waterway":"drain","name":null}},{"type":"Feature","geometry":{"type":"LineString","coordinates":[[72.90512,19.0159],[72.90505,19.0159]]},"properties":{"waterway":"drain","name":null}},{"type":"Feature","geometry":{"type":"LineString","coordinates":[[72.90756,19.01684],[72.90756,19.01661],[72.90742,19.0164],[72.90705,19.01605],[72.9068,19.01596],[72.90512,19.0159]]},"properties":{"waterway":"drain","name":null}},{"type":"Feature","geometry":{"type":"LineString","coordinates":[[72.89498,19.04286],[72.89493,19.04286]]},"properties":{"waterway":"drain","name":null}},{"type":"Feature","geometry":{"type":"LineString","coordinates":[[72.89555,19.04327],[72.89531,19.04309],[72.89522,19.04292],[72.89509,19.04287],[72.89498,19.04286]]},"properties":{"waterway":"drain","name":null}},{"type":"Feature","geometry":{"type":"LineString","coordinates":[[72.91663,19.04859],[72.91669,19.04879]]},"properties":{"waterway":"drain","name":null}},{"type":"Feature","geometry":{"type":"LineString","coordinates":[[72.91424,19.04715],[72.91503,19.04713],[72.91512,19.04714],[72.91523,19.04721],[72.91545,19.04736],[72.91579,19.04771],[72.9158,19.0478],[72.91602,19.04785],[72.91663,19.04859]]},"properties":{"waterway":"drain","name":null}},{"type":"Feature","geometry":{"type":"LineString","coordinates":[[72.92778,19.04741],[72.92777,19.04749],[72.9279,19.04767]]},"properties":{"waterway":"drain","name":null}},{"type":"Feature","geometry":{"type":"LineString","coordinates":[[72.92799,19.04707],[72.92778,19.04741]]},"properties":{"waterway":"drain","name":null}},{"type":"Feature","geometry":{"type":"LineString","coordinates":[[72.92847,19.03809],[72.92872,19.03807]]},"properties":{"waterway":"drain","name":null}},{"type":"Feature","geometry":{"type":"LineString","coordinates":[[72.92641,19.03825],[72.92847,19.03809]]},"properties":{"waterway":"drain","name":null}},{"type":"Feature","geometry":{"type":"LineString","coordinates":[[72.92631,19.03826],[72.92641,19.03825]]},"properties":{"waterway":"drain","name":null}},{"type":"Feature","geometry":{"type":"LineString","coordinates":[[72.92501,19.03836],[72.92631,19.03826]]},"properties":{"waterway":"drain","name":null}},{"type":"Feature","geometry":{"type":"LineString","coordinates":[[72.92461,19.03839],[72.92501,19.03836]]},"properties":{"waterway":"drain","name":null}},{"type":"Feature","geometry":{"type":"LineString","coordinates":[[72.92383,19.03845],[72.92461,19.03839]]},"properties":{"waterway":"drain","name":null}},{"type":"Feature","geometry":{"type":"LineString","coordinates":[[72.91753,19.05163],[72.91756,19.05177]]},"properties":{"waterway":"drain","name":null}},{"type":"Feature","geometry":{"type":"LineString","coordinates":[[72.91699,19.05034],[72.91727,19.05068],[72.91738,19.05108],[72.91747,19.05142],[72.9175,19.05153],[72.91753,19.05163]]},"properties":{"waterway":"drain","name":null}},{"type":"Feature","geometry":{"type":"LineString","coordinates":[[72.91983,19.05393],[72.92053,19.05349],[72.92056,19.05345]]},"properties":{"waterway":"drain","name":null}},{"type":"Feature","geometry":{"type":"LineString","coordinates":[[72.91976,19.05398],[72.91983,19.05393]]},"properties":{"waterway":"drain","name":null}},{"type":"Feature","geometry":{"type":"LineString","coordinates":[[72.91856,19.05327],[72.91865,19.05335],[72.91878,19.05338],[72.91908,19.05335],[72.91913,19.05342]]},"properties":{"waterway":"drain","name":null}},{"type":"Feature","geometry":{"type":"LineString","coordinates":[[72.91846,19.05313],[72.91856,19.05327]]},"properties":{"waterway":"drain","name":null}},{"type":"Feature","geometry":{"type":"LineString","coordinates":[[72.91918,19.0535],[72.91924,19.05357],[72.91994,19.05314],[72.92015,19.05306],[72.92036,19.05309],[72.92056,19.05345],[72.9209,19.05331],[72.92122,19.05325],[72.92192,19.05348],[72.92229,19.05352],[72.92296,19.05312],[72.92307,19.05301],[72.92325,19.05124],[72.92333,19.0511]]},"properties":{"waterway":"drain","name":null}},{"type":"Feature","geometry":{"type":"LineString","coordinates":[[72.91913,19.05342],[72.91918,19.0535]]},"properties":{"waterway":"drain","name":null}},{"type":"Feature","geometry":{"type":"LineString","coordinates":[[72.91695,19.0502],[72.91699,19.05034]]},"properties":{"waterway":"drain","name":null}},{"type":"Feature","geometry":{"type":"LineString","coordinates":[[72.91669,19.04879],[72.9168,19.04958],[72.91695,19.0502]]},"properties":{"waterway":"drain","name":null}},{"type":"Feature","geometry":{"type":"LineString","coordinates":[[72.90382,19.05295],[72.90387,19.0531]]},"properties":{"waterway":"drain","name":null}},{"type":"Feature","geometry":{"type":"LineString","coordinates":[[72.90374,19.05116],[72.90384,19.05137],[72.90389,19.05204],[72.90381,19.05279],[72.90382,19.05295]]},"properties":{"waterway":"drain","name":null}},{"type":"Feature","geometry":{"type":"LineString","coordinates":[[72.93101,19.05971],[72.93117,19.05939]]},"properties":{"waterway":"drain","name":null}},{"type":"Feature","geometry":{"type":"LineString","coordinates":[[72.93117,19.05939],[72.93145,19.05905],[72.93211,19.05846]]},"properties":{"waterway":"drain","name":null}},{"type":"Feature","geometry":{"type":"LineString","coordinates":[[72.91388,19.04505],[72.91385,19.04496]]},"properties":{"waterway":"drain","name":null}},{"type":"Feature","geometry":{"type":"LineString","coordinates":[[72.91385,19.04496],[72.91379,19.04474]]},"properties":{"waterway":"drain","name":null}},{"type":"Feature","geometry":{"type":"LineString","coordinates":[[72.91278,19.06534],[72.91429,19.06576],[72.91615,19.06642],[72.91775,19.06708],[72.9191,19.06815],[72.9195,19.06918],[72.91959,19.06921],[72.91969,19.06954],[72.91985,19.07006],[72.91997,19.07047],[72.92007,19.07083]]},"properties":{"waterway":"stream","name":null}},{"type":"Feature","geometry":{"type":"LineString","coordinates":[[72.914,19.04716],[72.91424,19.04715]]},"properties":{"waterway":"drain","name":null}},{"type":"Feature","geometry":{"type":"LineString","coordinates":[[72.88216,19.05459],[72.88239,19.05415],[72.88284,19.05405],[72.88302,19.05407],[72.88427,19.05466],[72.88448,19.05482]]},"properties":{"waterway":"drain","name":null}},{"type":"Feature","geometry":{"type":"LineString","coordinates":[[72.92118,19.06825],[72.92081,19.06821],[72.9205,19.06797],[72.92028,19.0678],[72.91994,19.06769],[72.91977,19.06776],[72.91957,19.06788],[72.91936,19.06801],[72.9191,19.06815]]},"properties":{"waterway":"drain","name":null}},{"type":"Feature","geometry":{"type":"LineString","coordinates":[[72.9214,19.06822],[72.92118,19.06825]]},"properties":{"waterway":"drain","name":null}},{"type":"Feature","geometry":{"type":"LineString","coordinates":[[72.90602,19.06226],[72.90612,19.06244],[72.90621,19.06265],[72.90631,19.0631],[72.90632,19.06314],[72.90636,19.06316],[72.90724,19.0631],[72.90745,19.06313],[72.90784,19.06313],[72.90789,19.06308],[72.90792,19.06283],[72.90804,19.06267],[72.90825,19.06251],[72.90872,19.0621]]},"properties":{"waterway":"drain","name":null}},{"type":"Feature","geometry":{"type":"LineString","coordinates":[[72.89191,19.08109],[72.89258,19.07929]]},"properties":{"waterway":"drain","name":null}},{"type":"Feature","geometry":{"type":"LineString","coordinates":[[72.92333,19.0511],[72.92338,19.05102],[72.92459,19.05029],[72.92492,19.05027],[72.92514,19.05042]]},"properties":{"waterway":"drain","name":null}},{"type":"Feature","geometry":{"type":"LineString","coordinates":[[72.88248,19.02609],[72.88257,19.02541],[72.8826,19.02525],[72.8835,19.02356],[72.88356,19.0234]]},"properties":{"waterway":"drain","name":null}},{"type":"Feature","geometry":{"type":"LineString","coordinates":[[72.91068,19.05651],[72.91065,19.05695],[72.91068,19.05711],[72.91079,19.0574],[72.91104,19.05776],[72.91002,19.05835],[72.90963,19.05859],[72.90965,19.05863]]},"properties":{"waterway":"drain","name":null}},{"type":"Feature","geometry":{"type":"LineString","coordinates":[[72.90965,19.05863],[72.90973,19.05881]]},"properties":{"waterway":"drain","name":null}},{"type":"Feature","geometry":{"type":"LineString","coordinates":[[72.90973,19.05881],[72.90976,19.05889],[72.90992,19.0594],[72.90993,19.05979],[72.90988,19.06026]]},"properties":{"waterway":"drain","name":null}},{"type":"Feature","geometry":{"type":"LineString","coordinates":[[72.90985,19.06056],[72.90983,19.06068]]},"properties":{"waterway":"drain","name":null}},{"type":"Feature","geometry":{"type":"LineString","coordinates":[[72.90987,19.06036],[72.90985,19.0605],[72.90985,19.06056]]},"properties":{"waterway":"drain","name":null}},{"type":"Feature","geometry":{"type":"LineString","coordinates":[[72.90988,19.06026],[72.90987,19.06036]]},"properties":{"waterway":"drain","name":null}},{"type":"Feature","geometry":{"type":"LineString","coordinates":[[72.91415,19.04775],[72.91407,19.04745]]},"properties":{"waterway":"drain","name":null}},{"type":"Feature","geometry":{"type":"LineString","coordinates":[[72.91407,19.04745],[72.91404,19.04735]]},"properties":{"waterway":"drain","name":null}},{"type":"Feature","geometry":{"type":"LineString","coordinates":[[72.94418,19.0439],[72.94418,19.04378],[72.94418,19.04367],[72.94463,19.04342],[72.94471,19.04346],[72.94479,19.04348],[72.94512,19.04339],[72.94519,19.04334],[72.94528,19.04311],[72.94536,19.04306],[72.94602,19.04303],[72.94612,19.043],[72.94629,19.04315],[72.94635,19.04315],[72.94782,19.04208],[72.94791,19.04207],[72.94804,19.04214],[72.94835,19.04252],[72.94864,19.04275]]},"properties":{"waterway":"drain","name":null}},{"type":"Feature","geometry":{"type":"LineString","coordinates":[[72.88457,19.05488],[72.88465,19.05495]]},"properties":{"waterway":"drain","name":null}},{"type":"Feature","geometry":{"type":"LineString","coordinates":[[72.88448,19.05482],[72.88457,19.05488]]},"properties":{"waterway":"drain","name":null}},{"type":"Feature","geometry":{"type":"LineString","coordinates":[[72.93315,19.09292],[72.93103,19.08609],[72.93077,19.08547],[72.93029,19.08424],[72.92972,19.08357],[72.9278,19.08206],[72.92716,19.0813],[72.92596,19.0814]]},"properties":{"waterway":"drain","name":null}},{"type":"Feature","geometry":{"type":"LineString","coordinates":[[72.93583,19.08012],[72.93071,19.07499],[72.9306,19.07482]]},"properties":{"waterway":"drain","name":null}},{"type":"Feature","geometry":{"type":"LineString","coordinates":[[72.85884,19.13732],[72.8588,19.1373],[72.8587,19.13732],[72.85845,19.13753],[72.85805,19.13759],[72.8579,19.13753],[72.85776,19.13723],[72.85746,19.13708],[72.85704,19.1373],[72.8569,19.13719],[72.85675,19.13678],[72.85652,19.13665],[72.85627,19.13669],[72.85613,19.13706],[72.85585,19.13715],[72.85584,19.13732],[72.85598,19.13776],[72.85588,19.13792],[72.85526,19.1383]]},"properties":{"waterway":"drain","name":"Oshiwara River"}},{"type":"Feature","geometry":{"type":"LineString","coordinates":[[72.87409,19.17201],[72.87408,19.172],[72.87411,19.17187],[72.87407,19.17154],[72.87408,19.17136],[72.87406,19.17113],[72.87402,19.171],[72.87389,19.17083],[72.87374,19.17071],[72.8736,19.1706],[72.87337,19.17047],[72.87319,19.17038],[72.87299,19.17021],[72.87275,19.17006],[72.8726,19.16994],[72.87244,19.16981],[72.87239,19.16964],[72.87232,19.16946],[72.8723,19.16934],[72.87227,19.16899],[72.87218,19.16887],[72.87205,19.1687],[72.87184,19.16863],[72.87165,19.16857],[72.8714,19.16841],[72.87125,19.1683],[72.87112,19.16816],[72.87109,19.168],[72.87109,19.16785],[72.87096,19.16765],[72.87085,19.16755],[72.87074,19.16752],[72.87058,19.16755],[72.8704,19.16753],[72.87023,19.16751],[72.87005,19.16743],[72.86985,19.16731],[72.86956,19.16715],[72.86925,19.167],[72.86894,19.16689],[72.86861,19.16678],[72.8683,19.16666],[72.86814,19.16656],[72.86789,19.16639],[72.86753,19.16616],[72.86719,19.16598],[72.86694,19.16593],[72.86638,19.16583],[72.86626,19.1658],[72.86614,19.16562],[72.86607,19.16545],[72.86598,19.16524],[72.86593,19.16505],[72.86587,19.16494],[72.86576,19.16479],[72.86564,19.16471],[72.86551,19.16456],[72.86544,19.1645],[72.86532,19.16432],[72.86525,19.16413],[72.8652,19.16398],[72.86515,19.16383],[72.86512,19.16366],[72.86512,19.16352],[72.8651,19.16342],[72.86498,19.16332],[72.86485,19.16324],[72.86475,19.16312],[72.86464,19.16302],[72.86445,19.16288],[72.8643,19.16275],[72.86415,19.16268],[72.86408,19.1627],[72.86399,19.16275],[72.86392,19.16279],[72.86385,19.16285],[72.86381,19.16289],[72.86372,19.16293],[72.86357,19.16291],[72.86344,19.16287],[72.86331,19.16281],[72.8632,19.16276],[72.86302,19.16268],[72.8629,19.16264],[72.86276,19.16257],[72.86264,19.16247],[72.86249,19.16235],[72.86237,19.16227],[72.86224,19.16221],[72.8621,19.16216],[72.86191,19.16218],[72.86181,19.16221],[72.86167,19.16222],[72.86149,19.16223],[72.86137,19.16227],[72.86124,19.16232],[72.86109,19.16233],[72.86096,19.16228],[72.86079,19.16228],[72.86067,19.16228],[72.86045,19.16218],[72.86022,19.1621],[72.8601,19.16202],[72.85996,19.16201],[72.85987,19.16206],[72.85975,19.16217],[72.85963,19.16232],[72.85958,19.16244],[72.85959,19.16253],[72.85948,19.16265],[72.85939,19.1626],[72.85939,19.16248],[72.85931,19.1624],[72.85918,19.16228],[72.85902,19.16212],[72.85902,19.16199],[72.85901,19.16183],[72.85897,19.16158],[72.85887,19.1614],[72.85882,19.16122],[72.85862,19.16118],[72.85842,19.16114],[72.85824,19.16107]]},"properties":{"waterway":"river","name":"Oshiwara River"}},{"type":"Feature","geometry":{"type":"LineString","coordinates":[[72.84691,19.09114],[72.84698,19.0912],[72.84702,19.09132],[72.84698,19.09145],[72.84688,19.09158],[72.84665,19.09176]]},"properties":{"waterway":"drain","name":null}},{"type":"Feature","geometry":{"type":"LineString","coordinates":[[72.87009,19.09856],[72.87046,19.09885],[72.87076,19.09909],[72.87106,19.09935],[72.87134,19.09961],[72.87183,19.09993],[72.87221,19.10013]]},"properties":{"waterway":"stream","name":null}},{"type":"Feature","geometry":{"type":"LineString","coordinates":[[72.86835,19.11463],[72.86905,19.11448],[72.86932,19.1142],[72.86957,19.11414],[72.8696,19.11381],[72.86993,19.11362],[72.8697,19.11235],[72.8696,19.112],[72.86959,19.11184],[72.86957,19.11163]]},"properties":{"waterway":"drain","name":null}},{"type":"Feature","geometry":{"type":"LineString","coordinates":[[72.84434,19.11049],[72.84429,19.11051],[72.84423,19.11056],[72.84425,19.11067],[72.84427,19.11078],[72.84428,19.11089],[72.84427,19.11102],[72.8442,19.11112],[72.84403,19.11119],[72.84395,19.11121],[72.84383,19.11117],[72.8437,19.11113],[72.84361,19.11115],[72.84352,19.11127],[72.84346,19.11134],[72.84327,19.11139],[72.84315,19.11141],[72.84297,19.11148],[72.84276,19.11148],[72.84254,19.1115],[72.84238,19.11152],[72.84222,19.11149],[72.84209,19.11142],[72.84206,19.11127],[72.8421,19.11113],[72.84203,19.11087],[72.84195,19.11072],[72.84183,19.11063],[72.84163,19.11067],[72.84138,19.11077],[72.84125,19.11074],[72.84113,19.11061],[72.84096,19.11055],[72.84083,19.11048],[72.8406,19.11042],[72.84038,19.11036],[72.84007,19.11029],[72.83965,19.11024],[72.83929,19.11029],[72.83909,19.11025],[72.83873,19.11033],[72.83835,19.11038],[72.8375,19.11028],[72.83618,19.11012],[72.83511,19.10989],[72.83461,19.10991],[72.83409,19.11003],[72.83243,19.11098],[72.8302,19.11212],[72.82988,19.11229],[72.82867,19.11292],[72.82851,19.11307],[72.82838,19.11334],[72.82825,19.11378],[72.82819,19.11428],[72.8282,19.11527],[72.82819,19.11592],[72.82819,19.11636],[72.82811,19.11665],[72.82787,19.11696],[72.82767,19.11718],[72.82724,19.11758],[72.82699,19.11784],[72.82672,19.11802],[72.82656,19.11812],[72.826,19.11849],[72.82551,19.11896],[72.82536,19.11903],[72.8251,19.11915],[72.82461,19.11931]]},"properties":{"waterway":"drain","name":"Irla Nala"}},{"type":"Feature","geometry":{"type":"LineString","coordinates":[[72.82719,19.12542],[72.82726,19.12529],[72.8274,19.12514],[72.8275,19.12505],[72.82763,19.12487],[72.82768,19.12474],[72.82769,19.1245],[72.82775,19.12434],[72.82781,19.12421],[72.82784,19.12396],[72.82747,19.12361],[72.82741,19.12331],[72.82738,19.123],[72.82737,19.12286],[72.82733,19.12278],[72.82737,19.12256],[72.82749,19.12223],[72.82753,19.12213]]},"properties":{"waterway":"drain","name":null}},{"type":"Feature","geometry":{"type":"LineString","coordinates":[[72.8217,19.12136],[72.82183,19.1214],[72.82202,19.12148],[72.82218,19.12153],[72.8223,19.12162],[72.82241,19.12173],[72.82248,19.12178],[72.82256,19.12181],[72.82264,19.12185],[72.82274,19.12194],[72.82278,19.12204],[72.82269,19.12217],[72.82261,19.12227],[72.82263,19.12249]]},"properties":{"waterway":"stream","name":null}},{"type":"Feature","geometry":{"type":"LineString","coordinates":[[72.82327,19.12185],[72.82319,19.12176],[72.8231,19.12168],[72.82297,19.1216],[72.82283,19.12155],[72.82273,19.12157],[72.8227,19.12166],[72.82266,19.12175],[72.82256,19.12181]]},"properties":{"waterway":"stream","name":null}},{"type":"Feature","geometry":{"type":"LineString","coordinates":[[72.82253,19.12274],[72.82247,19.12268],[72.82241,19.12259],[72.82234,19.12246],[72.82226,19.12238],[72.82216,19.12233],[72.82218,19.12225],[72.82229,19.12216],[72.82239,19.12208],[72.82244,19.12202],[72.82249,19.12194],[72.82256,19.12181]]},"properties":{"waterway":"stream","name":null}},{"type":"Feature","geometry":{"type":"LineString","coordinates":[[72.81829,19.12539],[72.81812,19.12527],[72.81804,19.125],[72.81799,19.12478],[72.81808,19.12446],[72.81819,19.12429],[72.81838,19.12409],[72.81857,19.12395],[72.81877,19.12389],[72.81894,19.12377],[72.81909,19.12369],[72.8193,19.12361],[72.81954,19.12348],[72.81956,19.1233],[72.81963,19.1231],[72.81973,19.12296],[72.81988,19.12304],[72.82005,19.12298],[72.8202,19.12298],[72.82033,19.12277],[72.82037,19.12268],[72.82042,19.12259],[72.82048,19.12252],[72.8205,19.12249],[72.82053,19.12242],[72.82056,19.12238],[72.82062,19.12224]]},"properties":{"waterway":"stream","name":null}},{"type":"Feature","geometry":{"type":"LineString","coordinates":[[72.81963,19.1231],[72.81957,19.12295],[72.81958,19.12284],[72.81956,19.12275],[72.8195,19.12266],[72.81944,19.1226],[72.8194,19.12248],[72.81946,19.12234],[72.81959,19.1221]]},"properties":{"waterway":"stream","name":null}},{"type":"Feature","geometry":{"type":"LineString","coordinates":[[72.84198,19.12579],[72.84202,19.12596],[72.84203,19.1261],[72.842,19.12624],[72.84193,19.12634],[72.84186,19.12637],[72.84175,19.12637],[72.84161,19.12631],[72.84148,19.12624],[72.84138,19.1262],[72.84121,19.12623],[72.84106,19.12633],[72.84095,19.12647],[72.84083,19.1266],[72.84077,19.1267],[72.84077,19.1268],[72.84076,19.12694],[72.84061,19.12699],[72.84049,19.12699],[72.84034,19.127],[72.84025,19.12704],[72.84005,19.12723],[72.83994,19.12732],[72.83976,19.12732],[72.83955,19.12727],[72.8394,19.12725],[72.83928,19.1272],[72.83915,19.12729],[72.83897,19.12743],[72.83857,19.12769],[72.83832,19.12789],[72.8381,19.1281],[72.83792,19.12834],[72.83784,19.12848],[72.83759,19.12861],[72.83739,19.12882],[72.83716,19.12905],[72.83682,19.12929],[72.83658,19.12947],[72.83638,19.12959],[72.83631,19.12969],[72.83618,19.12994],[72.83609,19.13019],[72.83606,19.13027]]},"properties":{"waterway":"stream","name":"Malad Creek"}},{"type":"Feature","geometry":{"type":"LineString","coordinates":[[72.81866,19.14873],[72.81874,19.14881],[72.81896,19.14893],[72.81908,19.14896],[72.81918,19.149],[72.8193,19.14906],[72.81942,19.14915],[72.8195,19.1492],[72.8195,19.14928],[72.81953,19.14935],[72.8196,19.14936],[72.8197,19.14936],[72.81978,19.14935],[72.81989,19.14934],[72.81987,19.14945],[72.81986,19.14958],[72.81989,19.14968],[72.81996,19.14976],[72.82011,19.14978],[72.82027,19.14977],[72.82039,19.14978],[72.82055,19.1498],[72.82064,19.1498],[72.8208,19.14986],[72.82089,19.14992],[72.82106,19.15004]]},"properties":{"waterway":"stream","name":null}},{"type":"Feature","geometry":{"type":"LineString","coordinates":[[72.81979,19.14675],[72.81985,19.1468],[72.81996,19.14685],[72.82008,19.14691],[72.82015,19.14699],[72.82024,19.14711],[72.82033,19.14717],[72.82044,19.14722],[72.82054,19.14728],[72.82062,19.1474],[72.82075,19.14745],[72.82077,19.14753],[72.82077,19.14764],[72.82087,19.14772],[72.821,19.14772],[72.82115,19.14765],[72.82129,19.14765],[72.82139,19.14774],[72.82147,19.14785],[72.8216,19.14785],[72.82166,19.14795],[72.82168,19.14798],[72.82175,19.14808],[72.82186,19.1482],[72.82193,19.14836],[72.82201,19.14837],[72.82213,19.14839],[72.82219,19.14847],[72.82227,19.14855],[72.82235,19.14862],[72.82245,19.14863],[72.82264,19.14876]]},"properties":{"waterway":"stream","name":null}},{"type":"Feature","geometry":{"type":"LineString","coordinates":[[72.84528,19.17032],[72.84521,19.17031],[72.84504,19.17033],[72.84501,19.17043],[72.84498,19.17047],[72.84489,19.17049],[72.84432,19.17025],[72.84388,19.17042],[72.84386,19.17068],[72.84342,19.17105],[72.84302,19.17115],[72.84283,19.17131],[72.84276,19.17132],[72.84185,19.17129],[72.84164,19.17092],[72.84134,19.17091],[72.84128,19.17081],[72.84134,19.17024],[72.84092,19.17023],[72.83649,19.17089],[72.83625,19.17142],[72.83609,19.17154],[72.83406,19.17197],[72.83242,19.17225],[72.83057,19.1727],[72.82998,19.17283],[72.82919,19.17298],[72.8282,19.17305]]},"properties":{"waterway":"river","name":null}},{"type":"Feature","geometry":{"type":"LineString","coordinates":[[72.84283,19.17131],[72.84292,19.17193],[72.84322,19.17229],[72.84316,19.17239],[72.84309,19.17256],[72.84324,19.17298],[72.84329,19.17333],[72.84321,19.17357],[72.84315,19.17365]]},"properties":{"waterway":"river","name":null}},{"type":"Feature","geometry":{"type":"LineString","coordinates":[[72.8789,19.16016],[72.87861,19.16014],[72.87829,19.16018],[72.87803,19.16016],[72.87783,19.16008],[72.87769,19.15982],[72.87754,19.1594],[72.87745,19.15926],[72.87734,19.15908],[72.87709,19.15914],[72.87658,19.15888],[72.87618,19.15876],[72.87583,19.15866],[72.87548,19.15866],[72.87495,19.15882],[72.87465,19.15883],[72.87457,19.15879],[72.8743,19.15866],[72.87403,19.15866],[72.8738,19.15877],[72.8735,19.15885],[72.87322,19.15892],[72.87275,19.15902],[72.87247,19.15908],[72.87199,19.15917],[72.87089,19.15921],[72.87059,19.15921],[72.87037,19.15916],[72.87006,19.15912],[72.86985,19.15907],[72.86946,19.15875],[72.86903,19.15848],[72.86872,19.15837],[72.8686,19.15833],[72.86839,19.15819],[72.86824,19.15815],[72.86791,19.15817],[72.86765,19.15829],[72.86736,19.15834],[72.8671,19.15832],[72.86686,19.15821],[72.8667,19.15818],[72.86639,19.1581],[72.86616,19.15809],[72.86584,19.15808],[72.8654,19.15809],[72.86523,19.15809],[72.86498,19.1581],[72.8648,19.15811],[72.86467,19.15817],[72.86453,19.15835],[72.86436,19.15855],[72.86422,19.1587],[72.86397,19.15882],[72.86385,19.15892],[72.86364,19.15908],[72.86342,19.15936],[72.86324,19.15956],[72.8631,19.15959],[72.86293,19.15954],[72.86265,19.15917],[72.8625,19.15896],[72.86237,19.15887],[72.86213,19.15886],[72.86185,19.15892],[72.86168,19.15898],[72.86142,19.1589],[72.86109,19.15855],[72.86098,19.1584],[72.86082,19.15835],[72.86063,19.15836],[72.86041,19.15856],[72.86013,19.15886],[72.85984,19.15911],[72.85949,19.15935],[72.85924,19.15948],[72.85904,19.15964]]},"properties":{"waterway":"stream","name":null}},{"type":"Feature","geometry":{"type":"LineString","coordinates":[[72.86959,19.181],[72.86922,19.18105],[72.86874,19.18104],[72.86868,19.18096],[72.86824,19.18085],[72.86768,19.18074],[72.8676,19.18072],[72.86717,19.18084],[72.86681,19.18103],[72.86637,19.18125],[72.86614,19.18141],[72.86602,19.18168],[72.86589,19.18228],[72.86585,19.18294],[72.86585,19.18378],[72.86579,19.18395],[72.86541,19.18398],[72.86534,19.18409],[72.86543,19.18445],[72.86556,19.18557],[72.86557,19.18566],[72.86569,19.18647],[72.8657,19.18656]]},"properties":{"waterway":"drain","name":null}},{"type":"Feature","geometry":{"type":"LineString","coordinates":[[72.87884,19.09127],[72.8788,19.08769]]},"properties":{"waterway":"river","name":"Mithi River"}},{"type":"Feature","geometry":{"type":"LineString","coordinates":[[72.88065,19.09598],[72.8805,19.0958],[72.88016,19.09546],[72.87996,19.09488],[72.87928,19.09446],[72.87883,19.09409],[72.87848,19.09339],[72.87861,19.09212],[72.87884,19.09127]]},"properties":{"waterway":"river","name":"Mithi River"}},{"type":"Feature","geometry":{"type":"LineString","coordinates":[[72.8789,19.09991],[72.87697,19.10062],[72.87676,19.10068]]},"properties":{"waterway":"drain","name":null}},{"type":"Feature","geometry":{"type":"LineString","coordinates":[[72.85824,19.16107],[72.85746,19.16087]]},"properties":{"waterway":"drain","name":"Oshiwara River"}},{"type":"Feature","geometry":{"type":"LineString","coordinates":[[72.8843,19.1292],[72.88423,19.12903],[72.88417,19.12838],[72.8843,19.12787],[72.8844,19.12762],[72.88523,19.12726],[72.88614,19.12715],[72.88648,19.12688],[72.88659,19.12657],[72.88658,19.126],[72.88686,19.12462],[72.8871,19.12401],[72.88742,19.12323],[72.88749,19.1227],[72.88814,19.1221],[72.8884,19.12184],[72.88831,19.12156],[72.88775,19.1213],[72.88683,19.12092],[72.88632,19.12049],[72.886,19.11933],[72.88585,19.11839],[72.88602,19.11705],[72.88626,19.11574],[72.88705,19.11452],[72.88718,19.11396],[72.88683,19.11348],[72.886,19.11286],[72.88539,19.11215],[72.88524,19.11171],[72.88525,19.11119],[72.88536,19.11087],[72.88558,19.11071],[72.88603,19.11048],[72.88663,19.10993],[72.88683,19.10977],[72.88697,19.10955],[72.88692,19.10925],[72.88661,19.10822],[72.88605,19.10704],[72.88562,19.10675],[72.88418,19.10591],[72.88407,19.10577],[72.88396,19.10451],[72.88385,19.10431],[72.88341,19.10398],[72.882,19.10313],[72.88044,19.10263],[72.88004,19.10211],[72.87921,19.0998],[72.87904,19.09897],[72.87914,19.09861],[72.87942,19.09847],[72.88022,19.09837],[72.88084,19.09802],[72.88096,19.09732],[72.88101,19.09642],[72.88065,19.09598]]},"properties":{"waterway":"river","name":"Mithi River"}},{"type":"Feature","geometry":{"type":"LineString","coordinates":[[72.81633,19.15073],[72.81625,19.15104],[72.81623,19.15119],[72.81611,19.1515],[72.81604,19.15165],[72.81591,19.15181],[72.81583,19.15202],[72.81577,19.15226],[72.81575,19.15271],[72.81572,19.15288],[72.81565,19.15316],[72.8152,19.15354],[72.81506,19.15384],[72.81497,19.15393],[72.81473,19.1541],[72.81456,19.15418],[72.81434,19.15417],[72.81414,19.15409],[72.81393,19.15394],[72.81376,19.15382],[72.81355,19.15366],[72.81337,19.1535],[72.81321,19.15331],[72.81292,19.15307],[72.81259,19.15296],[72.81223,19.15297],[72.81197,19.15302],[72.81179,19.15311],[72.81159,19.15317],[72.8114,19.15316],[72.81106,19.15311],[72.81091,19.15303],[72.81089,19.15282],[72.81078,19.15265],[72.8105,19.15267],[72.81029,19.15274],[72.81017,19.15288],[72.81004,19.15307],[72.80989,19.15312]]},"properties":{"waterway":"stream","name":null}},{"type":"Feature","geometry":{"type":"LineString","coordinates":[[72.82168,19.14798],[72.82174,19.14792],[72.82176,19.14791],[72.82181,19.14787],[72.82183,19.14784],[72.82183,19.14777],[72.8218,19.14775],[72.82179,19.14772],[72.8218,19.14768],[72.82184,19.14766],[72.82189,19.1476],[72.82189,19.14754],[72.82186,19.1475],[72.82179,19.14746],[72.82178,19.14742],[72.82179,19.14737],[72.82181,19.14731],[72.82181,19.14723],[72.82178,19.14717],[72.82175,19.14707],[72.82171,19.147],[72.82166,19.14694]]},"properties":{"waterway":"stream","name":null}},{"type":"Feature","geometry":{"type":"LineString","coordinates":[[72.83492,19.15956],[72.83411,19.15945],[72.83384,19.15954],[72.83326,19.15975],[72.8328,19.15966],[72.83222,19.15963],[72.83199,19.15951],[72.83184,19.15958],[72.8313,19.15969],[72.83095,19.15964],[72.83065,19.15964],[72.83047,19.1598]]},"properties":{"waterway":"drain","name":null}},{"type":"Feature","geometry":{"type":"LineString","coordinates":[[72.84975,19.15591],[72.84945,19.15532],[72.84929,19.15513],[72.84905,19.15497],[72.84867,19.15475],[72.84814,19.15483],[72.84777,19.15488],[72.84762,19.15492],[72.84742,19.15474],[72.84713,19.15455],[72.84683,19.15419],[72.84655,19.15388],[72.84642,19.15374],[72.84616,19.15334],[72.84591,19.15288],[72.84579,19.15266],[72.84561,19.15224],[72.84542,19.15196],[72.84534,19.15177],[72.84484,19.15114],[72.84463,19.15053],[72.84436,19.15033],[72.84398,19.15023],[72.84333,19.15036],[72.84304,19.15044],[72.84232,19.15041],[72.84165,19.15031],[72.84111,19.15017],[72.84048,19.15028],[72.83989,19.15053],[72.83933,19.15098],[72.83895,19.15128],[72.83778,19.15223],[72.83749,19.15238],[72.83726,19.15245],[72.83675,19.15234],[72.83646,19.15211],[72.83633,19.15191],[72.83616,19.15178],[72.83591,19.1517],[72.83556,19.15172],[72.83522,19.15177],[72.83498,19.15184],[72.83427,19.15247],[72.83378,19.1528],[72.83262,19.153],[72.8321,19.15326],[72.83168,19.15384],[72.83068,19.15509],[72.83002,19.15545],[72.82984,19.15581],[72.82963,19.15633],[72.82957,19.15688],[72.82969,19.1576],[72.83023,19.15896],[72.83047,19.1598],[72.83048,19.16048],[72.83018,19.16194],[72.82939,19.16414],[72.82861,19.16496],[72.82678,19.16668],[72.8255,19.16719],[72.82452,19.16716],[72.8224,19.1664],[72.8203,19.16573],[72.81986,19.16559]]},"properties":{"waterway":"river","name":"Oshiwara River"}},{"type":"Feature","geometry":{"type":"LineString","coordinates":[[72.83171,19.13447],[72.83183,19.13484],[72.83189,19.13505],[72.83182,19.13598],[72.8317,19.1374],[72.83161,19.13784],[72.83159,19.13788],[72.83153,19.13795],[72.83145,19.13799],[72.83138,19.138],[72.83122,19.13802],[72.83109,19.13804],[72.83093,19.13811],[72.83057,19.13825],[72.8301,19.13852],[72.82956,19.13891],[72.82921,19.13917],[72.82907,19.13931],[72.82893,19.13943],[72.82869,19.1396],[72.82858,19.13972],[72.82837,19.13988],[72.82816,19.14006],[72.82806,19.14017],[72.82797,19.14033],[72.8279,19.14053],[72.82793,19.14078],[72.82796,19.1409],[72.82806,19.14115],[72.82818,19.14189],[72.82805,19.14229],[72.82811,19.14298],[72.82775,19.14385],[72.82759,19.14467],[72.82751,19.14615],[72.82708,19.14729],[72.82652,19.1477],[72.82562,19.14828],[72.82398,19.14902],[72.82306,19.14935],[72.82182,19.15002]]},"properties":{"waterway":"stream","name":"Mogara Nallah"}},{"type":"Feature","geometry":{"type":"LineString","coordinates":[[72.87676,19.10068],[72.87594,19.10094]]},"properties":{"waterway":"drain","name":null}},{"type":"Feature","geometry":{"type":"LineString","coordinates":[[72.87594,19.10094],[72.87334,19.10092],[72.87305,19.10094],[72.87289,19.10103],[72.87277,19.10123],[72.87277,19.10209],[72.87282,19.10292]]},"properties":{"waterway":"drain","name":null}},{"type":"Feature","geometry":{"type":"LineString","coordinates":[[72.8408,19.14549],[72.84085,19.14589],[72.84079,19.14634],[72.84067,19.14676],[72.8404,19.14719],[72.84028,19.1473],[72.83998,19.14746],[72.83992,19.14754],[72.83988,19.14789],[72.83982,19.14805],[72.83955,19.1485],[72.83934,19.14891],[72.83922,19.14922],[72.83906,19.14968],[72.83896,19.15094],[72.83895,19.15128]]},"properties":{"waterway":"drain","name":null}},{"type":"Feature","geometry":{"type":"LineString","coordinates":[[72.84686,19.13968],[72.84672,19.13996],[72.84635,19.14012],[72.84601,19.14058],[72.84551,19.14113],[72.84533,19.14112],[72.8451,19.14103],[72.84465,19.14074]]},"properties":{"waterway":"drain","name":null}},{"type":"Feature","geometry":{"type":"LineString","coordinates":[[72.83801,19.10219],[72.83808,19.10188]]},"properties":{"waterway":"stream","name":"Irla Nala"}},{"type":"Feature","geometry":{"type":"LineString","coordinates":[[72.83808,19.10188],[72.83811,19.10173],[72.83816,19.10157],[72.83819,19.10138],[72.83816,19.10122],[72.83809,19.10116],[72.8379,19.10113]]},"properties":{"waterway":"stream","name":"Irla Nala"}},{"type":"Feature","geometry":{"type":"LineString","coordinates":[[72.84799,19.08705],[72.84798,19.08722],[72.84769,19.08747],[72.84765,19.08935],[72.84766,19.08951],[72.84817,19.0898],[72.84865,19.0904]]},"properties":{"waterway":"drain","name":null}},{"type":"Feature","geometry":{"type":"LineString","coordinates":[[72.8526,19.0947],[72.85246,19.09448],[72.8523,19.09427],[72.85205,19.09399],[72.85183,19.09374],[72.85163,19.09353],[72.85135,19.09325],[72.85113,19.09304],[72.85078,19.09269],[72.85053,19.09245],[72.85028,19.09223],[72.85005,19.09203],[72.84972,19.09174],[72.8496,19.09155],[72.84944,19.09138],[72.8493,19.09131],[72.84905,19.09125],[72.84863,19.0912],[72.84839,19.09119],[72.84801,19.09117],[72.84776,19.09117],[72.84751,19.09116],[72.84725,19.09115],[72.84691,19.09114]]},"properties":{"waterway":"drain","name":null}},{"type":"Feature","geometry":{"type":"LineString","coordinates":[[72.79677,19.16972],[72.79672,19.1698],[72.79667,19.16985],[72.7966,19.16988],[72.79655,19.16987],[72.79643,19.16992],[72.79633,19.17006],[72.7963,19.17014],[72.79628,19.17024],[72.79624,19.17048],[72.79616,19.17064],[72.79593,19.17078],[72.79571,19.17085],[72.79539,19.17099],[72.79509,19.17109],[72.79491,19.17125],[72.79477,19.17146],[72.79465,19.17165],[72.79426,19.17178],[72.79398,19.17208]]},"properties":{"waterway":"stream","name":null}},{"type":"Feature","geometry":{"type":"LineString","coordinates":[[72.87417,19.13881],[72.87391,19.13888],[72.87368,19.13908],[72.87327,19.13951],[72.87298,19.13964],[72.87273,19.13972],[72.87256,19.13979],[72.87223,19.14008],[72.87185,19.14042],[72.87174,19.14048],[72.87153,19.14057],[72.8707,19.14074]]},"properties":{"waterway":"drain","name":null}},{"type":"Feature","geometry":{"type":"LineString","coordinates":[[72.82218,19.17895],[72.82165,19.17809],[72.8213,19.17768],[72.8209,19.17737],[72.82051,19.17703],[72.82028,19.17676],[72.8202,19.17632],[72.82018,19.17585],[72.82014,19.17542],[72.8198,19.17493],[72.81942,19.17444],[72.81911,19.17413],[72.81887,19.17292],[72.81866,19.17245]]},"properties":{"waterway":"river","name":null}},{"type":"Feature","geometry":{"type":"LineString","coordinates":[[72.82315,19.18304],[72.82349,19.18317],[72.82406,19.18306],[72.8246,19.18307],[72.82492,19.18337],[72.82521,19.18338],[72.82568,19.18315],[72.82608,19.18299],[72.82624,19.18276],[72.8264,19.18263],[72.82669,19.18252],[72.82698,19.18259],[72.82723,19.1825],[72.82757,19.18259]]},"properties":{"waterway":"river","name":null}},{"type":"Feature","geometry":{"type":"LineString","coordinates":[[72.81341,19.17528],[72.8135,19.17527],[72.81372,19.17527],[72.81391,19.1751],[72.814,19.17492],[72.81421,19.17478],[72.81438,19.17491],[72.81467,19.17504],[72.81494,19.175],[72.81514,19.17479],[72.81515,19.17453],[72.81527,19.17417],[72.81582,19.17381],[72.8164,19.17371],[72.81701,19.17363],[72.81766,19.17316],[72.81819,19.17265],[72.81831,19.17247],[72.81866,19.17245]]},"properties":{"waterway":"river","name":null}},{"type":"Feature","geometry":{"type":"LineString","coordinates":[[72.81224,19.17008],[72.81264,19.1699],[72.81292,19.16981],[72.8132,19.16985],[72.81341,19.16987],[72.81353,19.16983],[72.81357,19.16972],[72.81351,19.1694],[72.81362,19.16889],[72.81387,19.1685],[72.81396,19.16805],[72.81396,19.16758],[72.81414,19.16718],[72.81457,19.16694],[72.81507,19.16676],[72.81546,19.16648],[72.81628,19.16601],[72.81707,19.16525],[72.8172,19.16277]]},"properties":{"waterway":"river","name":null}},{"type":"Feature","geometry":{"type":"LineString","coordinates":[[72.82218,19.17895],[72.82236,19.17904],[72.82254,19.17917],[72.82266,19.17929],[72.82276,19.17947],[72.82288,19.17952],[72.82308,19.17948],[72.82335,19.17942],[72.82359,19.17937],[72.82365,19.17916],[72.82377,19.17896],[72.82395,19.1788],[72.82419,19.17866],[72.82462,19.17852],[72.8249,19.17852],[72.82503,19.17858],[72.82507,19.17868],[72.82507,19.17881],[72.82507,19.17897],[72.82511,19.1791],[72.82529,19.17925],[72.82556,19.17938],[72.82572,19.17943],[72.82594,19.17948],[72.82634,19.17942],[72.82667,19.17941],[72.8268,19.17948],[72.82689,19.17967],[72.82712,19.17988],[72.8274,19.1799],[72.82767,19.17976],[72.82787,19.1795],[72.82827,19.17915],[72.82881,19.17897],[72.82934,19.17858]]},"properties":{"waterway":"river","name":null}},{"type":"Feature","geometry":{"type":"LineString","coordinates":[[72.81854,19.17725],[72.81861,19.17704],[72.81864,19.17675],[72.81861,19.17598],[72.8189,19.17508],[72.81911,19.17413]]},"properties":{"waterway":"river","name":null}},{"type":"Feature","geometry":{"type":"LineString","coordinates":[[72.80827,19.16638],[72.80866,19.16604],[72.80909,19.16577],[72.80968,19.16575],[72.81018,19.16553],[72.81094,19.16487],[72.81205,19.16435],[72.81296,19.16385],[72.81371,19.16306],[72.81397,19.16237],[72.81484,19.16214],[72.81595,19.16148]]},"properties":{"waterway":"river","name":null}},{"type":"Feature","geometry":{"type":"LineString","coordinates":[[72.81835,19.18211],[72.81812,19.18103]]},"properties":{"waterway":"drain","name":null}},{"type":"Feature","geometry":{"type":"LineString","coordinates":[[72.81725,19.1812],[72.81812,19.18103],[72.82115,19.18042],[72.82218,19.17895]]},"properties":{"waterway":"drain","name":null}},{"type":"Feature","geometry":{"type":"LineString","coordinates":[[72.83811,19.10173],[72.83911,19.10135],[72.83909,19.10062],[72.83908,19.09955],[72.83925,19.09927],[72.83929,19.09775],[72.83914,19.09745],[72.83911,19.09657],[72.83932,19.09619],[72.83937,19.09483],[72.83937,19.09436],[72.83924,19.09355],[72.83916,19.09323],[72.83875,19.09245],[72.83862,19.09229],[72.8384,19.09196],[72.8382,19.09182],[72.83616,19.09197],[72.83348,19.09139],[72.83239,19.09119],[72.83219,19.09092],[72.83225,19.08967],[72.83224,19.08929],[72.83203,19.08865],[72.83203,19.08852],[72.83227,19.088],[72.83232,19.08777],[72.83231,19.08753],[72.8325,19.08728],[72.83251,19.08711],[72.83231,19.0863],[72.83229,19.0862],[72.83108,19.08664],[72.83091,19.08648],[72.83052,19.08546]]},"properties":{"waterway":"drain","name":null}},{"type":"Feature","geometry":{"type":"LineString","coordinates":[[72.83052,19.08546],[72.83043,19.08521]]},"properties":{"waterway":"drain","name":null}},{"type":"Feature","geometry":{"type":"LineString","coordinates":[[72.87626,19.11104],[72.87615,19.11087],[72.87614,19.11078],[72.8762,19.1107],[72.87627,19.11047],[72.87632,19.11003],[72.87678,19.10993],[72.8769,19.10991],[72.87692,19.10981],[72.87672,19.10896],[72.87653,19.10861],[72.87646,19.10854],[72.87628,19.10849],[72.87618,19.10843],[72.87585,19.10772],[72.8758,19.10753],[72.87584,19.10734],[72.87591,19.10723],[72.87592,19.10688],[72.87586,19.10678],[72.87529,19.1062],[72.87524,19.10615],[72.87499,19.10563],[72.87494,19.10562],[72.87479,19.1057]]},"properties":{"waterway":"drain","name":null}},{"type":"Feature","geometry":{"type":"LineString","coordinates":[[72.84665,19.09176],[72.84644,19.09215],[72.84639,19.09235]]},"properties":{"waterway":"drain","name":null}},{"type":"Feature","geometry":{"type":"LineString","coordinates":[[72.84639,19.09235],[72.84639,19.09238],[72.84642,19.09245],[72.84643,19.09247]]},"properties":{"waterway":"drain","name":null}},{"type":"Feature","geometry":{"type":"LineString","coordinates":[[72.84594,19.08994],[72.84592,19.09003],[72.8462,19.09032],[72.8465,19.09066],[72.84673,19.09087],[72.84691,19.09114]]},"properties":{"waterway":"drain","name":null}},{"type":"Feature","geometry":{"type":"LineString","coordinates":[[72.84818,19.08601],[72.84825,19.08617],[72.84815,19.0864],[72.84804,19.08666],[72.84799,19.08705]]},"properties":{"waterway":"drain","name":null}},{"type":"Feature","geometry":{"type":"LineString","coordinates":[[72.83835,19.11038],[72.83839,19.11001],[72.83782,19.10545],[72.83776,19.10456],[72.83801,19.10219]]},"properties":{"waterway":"drain","name":"Irla Nala"}},{"type":"Feature","geometry":{"type":"LineString","coordinates":[[72.84013,19.15961],[72.84006,19.15684],[72.83998,19.15322],[72.8399,19.15292],[72.83985,19.15278],[72.83975,19.15261],[72.83968,19.15245],[72.83966,19.15212],[72.83969,19.1517],[72.83978,19.15078],[72.83989,19.15053]]},"properties":{"waterway":"drain","name":null}},{"type":"Feature","geometry":{"type":"LineString","coordinates":[[72.86048,19.13556],[72.86026,19.13625],[72.86022,19.13678]]},"properties":{"waterway":"drain","name":null}},{"type":"Feature","geometry":{"type":"LineString","coordinates":[[72.86955,19.11537],[72.8694,19.11473],[72.86946,19.11458],[72.86942,19.11432],[72.86957,19.11414]]},"properties":{"waterway":"drain","name":null}},{"type":"Feature","geometry":{"type":"LineString","coordinates":[[72.87274,19.14279],[72.87208,19.14214],[72.87182,19.14196],[72.87143,19.14149],[72.87111,19.14105],[72.8707,19.14074]]},"properties":{"waterway":"stream","name":null}},{"type":"Feature","geometry":{"type":"LineString","coordinates":[[72.86019,19.15246],[72.86015,19.15282],[72.85987,19.15389],[72.85953,19.15464],[72.85941,19.15492],[72.85928,19.15632],[72.8592,19.15761],[72.85906,19.15921],[72.85904,19.15964]]},"properties":{"waterway":"drain","name":null}},{"type":"Feature","geometry":{"type":"LineString","coordinates":[[72.87504,19.16954],[72.8747,19.16958],[72.87448,19.16977],[72.87382,19.16985],[72.87296,19.1697],[72.87227,19.16899]]},"properties":{"waterway":"drain","name":null}},{"type":"Feature","geometry":{"type":"LineString","coordinates":[[72.85904,19.15964],[72.85897,19.1599],[72.85909,19.16033],[72.85917,19.16052],[72.85915,19.1607],[72.85907,19.16094],[72.85897,19.16109],[72.85882,19.16122]]},"properties":{"waterway":"drain","name":null}},{"type":"Feature","geometry":{"type":"LineString","coordinates":[[72.88222,19.16451],[72.88196,19.16445],[72.88162,19.16425],[72.88155,19.16411],[72.88141,19.16407],[72.8811,19.16407],[72.8809,19.164],[72.88079,19.16365],[72.88076,19.16331],[72.88066,19.16313],[72.88035,19.16301],[72.88024,19.16294],[72.88007,19.1628],[72.87999,19.16268],[72.88,19.16251],[72.87986,19.16234],[72.87964,19.16232],[72.87949,19.16225],[72.87941,19.16197],[72.87923,19.16167],[72.87899,19.16146],[72.87887,19.16121],[72.87893,19.16086],[72.87906,19.1605],[72.87905,19.16029],[72.8789,19.16016]]},"properties":{"waterway":"stream","name":null}},{"type":"Feature","geometry":{"type":"LineString","coordinates":[[72.88231,19.15867],[72.88205,19.15866],[72.88198,19.15864],[72.88185,19.1585],[72.88151,19.15841],[72.88144,19.15841],[72.88131,19.15838],[72.88106,19.15826],[72.88077,19.15825],[72.88064,19.15823],[72.88047,19.15814],[72.88034,19.15814],[72.87989,19.15825],[72.87989,19.15838],[72.87994,19.15857],[72.87994,19.15864]]},"properties":{"waterway":"stream","name":null}},{"type":"Feature","geometry":{"type":"LineString","coordinates":[[72.85526,19.1383],[72.85463,19.13822]]},"properties":{"waterway":"drain","name":"Oshiwara River"}},{"type":"Feature","geometry":{"type":"LineString","coordinates":[[72.85257,19.13988],[72.85248,19.13998],[72.85237,19.14003],[72.85215,19.14008],[72.85182,19.14025],[72.85147,19.14036],[72.85127,19.14042],[72.85104,19.14074],[72.85099,19.14143],[72.85088,19.14172],[72.85068,19.1418],[72.85058,19.1419],[72.85044,19.14221],[72.85025,19.14234],[72.85007,19.14253],[72.8495,19.1426]]},"properties":{"waterway":"drain","name":"Oshiwara River"}},{"type":"Feature","geometry":{"type":"LineString","coordinates":[[72.82753,19.12213],[72.82757,19.122]]},"properties":{"waterway":"drain","name":null}},{"type":"Feature","geometry":{"type":"LineString","coordinates":[[72.82757,19.122],[72.82759,19.12194],[72.8275,19.12161],[72.82726,19.12116],[72.82711,19.121],[72.82687,19.12082],[72.82678,19.12072]]},"properties":{"waterway":"drain","name":null}},{"type":"Feature","geometry":{"type":"LineString","coordinates":[[72.82678,19.12072],[72.82665,19.12058]]},"properties":{"waterway":"drain","name":null}},{"type":"Feature","geometry":{"type":"LineString","coordinates":[[72.82665,19.12058],[72.82651,19.12047],[72.8264,19.12022],[72.82612,19.11993],[72.82585,19.1196],[72.82536,19.11903]]},"properties":{"waterway":"drain","name":null}},{"type":"Feature","geometry":{"type":"LineString","coordinates":[[72.82811,19.08877],[72.82856,19.08902],[72.82861,19.08926],[72.82876,19.08952],[72.82895,19.08974],[72.82925,19.09015],[72.83006,19.09076],[72.83082,19.09042],[72.83225,19.08967]]},"properties":{"waterway":"drain","name":null}},{"type":"Feature","geometry":{"type":"LineString","coordinates":[[72.82187,19.12102],[72.82094,19.12102]]},"properties":{"waterway":"drain","name":"Irla Nala"}},{"type":"Feature","geometry":{"type":"LineString","coordinates":[[72.82461,19.11931],[72.82365,19.11969],[72.82315,19.11983],[72.82279,19.11998],[72.82255,19.12008],[72.82226,19.12042],[72.82187,19.12102],[72.82184,19.12107],[72.82158,19.12149],[72.82131,19.12182],[72.821,19.12213],[72.8208,19.12225],[72.82065,19.12227],[72.82062,19.12224],[72.82047,19.12215],[72.82022,19.12196]]},"properties":{"waterway":"drain","name":"Irla Nala"}},{"type":"Feature","geometry":{"type":"LineString","coordinates":[[72.82315,19.11983],[72.82273,19.11964],[72.82227,19.11945],[72.82191,19.11932],[72.8216,19.11933],[72.82129,19.1195],[72.82109,19.11966],[72.82095,19.11982],[72.82085,19.12014],[72.82084,19.12055],[72.82094,19.12102],[72.82091,19.12133],[72.82068,19.12158],[72.82044,19.12181],[72.82022,19.12196],[72.82005,19.12208],[72.81983,19.12212],[72.81959,19.1221],[72.81947,19.12204],[72.81939,19.12195],[72.81935,19.12177],[72.81937,19.12167],[72.81942,19.12153],[72.81949,19.1214],[72.81949,19.12129],[72.81948,19.12118],[72.81942,19.12104],[72.81934,19.12095],[72.81918,19.12083]]},"properties":{"waterway":"drain","name":"Irla Nala"}},{"type":"Feature","geometry":{"type":"LineString","coordinates":[[72.82415,19.13296],[72.82413,19.13207],[72.82434,19.13202]]},"properties":{"waterway":"drain","name":null}},{"type":"Feature","geometry":{"type":"LineString","coordinates":[[72.82455,19.13378],[72.82456,19.13405],[72.82452,19.13411],[72.82448,19.13414],[72.82429,19.13414],[72.82417,19.13415],[72.82413,19.13417],[72.82409,19.1342],[72.82403,19.13426],[72.82396,19.1343],[72.82389,19.13432],[72.82382,19.13433],[72.82284,19.13423],[72.82232,19.13409]]},"properties":{"waterway":"drain","name":null}},{"type":"Feature","geometry":{"type":"LineString","coordinates":[[72.86298,19.13924],[72.86278,19.13877]]},"properties":{"waterway":"drain","name":"Oshiwara River"}},{"type":"Feature","geometry":{"type":"LineString","coordinates":[[72.8707,19.14074],[72.87037,19.14051],[72.87007,19.14008],[72.8698,19.14004],[72.86944,19.14014],[72.86819,19.14046],[72.86809,19.14003],[72.868,19.14002],[72.86712,19.13995],[72.86693,19.13994],[72.86683,19.13991],[72.86659,19.13983],[72.86613,19.13975],[72.86541,19.13979],[72.86514,19.13975],[72.86492,19.13965],[72.86479,19.13956],[72.86458,19.13975],[72.8644,19.13989],[72.86373,19.14014],[72.86348,19.14007],[72.86328,19.13963],[72.86307,19.13941],[72.86298,19.13924]]},"properties":{"waterway":"drain","name":"Oshiwara River"}},{"type":"Feature","geometry":{"type":"LineString","coordinates":[[72.85989,19.1373],[72.85974,19.13738]]},"properties":{"waterway":"drain","name":"Oshiwara River"}},{"type":"Feature","geometry":{"type":"LineString","coordinates":[[72.86097,19.13673],[72.86061,19.13682],[72.86038,19.13681],[72.86022,19.13678],[72.86006,19.13683],[72.86003,19.13685],[72.86001,19.13689],[72.85995,19.13717],[72.85992,19.13724],[72.85989,19.1373]]},"properties":{"waterway":"drain","name":"Oshiwara River"}},{"type":"Feature","geometry":{"type":"LineString","coordinates":[[72.83527,19.15966],[72.83492,19.15956]]},"properties":{"waterway":"drain","name":null}},{"type":"Feature","geometry":{"type":"LineString","coordinates":[[72.84218,19.15957],[72.84064,19.1596],[72.84013,19.15961],[72.8396,19.15962],[72.83898,19.15962],[72.83527,19.15966]]},"properties":{"waterway":"drain","name":null}},{"type":"Feature","geometry":{"type":"LineString","coordinates":[[72.84442,19.11048],[72.84434,19.11049]]},"properties":{"waterway":"drain","name":"Irla Nala"}},{"type":"Feature","geometry":{"type":"LineString","coordinates":[[72.86956,19.11156],[72.86954,19.11131],[72.86944,19.11101],[72.86958,19.11087],[72.87029,19.11041],[72.87036,19.11021],[72.87031,19.10955],[72.87034,19.10951]]},"properties":{"waterway":"drain","name":null}},{"type":"Feature","geometry":{"type":"LineString","coordinates":[[72.86957,19.11163],[72.86956,19.11156]]},"properties":{"waterway":"drain","name":null}},{"type":"Feature","geometry":{"type":"LineString","coordinates":[[72.87039,19.10937],[72.87056,19.10922],[72.8707,19.1091],[72.87078,19.1086],[72.87078,19.10839],[72.87053,19.10791],[72.87041,19.10796],[72.87032,19.10773],[72.87023,19.1077],[72.87011,19.10767],[72.86995,19.10773],[72.86976,19.10773],[72.86952,19.10774],[72.86942,19.10756],[72.86942,19.10745],[72.86969,19.10728],[72.86989,19.10699],[72.86999,19.10628],[72.87003,19.10591],[72.86998,19.10564],[72.87062,19.10534],[72.87172,19.10474],[72.87271,19.10426],[72.87276,19.10408],[72.87276,19.10401],[72.87272,19.10379],[72.87259,19.10345],[72.87259,19.10331],[72.87264,19.10322]]},"properties":{"waterway":"drain","name":null}},{"type":"Feature","geometry":{"type":"LineString","coordinates":[[72.87034,19.10951],[72.87039,19.10937]]},"properties":{"waterway":"drain","name":null}},{"type":"Feature","geometry":{"type":"LineString","coordinates":[[72.87268,19.10315],[72.87272,19.10309]]},"properties":{"waterway":"drain","name":null}},{"type":"Feature","geometry":{"type":"LineString","coordinates":[[72.87264,19.10322],[72.87268,19.10315]]},"properties":{"waterway":"drain","name":null}},{"type":"Feature","geometry":{"type":"LineString","coordinates":[[72.87282,19.10292],[72.87278,19.103]]},"properties":{"waterway":"drain","name":null}},{"type":"Feature","geometry":{"type":"LineString","coordinates":[[72.87272,19.10309],[72.87278,19.103]]},"properties":{"waterway":"drain","name":null}},{"type":"Feature","geometry":{"type":"LineString","coordinates":[[72.8495,19.1426],[72.84947,19.14263],[72.84947,19.14267],[72.84956,19.14329],[72.84914,19.14345],[72.84889,19.14333],[72.84864,19.14297],[72.84853,19.14297],[72.84848,19.14328],[72.84818,19.14339],[72.84742,19.14362],[72.84724,19.14423],[72.84686,19.14427],[72.84646,19.14422],[72.84612,19.14467],[72.8461,19.14536],[72.8464,19.14573],[72.84622,19.14632]]},"properties":{"waterway":"drain","name":"Oshiwara River"}},{"type":"Feature","geometry":{"type":"LineString","coordinates":[[72.81866,19.17245],[72.81875,19.17243],[72.81883,19.17197],[72.81909,19.17158],[72.81961,19.17022],[72.81965,19.16937],[72.81931,19.16795],[72.818,19.16658],[72.81707,19.16525]]},"properties":{"waterway":"river","name":null}},{"type":"Feature","geometry":{"type":"LineString","coordinates":[[72.83012,19.18847],[72.83013,19.18835],[72.82969,19.18754],[72.82866,19.1866],[72.82812,19.18598],[72.82796,19.1853],[72.82786,19.18394],[72.82764,19.18329],[72.8276,19.18278],[72.82789,19.18219],[72.82947,19.18043],[72.82974,19.1794],[72.82988,19.1768],[72.82965,19.17595],[72.82903,19.17514],[72.82856,19.17332],[72.8282,19.17305],[72.82382,19.16978],[72.81986,19.16559],[72.8172,19.16277],[72.81702,19.16258],[72.81595,19.16148],[72.80625,19.15147],[72.80487,19.14926],[72.80364,19.14697],[72.80322,19.14446],[72.80154,19.14246],[72.80055,19.1395]]},"properties":{"waterway":"river","name":null}},{"type":"Feature","geometry":{"type":"LineString","coordinates":[[72.81929,19.13648],[72.81947,19.13695],[72.8194,19.1377],[72.81914,19.13803],[72.81901,19.13838],[72.81854,19.13909],[72.81819,19.13931],[72.81814,19.13981],[72.81761,19.14072],[72.81627,19.14168],[72.8157,19.14194],[72.81558,19.14218],[72.81457,19.14294],[72.81401,19.14315],[72.81342,19.14355],[72.81295,19.14369],[72.81196,19.14444],[72.81052,19.1458],[72.80981,19.14628],[72.80824,19.14696],[72.80777,19.14701],[72.80579,19.1468],[72.80364,19.14697]]},"properties":{"waterway":"river","name":null}},{"type":"Feature","geometry":{"type":"LineString","coordinates":[[72.83123,19.13114],[72.83105,19.13118],[72.83096,19.13123],[72.8309,19.1314],[72.83085,19.13159],[72.83085,19.13178],[72.8309,19.13194],[72.83113,19.13219],[72.83123,19.13232]]},"properties":{"waterway":"stream","name":"Malad Creek"}},{"type":"Feature","geometry":{"type":"LineString","coordinates":[[72.83162,19.13109],[72.83123,19.13114]]},"properties":{"waterway":"stream","name":"Malad Creek"}},{"type":"Feature","geometry":{"type":"LineString","coordinates":[[72.83137,19.13266],[72.83138,19.13272],[72.83134,19.13281],[72.83124,19.1329],[72.83118,19.13298],[72.83117,19.13304],[72.83121,19.13312],[72.83131,19.13319],[72.8314,19.13322],[72.83149,19.13327]]},"properties":{"waterway":"stream","name":"Malad Creek"}},{"type":"Feature","geometry":{"type":"LineString","coordinates":[[72.83123,19.13232],[72.83137,19.13266]]},"properties":{"waterway":"stream","name":"Malad Creek"}},{"type":"Feature","geometry":{"type":"LineString","coordinates":[[72.85974,19.13738],[72.85942,19.13744],[72.85924,19.13744],[72.85913,19.13743],[72.85902,19.13741],[72.85894,19.13738]]},"properties":{"waterway":"drain","name":"Oshiwara River"}},{"type":"Feature","geometry":{"type":"LineString","coordinates":[[72.85894,19.13738],[72.85884,19.13732]]},"properties":{"waterway":"drain","name":"Oshiwara River"}},{"type":"Feature","geometry":{"type":"LineString","coordinates":[[72.8745,19.10583],[72.87441,19.10582],[72.87433,19.10564],[72.87427,19.1053],[72.87427,19.10474],[72.87423,19.10456],[72.87411,19.10439],[72.87391,19.10426],[72.8738,19.10422],[72.87306,19.1042],[72.87276,19.10408]]},"properties":{"waterway":"drain","name":null}},{"type":"Feature","geometry":{"type":"LineString","coordinates":[[72.87479,19.1057],[72.8745,19.10583]]},"properties":{"waterway":"drain","name":null}},{"type":"Feature","geometry":{"type":"LineString","coordinates":[[72.83656,19.11986],[72.83659,19.1197],[72.83665,19.11904],[72.83669,19.11901],[72.83688,19.1188],[72.83688,19.11872],[72.83684,19.11853],[72.83678,19.11784],[72.8368,19.11663]]},"properties":{"waterway":"drain","name":null}},{"type":"Feature","geometry":{"type":"LineString","coordinates":[[72.84709,19.1392],[72.84686,19.13968]]},"properties":{"waterway":"drain","name":null}},{"type":"Feature","geometry":{"type":"LineString","coordinates":[[72.84821,19.13737],[72.84805,19.13756],[72.84812,19.13797],[72.84783,19.1386],[72.84722,19.13888],[72.84718,19.13892],[72.84709,19.1392]]},"properties":{"waterway":"drain","name":null}},{"type":"Feature","geometry":{"type":"LineString","coordinates":[[72.84622,19.14632],[72.84616,19.14652]]},"properties":{"waterway":"drain","name":"Oshiwara River"}},{"type":"Feature","geometry":{"type":"LineString","coordinates":[[72.84616,19.14652],[72.84594,19.14724],[72.84593,19.14727],[72.84556,19.14769],[72.84542,19.1485],[72.84405,19.14997],[72.84304,19.15044]]},"properties":{"waterway":"drain","name":"Oshiwara River"}},{"type":"Feature","geometry":{"type":"LineString","coordinates":[[72.85746,19.16087],[72.85733,19.16072],[72.85699,19.16049],[72.85683,19.1603],[72.85657,19.16014],[72.85617,19.16002],[72.85579,19.15981],[72.85551,19.15978],[72.85494,19.15981],[72.8546,19.15975],[72.85424,19.15963],[72.85405,19.15949],[72.85394,19.15936],[72.85387,19.15909],[72.85386,19.15863],[72.85379,19.15848],[72.85341,19.15824],[72.85326,19.15822],[72.85313,19.15829],[72.85283,19.15852],[72.85257,19.15858],[72.85222,19.15858],[72.85207,19.15848],[72.8513,19.15802],[72.85079,19.15767],[72.85064,19.15733],[72.8505,19.15698],[72.85041,19.15662],[72.85023,19.15626],[72.84975,19.15591]]},"properties":{"waterway":"river","name":"Oshiwara River"}},{"type":"Feature","geometry":{"type":"LineString","coordinates":[[72.83149,19.13327],[72.83171,19.13447]]},"properties":{"waterway":"stream","name":"Mogara Nallah"}},{"type":"Feature","geometry":{"type":"LineString","coordinates":[[72.83585,19.13034],[72.8358,19.13037],[72.83558,19.13053],[72.83547,19.13064],[72.8352,19.13065],[72.83474,19.13067],[72.83429,19.13072],[72.83354,19.13077],[72.83318,19.13079],[72.83277,19.13083],[72.83252,19.13088],[72.83229,19.13093],[72.83195,19.13103],[72.83162,19.13109]]},"properties":{"waterway":"stream","name":"Malad Creek"}},{"type":"Feature","geometry":{"type":"LineString","coordinates":[[72.83606,19.13027],[72.83585,19.13034]]},"properties":{"waterway":"stream","name":"Malad Creek"}},{"type":"Feature","geometry":{"type":"LineString","coordinates":[[72.87992,19.15874],[72.87991,19.1589],[72.87977,19.15928],[72.8797,19.15938],[72.87965,19.15941],[72.8796,19.15945],[72.87948,19.15947],[72.8794,19.15964],[72.87928,19.16018],[72.87918,19.16021],[72.8789,19.16016]]},"properties":{"waterway":"stream","name":null}},{"type":"Feature","geometry":{"type":"LineString","coordinates":[[72.87994,19.15864],[72.87992,19.15874]]},"properties":{"waterway":"stream","name":null}},{"type":"Feature","geometry":{"type":"LineString","coordinates":[[72.87921,19.0998],[72.879,19.09988]]},"properties":{"waterway":"drain","name":null}},{"type":"Feature","geometry":{"type":"LineString","coordinates":[[72.879,19.09988],[72.8789,19.09991]]},"properties":{"waterway":"drain","name":null}},{"type":"Feature","geometry":{"type":"LineString","coordinates":[[72.86278,19.13877],[72.86259,19.1385]]},"properties":{"waterway":"drain","name":"Oshiwara River"}},{"type":"Feature","geometry":{"type":"LineString","coordinates":[[72.86259,19.1385],[72.86249,19.13838]]},"properties":{"waterway":"drain","name":"Oshiwara River"}},{"type":"Feature","geometry":{"type":"LineString","coordinates":[[72.81331,19.13051],[72.81318,19.1304],[72.81316,19.13037],[72.81314,19.13036],[72.81311,19.13035],[72.81305,19.13035],[72.81302,19.13035],[72.81299,19.13033],[72.81298,19.13031],[72.81295,19.13025]]},"properties":{"waterway":"drain","name":null}},{"type":"Feature","geometry":{"type":"LineString","coordinates":[[72.86249,19.13838],[72.86232,19.13813],[72.86236,19.13768],[72.86215,19.13711],[72.86198,19.13698]]},"properties":{"waterway":"drain","name":"Oshiwara River"}},{"type":"Feature","geometry":{"type":"LineString","coordinates":[[72.86198,19.13698],[72.86189,19.13692],[72.86139,19.13693],[72.86097,19.13673]]},"properties":{"waterway":"drain","name":"Oshiwara River"}},{"type":"Feature","geometry":{"type":"LineString","coordinates":[[72.84343,19.13273],[72.84351,19.13268]]},"properties":{"waterway":"drain","name":null}},{"type":"Feature","geometry":{"type":"LineString","coordinates":[[72.85023,19.11318],[72.85011,19.11314],[72.85001,19.11315],[72.84995,19.11311],[72.84986,19.11303],[72.84977,19.11297],[72.84965,19.1129],[72.84949,19.11296],[72.84934,19.113],[72.8493,19.11275],[72.84929,19.11267]]},"properties":{"waterway":"drain","name":"Irla Nala"}},{"type":"Feature","geometry":{"type":"LineString","coordinates":[[72.84523,19.1105],[72.84516,19.11049],[72.84504,19.11046],[72.84492,19.11046],[72.84486,19.11049],[72.84479,19.11054],[72.84466,19.11055],[72.84458,19.11053],[72.84442,19.11048]]},"properties":{"waterway":"drain","name":"Irla Nala"}},{"type":"Feature","geometry":{"type":"LineString","coordinates":[[72.84589,19.11045],[72.84523,19.1105]]},"properties":{"waterway":"drain","name":"Irla Nala"}},{"type":"Feature","geometry":{"type":"LineString","coordinates":[[72.8827,19.17318],[72.88224,19.17315],[72.88189,19.17344],[72.88078,19.17344],[72.88031,19.17343],[72.87995,19.17351],[72.87952,19.17353],[72.8792,19.17352],[72.87899,19.17357],[72.87871,19.17366],[72.87851,19.17369],[72.87815,19.17367],[72.87762,19.17365],[72.87724,19.17362],[72.87697,19.1736],[72.87674,19.17353],[72.87656,19.17351],[72.87646,19.17351],[72.87624,19.17349],[72.87608,19.17348],[72.87586,19.1734],[72.87564,19.17331],[72.87537,19.17311],[72.87517,19.17297],[72.87501,19.17285],[72.87478,19.17269],[72.87462,19.17251],[72.87457,19.17247],[72.87446,19.17241]]},"properties":{"waterway":"river","name":"Oshiwara River"}},{"type":"Feature","geometry":{"type":"LineString","coordinates":[[72.8741,19.17212],[72.87409,19.17201]]},"properties":{"waterway":"river","name":"Oshiwara River"}},{"type":"Feature","geometry":{"type":"LineString","coordinates":[[72.87427,19.17229],[72.87417,19.17223],[72.87411,19.17219],[72.8741,19.17212]]},"properties":{"waterway":"river","name":"Oshiwara River"}},{"type":"Feature","geometry":{"type":"LineString","coordinates":[[72.87431,19.17232],[72.87427,19.17229]]},"properties":{"waterway":"river","name":"Oshiwara River"}},{"type":"Feature","geometry":{"type":"LineString","coordinates":[[72.8744,19.17237],[72.87431,19.17232]]},"properties":{"waterway":"river","name":"Oshiwara River"}},{"type":"Feature","geometry":{"type":"LineString","coordinates":[[72.87446,19.17241],[72.8744,19.17237]]},"properties":{"waterway":"river","name":"Oshiwara River"}},{"type":"Feature","geometry":{"type":"LineString","coordinates":[[72.85463,19.13822],[72.8542,19.13841],[72.85387,19.13847],[72.85341,19.13855],[72.85299,19.13865],[72.85291,19.13874],[72.85289,19.13889],[72.85286,19.13898],[72.85275,19.139],[72.85262,19.13903],[72.85257,19.13913],[72.85263,19.13944]]},"properties":{"waterway":"drain","name":"Oshiwara River"}},{"type":"Feature","geometry":{"type":"LineString","coordinates":[[72.85258,19.13983],[72.85257,19.13988]]},"properties":{"waterway":"drain","name":"Oshiwara River"}},{"type":"Feature","geometry":{"type":"LineString","coordinates":[[72.85263,19.13953],[72.85262,19.13967],[72.85258,19.13983]]},"properties":{"waterway":"drain","name":"Oshiwara River"}},{"type":"Feature","geometry":{"type":"LineString","coordinates":[[72.85263,19.13944],[72.85263,19.13953]]},"properties":{"waterway":"drain","name":"Oshiwara River"}},{"type":"Feature","geometry":{"type":"LineString","coordinates":[[72.85415,19.1711],[72.85393,19.17101],[72.85385,19.17093],[72.85352,19.17075],[72.85329,19.17053],[72.85312,19.17045],[72.85289,19.17027],[72.85281,19.17012],[72.85277,19.17],[72.85274,19.16962],[72.85273,19.16949],[72.85221,19.1694],[72.8521,19.16936],[72.85174,19.1694],[72.85094,19.16904],[72.84987,19.16899],[72.84912,19.16898],[72.84891,19.169],[72.84887,19.16906],[72.84886,19.16955],[72.84889,19.17002],[72.84885,19.17033],[72.84786,19.17034],[72.84685,19.17032],[72.84544,19.17032]]},"properties":{"waterway":"river","name":null}},{"type":"Feature","geometry":{"type":"LineString","coordinates":[[72.84544,19.17032],[72.84528,19.17032]]},"properties":{"waterway":"river","name":null}},{"type":"Feature","geometry":{"type":"LineString","coordinates":[[72.89979,19.14401],[72.89951,19.14426],[72.899,19.1444],[72.89834,19.14453],[72.89756,19.14469],[72.89703,19.1447],[72.89692,19.1446],[72.89683,19.14407],[72.8965,19.14323],[72.89593,19.14312],[72.89545,19.1431],[72.89485,19.14296],[72.89444,19.14241],[72.89434,19.14213],[72.89445,19.14178],[72.89475,19.14117],[72.89496,19.14093],[72.89561,19.14044],[72.89616,19.13997],[72.89715,19.13939],[72.898,19.13827],[72.89837,19.13751],[72.89842,19.13651],[72.89787,19.13543],[72.8975,19.13529],[72.89648,19.13551],[72.89609,19.13522],[72.8958,19.13438],[72.89602,19.13335],[72.89668,19.13241],[72.89684,19.13219],[72.89697,19.13172],[72.89698,19.13139],[72.89687,19.13104],[72.89684,19.13098],[72.89674,19.13078],[72.8963,19.13051]]},"properties":{"waterway":"river","name":"Mithi River"}},{"type":"Feature","geometry":{"type":"LineString","coordinates":[[72.88784,19.1001],[72.88777,19.10008],[72.88755,19.09998],[72.88744,19.09995],[72.88736,19.10002],[72.88727,19.10011],[72.8872,19.10022],[72.88708,19.10023],[72.88694,19.10021],[72.8868,19.10012],[72.88664,19.10007],[72.8865,19.1],[72.88648,19.09988],[72.88644,19.09976],[72.88635,19.09967],[72.88624,19.09968],[72.8861,19.09971],[72.88603,19.09977],[72.88592,19.09976],[72.88585,19.09962],[72.88582,19.09946],[72.88575,19.09927],[72.8857,19.0991],[72.88563,19.09889],[72.88553,19.0988],[72.88543,19.09874],[72.8852,19.09863],[72.88507,19.09857],[72.88477,19.09841],[72.88474,19.09829],[72.88491,19.0981],[72.88497,19.0979],[72.88502,19.09778],[72.88506,19.09764],[72.88506,19.09753],[72.88497,19.09746],[72.88481,19.09743],[72.88468,19.09742],[72.88451,19.09743],[72.88432,19.09747],[72.8842,19.09753],[72.88413,19.09759],[72.88399,19.09757],[72.88384,19.09749],[72.88372,19.09744],[72.88365,19.09732],[72.88367,19.09712],[72.8837,19.09698],[72.88372,19.09682],[72.88366,19.09681],[72.88339,19.09675],[72.88318,19.09669],[72.88303,19.09669],[72.88283,19.0967],[72.88266,19.0967],[72.88252,19.09662],[72.88234,19.09653],[72.88216,19.09649],[72.88202,19.09649],[72.88186,19.09646],[72.88168,19.0964],[72.88139,19.0963],[72.88129,19.09626],[72.88085,19.09605],[72.88065,19.09598]]},"properties":{"waterway":"drain","name":null}},{"type":"Feature","geometry":{"type":"LineString","coordinates":[[72.97516,19.17938],[72.97531,19.17971],[72.9755,19.18002],[72.97573,19.18034],[72.97591,19.1805],[72.97618,19.1807],[72.97639,19.18086],[72.97641,19.18093],[72.97665,19.18106],[72.97675,19.18106],[72.97703,19.181],[72.97749,19.18101],[72.97789,19.18106],[72.97824,19.18113],[72.97859,19.18123],[72.97997,19.18105],[72.98025,19.18106],[72.98032,19.18106],[72.98107,19.18094],[72.9812,19.181],[72.98128,19.18109],[72.9814,19.18114],[72.98183,19.1812],[72.98237,19.18095],[72.98319,19.18101],[72.98352,19.18109],[72.98432,19.18116]]},"properties":{"waterway":"drain","name":null}},{"type":"Feature","geometry":{"type":"LineString","coordinates":[[72.96107,19.1647],[72.9613,19.16463],[72.96134,19.16458],[72.96134,19.16454],[72.96137,19.16349],[72.96142,19.16333],[72.96155,19.16315]]},"properties":{"waterway":"drain","name":null}},{"type":"Feature","geometry":{"type":"LineString","coordinates":[[72.96218,19.1629],[72.96274,19.16271]]},"properties":{"waterway":"stream","name":null}},{"type":"Feature","geometry":{"type":"LineString","coordinates":[[72.94626,19.17252],[72.94656,19.17229],[72.94663,19.17162],[72.94676,19.17133],[72.9469,19.17113],[72.94701,19.17091],[72.94707,19.17083],[72.94764,19.16995],[72.94769,19.1699],[72.94794,19.16998],[72.94804,19.16996],[72.94846,19.16963],[72.94939,19.16939],[72.94951,19.16933],[72.94958,19.16923],[72.94989,19.16859]]},"properties":{"waterway":"drain","name":"Nane Pada Nalla"}},{"type":"Feature","geometry":{"type":"LineString","coordinates":[[72.95922,19.15734],[72.96008,19.15691],[72.96034,19.15687],[72.96051,19.15683],[72.96093,19.15655],[72.96157,19.15646],[72.96274,19.15614],[72.96383,19.15617],[72.96444,19.15626],[72.96473,19.15632],[72.96521,19.15626],[72.9656,19.15594],[72.96682,19.15512],[72.96872,19.15319],[72.96858,19.15242],[72.96876,19.15205]]},"properties":{"waterway":"drain","name":"Nane pada nalla"}},{"type":"Feature","geometry":{"type":"LineString","coordinates":[[72.89781,19.16344],[72.89714,19.16324],[72.89662,19.16324],[72.89586,19.16321],[72.89547,19.16304],[72.89479,19.16318],[72.89414,19.1629],[72.89305,19.16244],[72.89216,19.16207],[72.89129,19.1621],[72.89097,19.16234],[72.89077,19.16259],[72.8902,19.16273],[72.88945,19.16277],[72.88892,19.16288],[72.88887,19.163],[72.88878,19.16321],[72.88815,19.16334],[72.88759,19.16355],[72.88734,19.16351],[72.88667,19.16352],[72.88627,19.16364],[72.8858,19.16402],[72.88549,19.16414],[72.88521,19.1642],[72.88492,19.16426],[72.88458,19.16453],[72.88439,19.16468],[72.88417,19.16478],[72.88407,19.16473],[72.88388,19.16451],[72.88383,19.16438],[72.88369,19.16432],[72.88339,19.16433],[72.88308,19.16439],[72.88278,19.16444],[72.88261,19.16452],[72.88222,19.16451]]},"properties":{"waterway":"stream","name":null}},{"type":"Feature","geometry":{"type":"LineString","coordinates":[[72.96088,19.17647],[72.96205,19.17761],[72.96232,19.17788],[72.96234,19.17789],[72.96236,19.17789],[72.96239,19.17788]]},"properties":{"waterway":"drain","name":null}},{"type":"Feature","geometry":{"type":"LineString","coordinates":[[72.91345,19.17542],[72.91354,19.17517],[72.91358,19.1749],[72.91375,19.17446],[72.91359,19.1739],[72.9133,19.17342],[72.91321,19.17305],[72.91313,19.17277],[72.91293,19.17247],[72.91247,19.17217],[72.91226,19.1719],[72.91232,19.17155],[72.91279,19.17152],[72.91305,19.17128],[72.91316,19.17042],[72.91316,19.17001],[72.91306,19.16989],[72.91267,19.17008],[72.91245,19.17005],[72.91241,19.16974]]},"properties":{"waterway":"stream","name":null}},{"type":"Feature","geometry":{"type":"LineString","coordinates":[[73.00855,19.22132],[73.00654,19.22111],[73.00482,19.22076],[73.00399,19.22039],[73.00089,19.21842],[72.99694,19.21686],[72.9961,19.21628],[72.99543,19.21558],[72.99489,19.21382],[72.99514,19.20967],[72.99494,19.20877],[72.99465,19.20746],[72.99325,19.2054],[72.99075,19.2031],[72.99049,19.20286],[72.98872,19.2014],[72.98839,19.20106],[72.98807,19.20073],[72.98569,19.19719],[72.98499,19.19543],[72.98481,19.19395],[72.9841,19.19279],[72.98345,19.19144],[72.98369,19.19059],[72.98426,19.18994],[72.98474,19.18954],[72.98498,19.18914],[72.98523,19.18874],[72.98557,19.18787],[72.98579,19.18726],[72.98544,19.1866],[72.98469,19.18522],[72.98427,19.18432],[72.98417,19.18344],[72.98432,19.18116],[72.98435,19.17986],[72.98431,19.17819],[72.98377,19.17463],[72.98337,19.17275],[72.98274,19.17006],[72.98224,19.16735],[72.98188,19.16589],[72.98108,19.16087],[72.98052,19.1566],[72.98003,19.1501],[72.97998,19.14783],[72.97971,19.14649],[72.97719,19.13573],[72.97383,19.12428]]},"properties":{"waterway":"river","name":"Thane Creek"}},{"type":"Feature","geometry":{"type":"LineString","coordinates":[[72.93711,19.16384],[72.93706,19.16332],[72.93727,19.16282],[72.93733,19.16271],[72.93762,19.16263]]},"properties":{"waterway":"drain","name":null}},{"type":"Feature","geometry":{"type":"LineString","coordinates":[[72.95534,19.18125],[72.9553,19.18079],[72.95511,19.18071],[72.95503,19.18046],[72.955,19.18017],[72.95522,19.17938],[72.95517,19.17915],[72.95509,19.179],[72.95506,19.17893],[72.95499,19.17881],[72.95475,19.17841],[72.95441,19.17785],[72.95419,19.1773],[72.95406,19.17716],[72.95394,19.17705],[72.95385,19.17694],[72.95375,19.17692],[72.95349,19.17689]]},"properties":{"waterway":"drain","name":null}},{"type":"Feature","geometry":{"type":"LineString","coordinates":[[72.89184,19.102],[72.89203,19.10187],[72.89212,19.10191],[72.89245,19.10234],[72.89255,19.10259],[72.89329,19.10238],[72.8933,19.10235],[72.89327,19.10225],[72.89326,19.10222],[72.89327,19.1022],[72.89327,19.10219],[72.8935,19.10214],[72.89359,19.10212]]},"properties":{"waterway":"canal","name":null}},{"type":"Feature","geometry":{"type":"LineString","coordinates":[[72.94865,19.15691],[72.94865,19.15688],[72.94866,19.15686],[72.94899,19.15677],[72.94963,19.15663],[72.94949,19.15607],[72.94952,19.15579],[72.94968,19.15548],[72.94974,19.15536],[72.94981,19.15524],[72.94991,19.15512],[72.95002,19.15501],[72.9502,19.15492],[72.9506,19.15481],[72.95091,19.15468],[72.95104,19.15461],[72.95116,19.15451],[72.95124,19.15436],[72.9513,19.15427],[72.95141,19.15418],[72.95157,19.15416],[72.95187,19.15417],[72.95201,19.15418],[72.95216,19.15416],[72.95254,19.15403],[72.9529,19.15387],[72.95307,19.15374],[72.95322,19.15358],[72.95339,19.15346],[72.95353,19.1533],[72.95358,19.15319],[72.9536,19.15306],[72.9536,19.15295],[72.95362,19.15284],[72.95368,19.15275],[72.95376,19.15268],[72.95407,19.15244],[72.95427,19.15229],[72.95437,19.1522],[72.95445,19.15207],[72.95452,19.15185],[72.95456,19.15176],[72.95462,19.15167]]},"properties":{"waterway":"drain","name":null}},{"type":"Feature","geometry":{"type":"LineString","coordinates":[[72.96265,19.17764],[72.96267,19.17762],[72.96268,19.17758],[72.96267,19.17752],[72.96268,19.17748],[72.9627,19.17743],[72.96272,19.17739],[72.96293,19.17715],[72.963,19.17709],[72.96308,19.17703],[72.96324,19.17692],[72.96387,19.17648],[72.96407,19.17634],[72.96484,19.17592],[72.96616,19.17548],[72.96652,19.1752],[72.96657,19.17493],[72.9668,19.17365],[72.96724,19.17236],[72.96738,19.17188],[72.9674,19.17115],[72.96739,19.17087],[72.96722,19.17057],[72.96792,19.17019],[72.96826,19.16984],[72.96846,19.16993],[72.96863,19.17012],[72.96871,19.17062],[72.96883,19.17085],[72.96903,19.17102],[72.9693,19.17095],[72.9699,19.17051],[72.97027,19.17033],[72.97082,19.17021],[72.97138,19.17016],[72.9718,19.16985],[72.97217,19.16923],[72.97239,19.16911],[72.97316,19.16889],[72.97347,19.16866],[72.97362,19.16812],[72.97357,19.16766],[72.97351,19.1666],[72.97341,19.16588],[72.97319,19.16527],[72.97298,19.16457],[72.97282,19.16405],[72.9729,19.1633],[72.97304,19.16272]]},"properties":{"waterway":"drain","name":null}},{"type":"Feature","geometry":{"type":"LineString","coordinates":[[72.9299,19.12479],[72.92995,19.12425],[72.93018,19.1238],[72.93066,19.12365],[72.93116,19.12313],[72.93117,19.12291],[72.93177,19.12275],[72.93232,19.12214],[72.93274,19.12202],[72.93296,19.12209]]},"properties":{"waterway":"drain","name":null}},{"type":"Feature","geometry":{"type":"LineString","coordinates":[[72.93215,19.11523],[72.93217,19.11548],[72.93257,19.11887],[72.93253,19.11938],[72.93278,19.12164],[72.93296,19.12209]]},"properties":{"waterway":"drain","name":null}},{"type":"Feature","geometry":{"type":"LineString","coordinates":[[72.93814,19.12224],[72.93834,19.12235],[72.93886,19.12285],[72.9406,19.12361],[72.94114,19.12353],[72.94154,19.12331],[72.94169,19.12321],[72.9421,19.12244],[72.94213,19.12101],[72.94246,19.11882],[72.943,19.1172],[72.94322,19.11648],[72.94348,19.11579],[72.94387,19.11506],[72.94475,19.11312],[72.946,19.11157],[72.94909,19.10896],[72.95056,19.10809],[72.95118,19.10755],[72.95187,19.10699],[72.95301,19.10637],[72.95369,19.10575],[72.95465,19.10479],[72.95652,19.1026],[72.95839,19.10061],[72.9598,19.09927],[72.96077,19.09914],[72.96158,19.09901]]},"properties":{"waterway":"stream","name":null}},{"type":"Feature","geometry":{"type":"LineString","coordinates":[[72.94223,19.15181],[72.94234,19.15177],[72.94301,19.15164],[72.94299,19.15114],[72.943,19.15062],[72.94295,19.15011],[72.94217,19.1491],[72.94209,19.14882],[72.94064,19.14693],[72.94064,19.14664]]},"properties":{"waterway":"stream","name":null}},{"type":"Feature","geometry":{"type":"LineString","coordinates":[[72.93973,19.13996],[72.94034,19.14073],[72.94044,19.14353],[72.94064,19.14411]]},"properties":{"waterway":"drain","name":null}},{"type":"Feature","geometry":{"type":"LineString","coordinates":[[72.96534,19.18025],[72.96537,19.18009],[72.96522,19.1799],[72.96493,19.17966],[72.96497,19.17959],[72.96504,19.17954],[72.96527,19.1795],[72.96541,19.17935],[72.96555,19.17915],[72.96556,19.17893],[72.96546,19.17883],[72.96516,19.17872],[72.96518,19.1786],[72.96527,19.17843],[72.96535,19.17831],[72.96537,19.17818],[72.96535,19.17788],[72.96542,19.17776],[72.96564,19.17773],[72.96585,19.17779],[72.96602,19.17791],[72.96624,19.17802],[72.96659,19.17801],[72.96686,19.17777],[72.96703,19.1776],[72.96735,19.17744],[72.96751,19.17727],[72.9676,19.17709],[72.96765,19.17691],[72.96749,19.17657],[72.96697,19.17577],[72.96657,19.17493]]},"properties":{"waterway":"drain","name":null}},{"type":"Feature","geometry":{"type":"LineString","coordinates":[[72.95507,19.1514],[72.95526,19.15128],[72.95515,19.15117],[72.95516,19.15102],[72.95527,19.15085],[72.95547,19.15078],[72.95566,19.15057],[72.95593,19.1504],[72.95625,19.15022],[72.95671,19.15018],[72.95751,19.15021],[72.95828,19.15028],[72.95868,19.1502],[72.95902,19.15011],[72.95942,19.14986],[72.95979,19.14955],[72.96067,19.14913],[72.96141,19.14869],[72.96152,19.14844],[72.96165,19.14797],[72.96188,19.14728],[72.96185,19.14689],[72.96158,19.14641],[72.96093,19.14599],[72.96033,19.14573],[72.95932,19.14519],[72.9584,19.14466],[72.95767,19.14392],[72.95682,19.14279],[72.95666,19.14161],[72.95665,19.1404],[72.95697,19.13963],[72.95706,19.13919],[72.95747,19.13854],[72.9601,19.13546],[72.96413,19.13226],[72.96453,19.13177]]},"properties":{"waterway":"stream","name":null}},{"type":"Feature","geometry":{"type":"LineString","coordinates":[[72.96155,19.16315],[72.96169,19.16304]]},"properties":{"waterway":"drain","name":"B Maharaj Singh Marg"}},{"type":"Feature","geometry":{"type":"LineString","coordinates":[[72.96169,19.16304],[72.96192,19.16294],[72.96218,19.1629]]},"properties":{"waterway":"drain","name":"B Maharaj Singh Marg"}},{"type":"Feature","geometry":{"type":"LineString","coordinates":[[72.89874,19.1179],[72.89821,19.11663],[72.89788,19.116],[72.89778,19.11542],[72.89776,19.11454],[72.89763,19.11424],[72.89752,19.11333],[72.89727,19.11123],[72.89692,19.10947],[72.89641,19.10955],[72.89633,19.10937],[72.89624,19.10914],[72.89616,19.109],[72.89607,19.10897],[72.89579,19.10898],[72.89552,19.1088],[72.89536,19.10866],[72.89521,19.10845],[72.8947,19.10836],[72.89449,19.10817],[72.89439,19.10809],[72.89421,19.10803],[72.89395,19.10802],[72.8938,19.10787],[72.8933,19.10765],[72.89325,19.10756],[72.89317,19.10746],[72.89299,19.10747],[72.89255,19.10765],[72.89241,19.10741],[72.8923,19.10702]]},"properties":{"waterway":"drain","name":null}},{"type":"Feature","geometry":{"type":"LineString","coordinates":[[72.8911,19.10573],[72.89071,19.10557],[72.89061,19.10542],[72.89059,19.10526],[72.89057,19.10516],[72.89052,19.10514],[72.89035,19.10513],[72.89027,19.10506],[72.89021,19.10495],[72.89011,19.10495],[72.89004,19.10491],[72.89004,19.10478],[72.89013,19.10462],[72.89014,19.10456],[72.89008,19.1045],[72.88985,19.10444],[72.88976,19.10445]]},"properties":{"waterway":"drain","name":null}},{"type":"Feature","geometry":{"type":"LineString","coordinates":[[72.95462,19.15167],[72.95507,19.1514]]},"properties":{"waterway":"drain","name":null}},{"type":"Feature","geometry":{"type":"LineString","coordinates":[[72.99461,19.18225],[72.99416,19.18235],[72.99392,19.18219],[72.99374,19.1821],[72.98716,19.17888],[72.9865,19.17814],[72.98621,19.17809],[72.98586,19.17824],[72.98531,19.17817],[72.98431,19.17819]]},"properties":{"waterway":"drain","name":null}},{"type":"Feature","geometry":{"type":"LineString","coordinates":[[72.94064,19.14664],[72.941,19.14638]]},"properties":{"waterway":"stream","name":null}},{"type":"Feature","geometry":{"type":"LineString","coordinates":[[72.94296,19.14392],[72.94359,19.14426],[72.94443,19.14448],[72.94528,19.14408],[72.94526,19.14383],[72.94492,19.1428],[72.94498,19.14171],[72.94447,19.14021],[72.94463,19.13966],[72.94477,19.13893],[72.94484,19.13762],[72.9451,19.13681],[72.9452,19.13652],[72.94606,19.13607],[72.94601,19.13581],[72.94576,19.13522],[72.94588,19.13494],[72.94605,19.13467],[72.94671,19.13361],[72.94685,19.13217],[72.94705,19.13134],[72.94787,19.12994],[72.94943,19.12897],[72.95098,19.12848],[72.95385,19.12827],[72.95604,19.12882],[72.95685,19.12879],[72.95768,19.129],[72.95897,19.12951],[72.96017,19.13028],[72.96182,19.13135],[72.96453,19.13177]]},"properties":{"waterway":"drain","name":null}},{"type":"Feature","geometry":{"type":"LineString","coordinates":[[72.91241,19.16974],[72.9126,19.16888],[72.91137,19.16625],[72.91198,19.16293],[72.91159,19.16009],[72.91083,19.15602],[72.91004,19.15183],[72.90389,19.14562],[72.90232,19.14404],[72.90146,19.14369],[72.90036,19.14353],[72.89979,19.14401]]},"properties":{"waterway":"stream","name":null}},{"type":"Feature","geometry":{"type":"LineString","coordinates":[[72.91668,19.087],[72.91744,19.08648]]},"properties":{"waterway":"drain","name":null}},{"type":"Feature","geometry":{"type":"LineString","coordinates":[[72.96403,19.14234],[72.95712,19.13969],[72.95697,19.13963]]},"properties":{"waterway":"drain","name":null}},{"type":"Feature","geometry":{"type":"LineString","coordinates":[[72.94064,19.14411],[72.94145,19.14388],[72.94257,19.14374],[72.94296,19.14392]]},"properties":{"waterway":"drain","name":null}},{"type":"Feature","geometry":{"type":"LineString","coordinates":[[72.92867,19.12814],[72.92871,19.12774],[72.93265,19.12629],[72.93295,19.12625],[72.93355,19.12613]]},"properties":{"waterway":"drain","name":null}},{"type":"Feature","geometry":{"type":"LineString","coordinates":[[72.93564,19.13917],[72.93679,19.14057],[72.93809,19.14191],[72.93908,19.14301],[72.93989,19.14422],[72.94015,19.14448],[72.94064,19.14411]]},"properties":{"waterway":"drain","name":null}},{"type":"Feature","geometry":{"type":"LineString","coordinates":[[72.91806,19.10018],[72.91828,19.09996]]},"properties":{"waterway":"drain","name":null}},{"type":"Feature","geometry":{"type":"LineString","coordinates":[[72.91512,19.10267],[72.91508,19.10261],[72.91512,19.10254],[72.91512,19.10242],[72.91515,19.10238],[72.91516,19.10236],[72.91531,19.10234],[72.91561,19.10234],[72.91571,19.10233],[72.91583,19.10213],[72.91592,19.10206],[72.91595,19.10205],[72.91605,19.10202],[72.91617,19.10199],[72.91622,19.10194],[72.91623,19.10193],[72.91648,19.10154],[72.91664,19.10142]]},"properties":{"waterway":"drain","name":null}},{"type":"Feature","geometry":{"type":"LineString","coordinates":[[72.94165,19.11453],[72.94097,19.11425],[72.94036,19.11389],[72.93754,19.11342],[72.93678,19.11318],[72.93625,19.11291],[72.93601,19.11259],[72.9351,19.11141],[72.93486,19.11092],[72.93473,19.11085],[72.93391,19.1107],[72.93349,19.11061],[72.93327,19.11045]]},"properties":{"waterway":"drain","name":null}},{"type":"Feature","geometry":{"type":"LineString","coordinates":[[72.93518,19.10566],[72.93524,19.1053],[72.93586,19.10494],[72.93631,19.10451],[72.9368,19.10388],[72.93711,19.10373],[72.93716,19.1037]]},"properties":{"waterway":"stream","name":null}},{"type":"Feature","geometry":{"type":"LineString","coordinates":[[72.937,19.10301],[72.93715,19.103],[72.93751,19.10278],[72.9377,19.10267],[72.93881,19.10138],[72.93968,19.10052],[72.94014,19.09998],[72.9406,19.09895],[72.94108,19.09711],[72.94118,19.09685],[72.94131,19.09642],[72.94182,19.09574],[72.94274,19.09519],[72.9432,19.09503],[72.94367,19.09493],[72.9464,19.09534],[72.94746,19.09534],[72.94872,19.09522],[72.9505,19.09477],[72.95256,19.09355],[72.95381,19.09244],[72.95566,19.09051],[72.95655,19.08948],[72.95703,19.0889],[72.96036,19.08761]]},"properties":{"waterway":"stream","name":null}},{"type":"Feature","geometry":{"type":"LineString","coordinates":[[72.92983,19.10185],[72.93036,19.10178]]},"properties":{"waterway":"drain","name":null}},{"type":"Feature","geometry":{"type":"LineString","coordinates":[[72.93049,19.10177],[72.9298,19.10408],[72.93265,19.1015]]},"properties":{"waterway":"drain","name":null}},{"type":"Feature","geometry":{"type":"LineString","coordinates":[[72.93327,19.11045],[72.93265,19.1105]]},"properties":{"waterway":"drain","name":null}},{"type":"Feature","geometry":{"type":"LineString","coordinates":[[72.93036,19.10178],[72.93049,19.10177]]},"properties":{"waterway":"drain","name":null}},{"type":"Feature","geometry":{"type":"LineString","coordinates":[[72.93296,19.12209],[72.93353,19.12224],[72.93408,19.12259],[72.9344,19.12324]]},"properties":{"waterway":"drain","name":null}},{"type":"Feature","geometry":{"type":"LineString","coordinates":[[72.93322,19.1294],[72.93321,19.12934],[72.93319,19.12863],[72.93315,19.12739],[72.93338,19.12639],[72.93355,19.12613],[72.93429,19.1251]]},"properties":{"waterway":"drain","name":null}},{"type":"Feature","geometry":{"type":"LineString","coordinates":[[72.93144,19.12936],[72.93182,19.12941],[72.93321,19.12934]]},"properties":{"waterway":"drain","name":null}},{"type":"Feature","geometry":{"type":"LineString","coordinates":[[72.92205,19.1386],[72.92262,19.13869],[72.92317,19.13877],[72.92397,19.13818],[72.92415,19.1379],[72.92463,19.13747],[72.92505,19.13712],[72.92529,19.13677],[72.92546,19.13661],[72.92582,19.13644],[72.926,19.13634],[72.9262,19.13616],[72.92652,19.13595]]},"properties":{"waterway":"drain","name":null}},{"type":"Feature","geometry":{"type":"LineString","coordinates":[[72.92984,19.1327],[72.93027,19.13244]]},"properties":{"waterway":"drain","name":null}},{"type":"Feature","geometry":{"type":"LineString","coordinates":[[72.9511,19.16505],[72.95178,19.16476]]},"properties":{"waterway":"drain","name":null}},{"type":"Feature","geometry":{"type":"LineString","coordinates":[[72.92011,19.11138],[72.92001,19.11128],[72.91966,19.1107],[72.91957,19.10944],[72.91945,19.10672],[72.91903,19.106]]},"properties":{"waterway":"drain","name":null}},{"type":"Feature","geometry":{"type":"LineString","coordinates":[[72.96274,19.16271],[72.96293,19.16262],[72.9632,19.16274],[72.96403,19.16316],[72.96423,19.16331],[72.96457,19.16371],[72.96473,19.16379],[72.96489,19.16376],[72.96531,19.16377],[72.96552,19.16381],[72.96674,19.16488],[72.96689,19.16495],[72.96729,19.16497],[72.96751,19.16474],[72.9679,19.16413],[72.9684,19.16406],[72.96892,19.16388],[72.97155,19.16349],[72.97233,19.16335],[72.97279,19.16297],[72.97304,19.16272],[72.97342,19.1616],[72.97399,19.16062],[72.97405,19.16065],[72.9751,19.15912],[72.97517,19.15889],[72.97587,19.15834],[72.97718,19.15797],[72.97771,19.15761],[72.97822,19.15682],[72.97866,19.15633],[72.97912,19.15591]]},"properties":{"waterway":"river","name":null}},{"type":"Feature","geometry":{"type":"LineString","coordinates":[[72.96876,19.15205],[72.96948,19.15191],[72.97026,19.15184],[72.97124,19.15167],[72.97263,19.15112],[72.97482,19.15065],[72.97669,19.15012],[72.97737,19.14986],[72.97779,19.14981],[72.97825,19.14988],[72.98003,19.1501]]},"properties":{"waterway":"drain","name":null}},{"type":"Feature","geometry":{"type":"LineString","coordinates":[[72.96015,19.17565],[72.9602,19.17577],[72.96057,19.17618],[72.96088,19.17647]]},"properties":{"waterway":"drain","name":null}},{"type":"Feature","geometry":{"type":"LineString","coordinates":[[72.96505,19.1805],[72.96534,19.18025]]},"properties":{"waterway":"drain","name":null}},{"type":"Feature","geometry":{"type":"LineString","coordinates":[[72.99932,19.15618],[72.99911,19.15616],[72.9981,19.15617],[72.99789,19.15615],[72.99705,19.15566],[72.99478,19.15572],[72.99434,19.15569],[72.9934,19.15555],[72.99292,19.15556],[72.98983,19.15577],[72.98931,19.15573],[72.98852,19.15567],[72.98789,19.15591],[72.98672,19.15575],[72.98529,19.15572],[72.98382,19.15558],[72.98317,19.15537],[72.98248,19.1552]]},"properties":{"waterway":"drain","name":null}},{"type":"Feature","geometry":{"type":"LineString","coordinates":[[72.99233,19.15202],[72.99125,19.15249],[72.99025,19.15253],[72.98959,19.15302],[72.98892,19.15405],[72.98777,19.15538],[72.98672,19.15575]]},"properties":{"waterway":"stream","name":null}},{"type":"Feature","geometry":{"type":"LineString","coordinates":[[72.98783,19.15853],[72.9874,19.15679],[72.98672,19.15575]]},"properties":{"waterway":"stream","name":null}},{"type":"Feature","geometry":{"type":"LineString","coordinates":[[72.95866,19.15765],[72.95922,19.15734]]},"properties":{"waterway":"drain","name":"Nane pada nalla"}},{"type":"Feature","geometry":{"type":"LineString","coordinates":[[72.95178,19.16476],[72.9519,19.16444],[72.95198,19.16428],[72.9524,19.1639],[72.95247,19.16375],[72.9531,19.16214],[72.95403,19.16116],[72.95457,19.15969],[72.95499,19.1595],[72.95517,19.15939],[72.95691,19.1583],[72.95722,19.15829],[72.95808,19.15791],[72.9584,19.15775],[72.95866,19.15765]]},"properties":{"waterway":"drain","name":"Nane Pada Nalla"}},{"type":"Feature","geometry":{"type":"LineString","coordinates":[[72.94983,19.15903],[72.94867,19.15694],[72.94865,19.15691]]},"properties":{"waterway":"drain","name":null}},{"type":"Feature","geometry":{"type":"LineString","coordinates":[[72.95045,19.16073],[72.95056,19.16067],[72.95031,19.15999],[72.94988,19.15916],[72.94983,19.15903]]},"properties":{"waterway":"drain","name":null}},{"type":"Feature","geometry":{"type":"LineString","coordinates":[[72.94929,19.16109],[72.94997,19.16086]]},"properties":{"waterway":"drain","name":null}},{"type":"Feature","geometry":{"type":"LineString","coordinates":[[72.94834,19.16279],[72.94834,19.1624],[72.94845,19.16218],[72.94849,19.16194],[72.94895,19.16171],[72.94914,19.16119],[72.94929,19.16109]]},"properties":{"waterway":"drain","name":null}},{"type":"Feature","geometry":{"type":"LineString","coordinates":[[72.92746,19.14527],[72.92748,19.14505],[72.92743,19.14451],[72.92741,19.14429],[72.92747,19.14417],[72.92745,19.1439],[72.92743,19.14342],[72.92736,19.14337],[72.92715,19.14318],[72.92708,19.14304],[72.92702,19.14272],[72.92705,19.14262],[72.92711,19.14258],[72.92725,19.14257],[72.9274,19.14251],[72.9274,19.14244],[72.927,19.14199],[72.9269,19.14177],[72.92686,19.14147],[72.92688,19.14127],[72.92691,19.14123],[72.92707,19.14124],[72.92711,19.14121],[72.92715,19.14111],[72.92716,19.14103],[72.92732,19.14075],[72.92733,19.14057],[72.92727,19.14026],[72.92718,19.1402],[72.92699,19.14019],[72.92695,19.14017],[72.92693,19.13973],[72.92691,19.13961],[72.92676,19.13929],[72.92668,19.1391],[72.92669,19.13898],[72.92694,19.13878],[72.92697,19.13869],[72.92695,19.13849],[72.9269,19.13831],[72.92692,19.13814],[72.92707,19.13781],[72.92721,19.13769],[72.92731,19.13764],[72.92763,19.13743],[72.92779,19.13739],[72.92806,19.13741],[72.92821,19.1375],[72.92833,19.13773],[72.92843,19.13778],[72.92858,19.13778],[72.92923,19.13768],[72.92967,19.1375],[72.92971,19.13722],[72.93004,19.13716],[72.93105,19.13732],[72.93269,19.13826],[72.9332,19.13879]]},"properties":{"waterway":"drain","name":null}},{"type":"Feature","geometry":{"type":"LineString","coordinates":[[72.9389,19.15976],[72.93891,19.15911],[72.93903,19.15904],[72.93948,19.15894],[72.93963,19.15883],[72.93992,19.15828],[72.94,19.15822],[72.94032,19.15811],[72.94057,19.15779],[72.94059,19.15759],[72.94054,19.15755],[72.94039,19.15746],[72.94034,19.15731],[72.94036,19.1563],[72.94031,19.15614]]},"properties":{"waterway":"drain","name":null}},{"type":"Feature","geometry":{"type":"LineString","coordinates":[[72.98849,19.17438],[72.98808,19.17438],[72.98579,19.17441],[72.98513,19.17447],[72.98447,19.17454],[72.98377,19.17463]]},"properties":{"waterway":"drain","name":null}},{"type":"Feature","geometry":{"type":"LineString","coordinates":[[72.89893,19.15788],[72.89892,19.15758],[72.89883,19.15731],[72.89873,19.15695],[72.89873,19.15658],[72.89858,19.15624],[72.89829,19.15539],[72.89811,19.15498],[72.89767,19.15425],[72.89745,19.15368],[72.89743,19.15356],[72.89743,19.15344],[72.89754,19.15323],[72.89775,19.15296],[72.89776,19.15261],[72.89778,19.15255],[72.89789,19.15245],[72.89807,19.15228],[72.89857,19.15219],[72.89891,19.15216]]},"properties":{"waterway":"stream","name":null}},{"type":"Feature","geometry":{"type":"LineString","coordinates":[[72.89496,19.15227],[72.8954,19.15242],[72.89552,19.15245],[72.89571,19.15245],[72.89596,19.15235],[72.89607,19.15229],[72.89616,19.15221],[72.89619,19.15217],[72.89633,19.15194],[72.89644,19.1519],[72.89663,19.15186],[72.89693,19.15187],[72.89716,19.15207],[72.89734,19.1522],[72.89763,19.15216],[72.89813,19.15203],[72.89857,19.15197],[72.89864,19.15198],[72.89891,19.15216],[72.89903,19.1522],[72.8991,19.1522],[72.89946,19.15211],[72.89966,19.15209],[72.89989,19.152],[72.90003,19.15196],[72.90014,19.15191],[72.90034,19.15175],[72.90061,19.15142],[72.90101,19.15093],[72.90249,19.14987],[72.90266,19.14898],[72.9032,19.14711],[72.90389,19.14562]]},"properties":{"waterway":"stream","name":null}},{"type":"Feature","geometry":{"type":"LineString","coordinates":[[72.89362,19.14097],[72.89352,19.14101],[72.89346,19.14107],[72.89336,19.14117],[72.89294,19.14141],[72.89274,19.14171],[72.89269,19.14175],[72.89263,19.14177],[72.89231,19.14181],[72.89211,19.1418],[72.89201,19.14175],[72.89189,19.14161],[72.89186,19.14157],[72.89168,19.14145],[72.89138,19.14133],[72.89106,19.14129],[72.89092,19.14128],[72.89068,19.14135],[72.89057,19.14141],[72.89049,19.1415],[72.89037,19.14159],[72.89031,19.1416],[72.89004,19.14148],[72.88982,19.14139],[72.88951,19.14121],[72.88928,19.14103],[72.88905,19.1409],[72.88869,19.1408],[72.88856,19.1408],[72.8885,19.14082],[72.88825,19.14098],[72.88813,19.14095],[72.88793,19.14081],[72.88787,19.1407],[72.88785,19.14064],[72.88784,19.14041],[72.88776,19.13998],[72.88753,19.13961],[72.88742,19.1395],[72.88724,19.13941],[72.88711,19.13937],[72.88684,19.13938],[72.88678,19.13937],[72.88673,19.13933],[72.88665,19.13916],[72.88661,19.13912],[72.8863,19.13883],[72.88606,19.1387],[72.88573,19.13885],[72.88567,19.13883],[72.88548,19.13851],[72.88543,19.1385],[72.88532,19.13852],[72.88518,19.13862],[72.88512,19.13864],[72.88507,19.13862],[72.88502,19.13858],[72.88488,19.13839],[72.88463,19.13813],[72.88449,19.13744],[72.88449,19.13719],[72.88451,19.13701],[72.88457,19.13697],[72.88463,19.13698],[72.88472,19.13691],[72.88474,19.13685],[72.88477,19.1366],[72.88487,19.13627],[72.88493,19.13615],[72.88479,19.13587],[72.88477,19.13556],[72.88477,19.13537],[72.8848,19.13518],[72.88481,19.13505],[72.88496,19.13468],[72.88499,19.13448],[72.88492,19.13436]]},"properties":{"waterway":"stream","name":null}},{"type":"Feature","geometry":{"type":"LineString","coordinates":[[72.89211,19.15858],[72.89166,19.15854],[72.89099,19.15856],[72.89068,19.15857],[72.89022,19.15871],[72.89002,19.1589]]},"properties":{"waterway":"stream","name":null}},{"type":"Feature","geometry":{"type":"LineString","coordinates":[[72.89046,19.17607],[72.89029,19.17589],[72.89012,19.17574],[72.89004,19.17573],[72.88982,19.1757],[72.88953,19.17569],[72.88939,19.1756],[72.88929,19.17559],[72.88911,19.17559],[72.88888,19.17541],[72.8887,19.17533],[72.88852,19.17529],[72.88842,19.17521],[72.88823,19.17499],[72.88817,19.17495],[72.88796,19.17486],[72.88792,19.17474],[72.88776,19.1746],[72.88764,19.17458],[72.88759,19.17458],[72.88751,19.17463],[72.88733,19.17459],[72.88724,19.17445],[72.88703,19.17431],[72.88691,19.17406],[72.88669,19.17382],[72.88652,19.17371],[72.88637,19.17367],[72.88609,19.17357],[72.88591,19.17358],[72.88573,19.17356],[72.88544,19.17344],[72.88514,19.17332],[72.88493,19.17332],[72.88472,19.17334],[72.88445,19.17349],[72.88416,19.17346],[72.88375,19.1733],[72.88351,19.1732],[72.88329,19.17318],[72.88315,19.17318],[72.88294,19.1733],[72.88283,19.17326],[72.8827,19.17318]]},"properties":{"waterway":"stream","name":"Oshiwara River"}},{"type":"Feature","geometry":{"type":"LineString","coordinates":[[72.88494,19.16594],[72.88476,19.16586],[72.8844,19.16597],[72.88411,19.16591],[72.88345,19.1657],[72.8833,19.16569],[72.88278,19.16568],[72.88272,19.16567],[72.88261,19.16564],[72.88259,19.16563],[72.88243,19.16551],[72.88236,19.16515],[72.8823,19.16484],[72.88222,19.16451]]},"properties":{"waterway":"stream","name":null}},{"type":"Feature","geometry":{"type":"LineString","coordinates":[[72.89916,19.14963],[72.89905,19.14929],[72.89903,19.14892],[72.89882,19.14836],[72.89875,19.14826],[72.89834,19.14798],[72.89812,19.14746],[72.89806,19.14723],[72.89799,19.14713],[72.89787,19.1471],[72.89785,19.14698],[72.89794,19.14669],[72.89793,19.14657],[72.89784,19.14649],[72.89768,19.14642],[72.89759,19.14618],[72.89747,19.14614],[72.89743,19.14609],[72.89739,19.14585],[72.89734,19.14574],[72.89698,19.14525],[72.89696,19.14502],[72.89703,19.1447]]},"properties":{"waterway":"stream","name":null}},{"type":"Feature","geometry":{"type":"LineString","coordinates":[[72.89017,19.14612],[72.89018,19.14599],[72.89017,19.14591],[72.89005,19.14561],[72.88999,19.14529],[72.88994,19.14513],[72.88994,19.14471],[72.88988,19.14444],[72.88984,19.14438],[72.88972,19.14428],[72.88966,19.14421],[72.88953,19.14381],[72.88943,19.1436],[72.88934,19.14329],[72.88928,19.14323],[72.88905,19.14313],[72.88876,19.14286],[72.88871,19.1428],[72.88864,19.14265],[72.88853,19.14227],[72.88846,19.14212],[72.88829,19.14194],[72.88818,19.14158],[72.88804,19.1412],[72.88802,19.14104],[72.88793,19.14081]]},"properties":{"waterway":"stream","name":null}},{"type":"Feature","geometry":{"type":"LineString","coordinates":[[72.88606,19.14118],[72.88656,19.14118],[72.88664,19.1411],[72.88608,19.14047],[72.88524,19.13926],[72.88527,19.13904],[72.88512,19.13864]]},"properties":{"waterway":"drain","name":null}},{"type":"Feature","geometry":{"type":"LineString","coordinates":[[72.95098,19.16737],[72.95138,19.16728],[72.95146,19.16715],[72.95146,19.16699],[72.95113,19.16577],[72.9511,19.16505]]},"properties":{"waterway":"drain","name":"Nane Pada Nalla"}},{"type":"Feature","geometry":{"type":"LineString","coordinates":[[72.95073,19.16741],[72.95098,19.16737]]},"properties":{"waterway":"drain","name":"Nane Pada Nalla"}},{"type":"Feature","geometry":{"type":"LineString","coordinates":[[72.93751,19.12233],[72.93814,19.12224]]},"properties":{"waterway":"stream","name":null}},{"type":"Feature","geometry":{"type":"LineString","coordinates":[[72.93579,19.12264],[72.93634,19.1224],[72.93707,19.12227],[72.93751,19.12233]]},"properties":{"waterway":"stream","name":null}},{"type":"Feature","geometry":{"type":"LineString","coordinates":[[72.96239,19.17788],[72.96265,19.17764]]},"properties":{"waterway":"stream","name":null}},{"type":"Feature","geometry":{"type":"LineString","coordinates":[[72.97156,19.17267],[72.97152,19.17238],[72.97165,19.17227],[72.97178,19.17193],[72.9718,19.17176],[72.9715,19.1715],[72.9714,19.17136],[72.97147,19.17112],[72.97151,19.17083],[72.97138,19.17016]]},"properties":{"waterway":"drain","name":null}},{"type":"Feature","geometry":{"type":"LineString","coordinates":[[72.93837,19.14875],[72.93859,19.14882],[72.9392,19.14825],[72.94001,19.14768],[72.94018,19.14763],[72.94016,19.14679],[72.94021,19.14624],[72.93968,19.14596],[72.93964,19.14574],[72.9394,19.14556],[72.93854,19.14538],[72.93733,19.14536]]},"properties":{"waterway":"drain","name":null}},{"type":"Feature","geometry":{"type":"LineString","coordinates":[[72.93526,19.17567],[72.93533,19.17563],[72.93569,19.17538],[72.93614,19.17516],[72.93632,19.17511],[72.93677,19.1752],[72.93694,19.17525]]},"properties":{"waterway":"drain","name":null}},{"type":"Feature","geometry":{"type":"LineString","coordinates":[[72.93232,19.17354],[72.93274,19.1732],[72.93291,19.17313],[72.93312,19.17293],[72.93374,19.17249],[72.93395,19.17241],[72.93417,19.17231],[72.93411,19.17216],[72.93415,19.17209],[72.9343,19.17199]]},"properties":{"waterway":"drain","name":null}},{"type":"Feature","geometry":{"type":"LineString","coordinates":[[72.95369,19.10575],[72.9544,19.10454],[72.95457,19.10336],[72.95468,19.10253],[72.95513,19.10174],[72.95575,19.10085],[72.95689,19.10006],[72.9578,19.09936],[72.95884,19.09835],[72.96111,19.09661]]},"properties":{"waterway":"stream","name":null}},{"type":"Feature","geometry":{"type":"LineString","coordinates":[[72.95904,19.11308],[72.95952,19.11309],[72.96004,19.11306],[72.96039,19.11309],[72.96068,19.11289],[72.96098,19.1128],[72.96138,19.11274],[72.9616,19.1126],[72.96175,19.11264],[72.96193,19.11266],[72.96217,19.1126],[72.96236,19.11259],[72.9626,19.11257],[72.96287,19.11249],[72.96307,19.11249],[72.96318,19.11246],[72.96326,19.11238],[72.96331,19.11228],[72.96339,19.11224],[72.96345,19.11232],[72.96346,19.11239],[72.96351,19.11245],[72.96359,19.11246],[72.9637,19.11242],[72.96402,19.11231],[72.96417,19.11228],[72.96432,19.11231],[72.96446,19.11232],[72.96459,19.11229],[72.96469,19.11227],[72.96553,19.11139]]},"properties":{"waterway":"stream","name":null}},{"type":"Feature","geometry":{"type":"LineString","coordinates":[[72.96091,19.11152],[72.96121,19.11147],[72.96144,19.11138],[72.96169,19.11132],[72.96193,19.11124],[72.9622,19.11125],[72.96236,19.11128],[72.96251,19.11122],[72.96262,19.11109],[72.96272,19.11102],[72.96284,19.11106],[72.96299,19.11109],[72.96311,19.11107],[72.96319,19.11095],[72.96329,19.11082],[72.96337,19.11078],[72.9635,19.11078],[72.9637,19.1108],[72.96375,19.11084],[72.96375,19.11091],[72.96373,19.11099],[72.96378,19.11105],[72.96389,19.11105],[72.96407,19.111],[72.96517,19.11072]]},"properties":{"waterway":"stream","name":null}},{"type":"Feature","geometry":{"type":"LineString","coordinates":[[72.96028,19.11074],[72.96046,19.1107],[72.96054,19.1106],[72.96058,19.1105],[72.96064,19.11046],[72.96075,19.11045],[72.96083,19.11041],[72.96092,19.11045],[72.96102,19.11047],[72.96112,19.11041],[72.96124,19.11039],[72.96142,19.11037],[72.96159,19.11036],[72.96165,19.11032],[72.96175,19.11027],[72.96188,19.11023],[72.96194,19.11021],[72.96201,19.11015],[72.96203,19.11004],[72.96201,19.10999],[72.96204,19.10995],[72.96208,19.10992],[72.9622,19.10992],[72.96225,19.10993],[72.96245,19.10998],[72.96252,19.11002],[72.96263,19.11003],[72.96272,19.10998],[72.96277,19.10989],[72.96289,19.10985],[72.96301,19.10978],[72.96314,19.10975],[72.9632,19.10982],[72.96329,19.10995],[72.96336,19.10999],[72.96343,19.11004],[72.96347,19.11007],[72.96354,19.11006],[72.96358,19.10999],[72.96368,19.10994],[72.96375,19.10989],[72.96451,19.10944]]},"properties":{"waterway":"stream","name":null}},{"type":"Feature","geometry":{"type":"LineString","coordinates":[[72.95984,19.10922],[72.96011,19.10911],[72.96034,19.10906],[72.96039,19.10913],[72.96054,19.10914],[72.96071,19.10908],[72.96093,19.10915],[72.96114,19.10914],[72.96132,19.10906],[72.96159,19.10893],[72.96175,19.10884],[72.96193,19.10887],[72.96217,19.10884],[72.96233,19.10878],[72.96244,19.10877],[72.96253,19.1088],[72.96261,19.1088],[72.96262,19.1087],[72.9626,19.10858],[72.96267,19.10852],[72.96279,19.10848],[72.96291,19.10846],[72.96299,19.10854],[72.96305,19.10866],[72.96318,19.10869],[72.96357,19.10872],[72.96394,19.10883],[72.9645,19.10926]]},"properties":{"waterway":"stream","name":null}},{"type":"Feature","geometry":{"type":"LineString","coordinates":[[72.96114,19.10802],[72.96131,19.10796],[72.96152,19.10797],[72.96175,19.10796],[72.96197,19.10792],[72.96215,19.10786],[72.96223,19.10779],[72.96235,19.10776],[72.96238,19.10786],[72.96251,19.10793],[72.96268,19.10788],[72.96387,19.10777]]},"properties":{"waterway":"stream","name":null}},{"type":"Feature","geometry":{"type":"LineString","coordinates":[[72.96091,19.10738],[72.96114,19.10738],[72.96129,19.10729],[72.96142,19.10729],[72.96157,19.10727],[72.9617,19.10727],[72.96177,19.10733],[72.96184,19.10732],[72.96186,19.10722],[72.96196,19.10724],[72.96203,19.10729],[72.96213,19.10727],[72.96216,19.10716],[72.96226,19.10708],[72.96233,19.10713],[72.9624,19.10721],[72.9625,19.10717],[72.96284,19.10711],[72.96364,19.10713]]},"properties":{"waterway":"stream","name":null}},{"type":"Feature","geometry":{"type":"LineString","coordinates":[[72.96074,19.10653],[72.96088,19.1065],[72.96102,19.10653],[72.96119,19.10651],[72.96129,19.10644],[72.96138,19.10639],[72.96152,19.10639],[72.96163,19.10643],[72.96171,19.10641],[72.96177,19.10637],[72.96182,19.10641],[72.96194,19.10644],[72.96199,19.10632],[72.96214,19.10629],[72.96227,19.1063],[72.96334,19.10611]]},"properties":{"waterway":"stream","name":null}},{"type":"Feature","geometry":{"type":"LineString","coordinates":[[72.94644,19.12014],[72.94673,19.12014],[72.94815,19.12012],[72.9495,19.12018],[72.95039,19.12021],[72.95082,19.12021],[72.95122,19.12027],[72.95159,19.12028],[72.95178,19.12023],[72.95184,19.1201],[72.95182,19.11999],[72.95181,19.1198],[72.9518,19.11964],[72.95175,19.11945],[72.95169,19.11936],[72.95159,19.11923],[72.95188,19.11922],[72.95224,19.11924],[72.95238,19.11928],[72.95255,19.11927],[72.95272,19.11934],[72.95286,19.1193],[72.953,19.11933],[72.95313,19.11932],[72.95324,19.11916],[72.95331,19.11901],[72.95339,19.11894],[72.95351,19.11883],[72.95361,19.11865],[72.95364,19.11861],[72.95371,19.11849],[72.95372,19.11816],[72.95374,19.11802],[72.95374,19.11795],[72.95383,19.11782],[72.95391,19.11772],[72.95407,19.11761],[72.95418,19.1174],[72.95436,19.1172],[72.95451,19.11711],[72.95472,19.11694],[72.95478,19.11684],[72.95477,19.11676],[72.95483,19.1167],[72.95489,19.11673],[72.95505,19.11672],[72.95519,19.11665],[72.95537,19.11662],[72.95548,19.11667],[72.95556,19.11679],[72.95571,19.11689],[72.95577,19.11678],[72.95575,19.11662],[72.95569,19.11652],[72.95569,19.1164],[72.95573,19.11626],[72.95584,19.11619],[72.956,19.11614],[72.9562,19.11625],[72.95628,19.11639],[72.95642,19.1164],[72.95661,19.11632],[72.95682,19.11625],[72.95695,19.11625],[72.95704,19.11625],[72.95714,19.11616],[72.95719,19.11605],[72.95716,19.11593],[72.95719,19.11565],[72.95725,19.11559],[72.9574,19.11552],[72.95752,19.11557],[72.95765,19.11572],[72.95774,19.11582],[72.95785,19.1158],[72.95793,19.11564],[72.95793,19.11552],[72.95798,19.11536],[72.95806,19.11526],[72.95816,19.11524],[72.95832,19.11523],[72.95844,19.11516],[72.95846,19.11508],[72.95846,19.11498],[72.95847,19.11487],[72.95851,19.11478],[72.95869,19.11477],[72.95883,19.11487],[72.95902,19.11492],[72.95912,19.11486],[72.95925,19.1147],[72.95939,19.11462],[72.95958,19.11454],[72.95991,19.11449],[72.96013,19.11448],[72.9605,19.11449],[72.96065,19.11438],[72.96089,19.11424],[72.96106,19.1142],[72.96123,19.11417],[72.96139,19.11417],[72.9616,19.11423],[72.96178,19.11446],[72.96205,19.11453],[72.96233,19.11451],[72.96256,19.11446],[72.96329,19.11409],[72.96357,19.11383],[72.96387,19.11368],[72.96395,19.11359],[72.96415,19.11345],[72.96442,19.1134],[72.96479,19.11336],[72.96526,19.11253],[72.96579,19.1119]]},"properties":{"waterway":"stream","name":null}},{"type":"Feature","geometry":{"type":"LineString","coordinates":[[72.95665,19.12041],[72.95603,19.12035],[72.95461,19.12026],[72.95399,19.12023],[72.95395,19.12011],[72.95389,19.12004],[72.95382,19.11988],[72.95385,19.11984],[72.95375,19.11973],[72.95365,19.11964],[72.95366,19.11956],[72.95353,19.11945],[72.95348,19.11935],[72.95353,19.11918],[72.9536,19.11903],[72.95368,19.11892],[72.95363,19.11871],[72.95364,19.11861]]},"properties":{"waterway":"stream","name":null}},{"type":"Feature","geometry":{"type":"LineString","coordinates":[[72.94976,19.11908],[72.95005,19.11911],[72.95018,19.1192],[72.95038,19.11923],[72.95063,19.11918],[72.95085,19.11913],[72.95108,19.11921],[72.95126,19.11921],[72.95149,19.11922],[72.95159,19.11923]]},"properties":{"waterway":"stream","name":null}},{"type":"Feature","geometry":{"type":"LineString","coordinates":[[72.95526,19.15128],[72.95533,19.15128],[72.95543,19.1512],[72.95546,19.15109],[72.95549,19.15101],[72.95551,19.15087],[72.95547,19.15078]]},"properties":{"waterway":"drain","name":null}},{"type":"Feature","geometry":{"type":"LineString","coordinates":[[72.95564,19.15119],[72.95559,19.15114],[72.95546,19.15109]]},"properties":{"waterway":"drain","name":null}},{"type":"Feature","geometry":{"type":"LineString","coordinates":[[72.95582,19.15135],[72.95564,19.15119]]},"properties":{"waterway":"drain","name":null}},{"type":"Feature","geometry":{"type":"LineString","coordinates":[[72.93726,19.17492],[72.93739,19.17479],[72.93756,19.17479],[72.93768,19.17478],[72.93792,19.17464],[72.93796,19.1746],[72.93795,19.17441],[72.93807,19.17427],[72.93814,19.17424],[72.93819,19.17423]]},"properties":{"waterway":"drain","name":null}},{"type":"Feature","geometry":{"type":"LineString","coordinates":[[72.89089,19.17944],[72.89042,19.17877],[72.89001,19.17835],[72.88928,19.17775],[72.88864,19.17749],[72.88809,19.17749],[72.88756,19.17761],[72.88737,19.17755],[72.88705,19.17774],[72.88661,19.17752],[72.88629,19.17733],[72.88617,19.17711],[72.88592,19.17689],[72.88555,19.1766],[72.88506,19.1765],[72.88456,19.17603],[72.88395,19.17579],[72.88322,19.17544],[72.88289,19.17504],[72.88284,19.17461],[72.88283,19.17326]]},"properties":{"waterway":"stream","name":null}},{"type":"Feature","geometry":{"type":"LineString","coordinates":[[72.90417,19.13766],[72.90424,19.13743],[72.90415,19.13727],[72.90395,19.13723],[72.90383,19.13715],[72.90368,19.13685],[72.90355,19.13646],[72.90361,19.13623],[72.9036,19.13605]]},"properties":{"waterway":"stream","name":null}},{"type":"Feature","geometry":{"type":"LineString","coordinates":[[72.92099,19.15139],[72.92085,19.15067],[72.92086,19.14966],[72.92101,19.14925],[72.92099,19.149],[72.92101,19.14881],[72.92103,19.1487],[72.92104,19.14781],[72.92119,19.14748],[72.92123,19.14737]]},"properties":{"waterway":"stream","name":null}},{"type":"Feature","geometry":{"type":"LineString","coordinates":[[72.88488,19.13424],[72.88486,19.13397],[72.88484,19.13345],[72.88475,19.13299],[72.88463,19.13241],[72.88455,19.13162],[72.8846,19.13134],[72.88512,19.13126],[72.88512,19.13078],[72.88477,19.13053],[72.88464,19.1302],[72.88453,19.12973]]},"properties":{"waterway":"stream","name":null}},{"type":"Feature","geometry":{"type":"LineString","coordinates":[[72.88492,19.13436],[72.88488,19.13424]]},"properties":{"waterway":"stream","name":null}},{"type":"Feature","geometry":{"type":"LineString","coordinates":[[72.94643,19.12038],[72.94644,19.12014]]},"properties":{"waterway":"stream","name":null}},{"type":"Feature","geometry":{"type":"LineString","coordinates":[[72.94154,19.12331],[72.94174,19.12347],[72.94197,19.12368],[72.94218,19.12377],[72.94225,19.12379],[72.94258,19.12385],[72.94277,19.12383],[72.94297,19.12381],[72.94309,19.12379],[72.94314,19.12372],[72.94316,19.12361],[72.94331,19.12355],[72.94348,19.12358],[72.94374,19.12362],[72.94404,19.12364],[72.94422,19.1237],[72.94434,19.12377],[72.9445,19.12378],[72.94462,19.12377],[72.94474,19.12383],[72.94485,19.1238],[72.94491,19.12373],[72.94489,19.12365],[72.94493,19.12351],[72.94529,19.12273],[72.94559,19.12217],[72.94605,19.12138],[72.94623,19.12101],[72.94645,19.12065],[72.9465,19.12055],[72.94645,19.12049],[72.94645,19.12043],[72.94643,19.12038]]},"properties":{"waterway":"stream","name":null}},{"type":"Feature","geometry":{"type":"LineString","coordinates":[[72.95023,19.16079],[72.95045,19.16073]]},"properties":{"waterway":"drain","name":null}},{"type":"Feature","geometry":{"type":"LineString","coordinates":[[72.94997,19.16086],[72.95023,19.16079]]},"properties":{"waterway":"drain","name":null}},{"type":"Feature","geometry":{"type":"LineString","coordinates":[[72.93518,19.1757],[72.93526,19.17567]]},"properties":{"waterway":"drain","name":null}},{"type":"Feature","geometry":{"type":"LineString","coordinates":[[72.93471,19.17577],[72.93508,19.17572],[72.93518,19.1757]]},"properties":{"waterway":"drain","name":null}},{"type":"Feature","geometry":{"type":"LineString","coordinates":[[72.93843,19.17418],[72.93853,19.1741],[72.94087,19.17245]]},"properties":{"waterway":"drain","name":null}},{"type":"Feature","geometry":{"type":"LineString","coordinates":[[72.93819,19.17423],[72.93828,19.17421],[72.93843,19.17418]]},"properties":{"waterway":"drain","name":null}},{"type":"Feature","geometry":{"type":"LineString","coordinates":[[72.93441,19.12456],[72.93438,19.12344],[72.9344,19.12324],[72.93507,19.12312],[72.93579,19.12264]]},"properties":{"waterway":"drain","name":null}},{"type":"Feature","geometry":{"type":"LineString","coordinates":[[72.93429,19.1251],[72.93441,19.12456]]},"properties":{"waterway":"drain","name":null}},{"type":"Feature","geometry":{"type":"LineString","coordinates":[[72.93336,19.1295],[72.93322,19.1294]]},"properties":{"waterway":"drain","name":null}},{"type":"Feature","geometry":{"type":"LineString","coordinates":[[72.93365,19.13236],[72.93364,19.1316],[72.93336,19.1295]]},"properties":{"waterway":"drain","name":null}},{"type":"Feature","geometry":{"type":"LineString","coordinates":[[72.91895,19.10586],[72.91888,19.10574],[72.91792,19.10422]]},"properties":{"waterway":"drain","name":null}},{"type":"Feature","geometry":{"type":"LineString","coordinates":[[72.91903,19.106],[72.91895,19.10586]]},"properties":{"waterway":"drain","name":null}},{"type":"Feature","geometry":{"type":"LineString","coordinates":[[72.92186,19.14448],[72.92192,19.14424],[72.92186,19.14391],[72.92161,19.1432],[72.9215,19.14249],[72.92145,19.1422]]},"properties":{"waterway":"stream","name":null}},{"type":"Feature","geometry":{"type":"LineString","coordinates":[[72.92183,19.14464],[72.92186,19.14448]]},"properties":{"waterway":"stream","name":null}},{"type":"Feature","geometry":{"type":"LineString","coordinates":[[72.94216,19.15183],[72.94223,19.15181]]},"properties":{"waterway":"stream","name":null}},{"type":"Feature","geometry":{"type":"LineString","coordinates":[[72.9412,19.15223],[72.9412,19.15219],[72.94193,19.15192],[72.94216,19.15183]]},"properties":{"waterway":"stream","name":null}},{"type":"Feature","geometry":{"type":"LineString","coordinates":[[72.91346,19.17554],[72.91345,19.17542]]},"properties":{"waterway":"stream","name":null}},{"type":"Feature","geometry":{"type":"LineString","coordinates":[[72.91402,19.18453],[72.91461,19.18333],[72.91474,19.18267],[72.91431,19.18205],[72.91434,19.18144],[72.91408,19.18067],[72.91421,19.18022],[72.91427,19.17978],[72.91414,19.17879],[72.91349,19.17752],[72.91354,19.17622],[72.91346,19.17554]]},"properties":{"waterway":"stream","name":null}},{"type":"Feature","geometry":{"type":"LineString","coordinates":[[72.89657,19.13017],[72.89648,19.13025],[72.8963,19.13051]]},"properties":{"waterway":"stream","name":null}},{"type":"Feature","geometry":{"type":"LineString","coordinates":[[72.89687,19.13],[72.89657,19.13017]]},"properties":{"waterway":"stream","name":null}},{"type":"Feature","geometry":{"type":"LineString","coordinates":[[72.88442,19.12947],[72.8843,19.1292]]},"properties":{"waterway":"river","name":"Mithi River"}},{"type":"Feature","geometry":{"type":"LineString","coordinates":[[72.8963,19.13051],[72.89547,19.13044],[72.89469,19.13023],[72.89405,19.1306],[72.89235,19.13184],[72.89145,19.13263],[72.89091,19.13291],[72.8904,19.133],[72.88986,19.13272],[72.88942,19.13226],[72.88909,19.13183],[72.88892,19.13133],[72.88851,19.13101],[72.88781,19.13091],[72.88678,19.13067],[72.88659,19.13036],[72.88603,19.12977],[72.88479,19.1298],[72.88453,19.12973],[72.88442,19.12947]]},"properties":{"waterway":"river","name":"Mithi River"}},{"type":"Feature","geometry":{"type":"LineString","coordinates":[[72.9412,19.15231],[72.9412,19.15223]]},"properties":{"waterway":"stream","name":null}},{"type":"Feature","geometry":{"type":"LineString","coordinates":[[72.94083,19.15289],[72.94088,19.15273],[72.94119,19.15247],[72.9412,19.15239],[72.9412,19.15231]]},"properties":{"waterway":"stream","name":null}},{"type":"Feature","geometry":{"type":"LineString","coordinates":[[72.96467,19.18345],[72.96488,19.18283],[72.96481,19.1821],[72.96445,19.18141],[72.96437,19.18121],[72.9644,19.18098],[72.96432,19.18089],[72.96421,19.1808],[72.96417,19.18072],[72.96424,19.18063],[72.96458,19.18058],[72.96489,19.18055],[72.96505,19.1805]]},"properties":{"waterway":"drain","name":null}},{"type":"Feature","geometry":{"type":"LineString","coordinates":[[72.93891,19.1599],[72.9389,19.15976]]},"properties":{"waterway":"drain","name":null}},{"type":"Feature","geometry":{"type":"LineString","coordinates":[[72.9394,19.16323],[72.93974,19.16244],[72.93978,19.16222],[72.93985,19.16183],[72.93984,19.16169],[72.93975,19.16164],[72.93962,19.16161],[72.93924,19.16129],[72.9392,19.1612],[72.93918,19.16086]]},"properties":{"waterway":"drain","name":null}},{"type":"Feature","geometry":{"type":"LineString","coordinates":[[72.9036,19.13605],[72.90365,19.13572]]},"properties":{"waterway":"stream","name":null}},{"type":"Feature","geometry":{"type":"LineString","coordinates":[[72.90365,19.13572],[72.90355,19.13534],[72.90328,19.13471],[72.90317,19.13422],[72.90317,19.13305],[72.90196,19.13127],[72.90042,19.12964],[72.89935,19.12701],[72.89864,19.12648],[72.89754,19.12645],[72.89683,19.12663],[72.8966,19.12689],[72.89648,19.12709],[72.8965,19.12775],[72.89622,19.12853],[72.8963,19.12904],[72.89687,19.13]]},"properties":{"waterway":"stream","name":null}},{"type":"Feature","geometry":{"type":"LineString","coordinates":[[72.92833,19.13436],[72.92859,19.13428]]},"properties":{"waterway":"drain","name":null}},{"type":"Feature","geometry":{"type":"LineString","coordinates":[[72.92859,19.13428],[72.92887,19.13425],[72.92902,19.13421],[72.92913,19.13404],[72.92911,19.1339],[72.92885,19.13348],[72.92885,19.13344],[72.92887,19.1334],[72.92944,19.13313],[72.92972,19.133],[72.92975,19.13294],[72.92984,19.1327]]},"properties":{"waterway":"drain","name":null}},{"type":"Feature","geometry":{"type":"LineString","coordinates":[[72.93275,19.16023],[72.93306,19.16026],[72.93328,19.16028]]},"properties":{"waterway":"drain","name":null}},{"type":"Feature","geometry":{"type":"LineString","coordinates":[[72.93685,19.10299],[72.937,19.10301]]},"properties":{"waterway":"stream","name":null}},{"type":"Feature","geometry":{"type":"LineString","coordinates":[[72.93265,19.1015],[72.9337,19.10188],[72.93393,19.10189],[72.93434,19.10187],[72.9349,19.10198],[72.93584,19.10255],[72.93614,19.1027],[72.93685,19.10299]]},"properties":{"waterway":"stream","name":null}},{"type":"Feature","geometry":{"type":"LineString","coordinates":[[72.93716,19.1037],[72.93732,19.10362]]},"properties":{"waterway":"stream","name":null}},{"type":"Feature","geometry":{"type":"LineString","coordinates":[[72.93732,19.10362],[72.93753,19.10332],[72.93751,19.10278]]},"properties":{"waterway":"stream","name":null}},{"type":"Feature","geometry":{"type":"LineString","coordinates":[[72.93517,19.1058],[72.93518,19.10566]]},"properties":{"waterway":"stream","name":null}},{"type":"Feature","geometry":{"type":"LineString","coordinates":[[72.9331,19.10781],[72.93347,19.1076],[72.9339,19.1072],[72.93427,19.10692],[72.935,19.10646],[72.93518,19.1061],[72.93517,19.1058]]},"properties":{"waterway":"stream","name":null}},{"type":"Feature","geometry":{"type":"LineString","coordinates":[[72.98859,19.17438],[72.98849,19.17438]]},"properties":{"waterway":"drain","name":null}},{"type":"Feature","geometry":{"type":"LineString","coordinates":[[72.99054,19.17434],[72.98859,19.17438]]},"properties":{"waterway":"drain","name":null}},{"type":"Feature","geometry":{"type":"LineString","coordinates":[[72.99971,19.11279],[72.9997,19.1126],[72.99961,19.11226],[72.99951,19.11203],[72.99921,19.11181],[72.99877,19.11152],[72.99886,19.11129],[72.99894,19.11101],[72.9988,19.11085],[72.99862,19.1107],[72.99839,19.11066],[72.99824,19.11079],[72.99721,19.11177],[72.99692,19.11186],[72.99653,19.11196],[72.9964,19.11204],[72.9952,19.11385],[72.99486,19.11448],[72.99443,19.11477],[72.99411,19.11481],[72.99371,19.11468],[72.99331,19.11436],[72.9928,19.11403],[72.99228,19.11368],[72.99064,19.11297],[72.98981,19.11245],[72.98892,19.11189],[72.98759,19.11175],[72.9871,19.11182],[72.98665,19.11217],[72.98604,19.11227]]},"properties":{"waterway":"stream","name":null}},{"type":"Feature","geometry":{"type":"LineString","coordinates":[[72.91664,19.10142],[72.91663,19.10128],[72.91686,19.10091],[72.91719,19.10061],[72.91756,19.10034],[72.91764,19.10025],[72.91778,19.10021],[72.91784,19.10024],[72.91806,19.10018]]},"properties":{"waterway":"drain","name":null}},{"type":"Feature","geometry":{"type":"LineString","coordinates":[[72.9916,19.18325],[72.99187,19.18304],[72.99205,19.18303],[72.99232,19.18264],[72.99239,19.18247],[72.99244,19.18186],[72.99241,19.18176],[72.99233,19.18167],[72.99222,19.18163],[72.99139,19.1814],[72.99088,19.18121],[72.99075,19.18111],[72.99,19.18084],[72.98944,19.18091],[72.98919,19.18086],[72.98864,19.18096],[72.98803,19.18112],[72.98767,19.18114],[72.98737,19.18098],[72.98706,19.1808],[72.98703,19.18065],[72.98697,19.18032],[72.9869,19.18015],[72.9868,19.18013],[72.98675,19.18024],[72.98675,19.1806],[72.98676,19.18076],[72.98672,19.18083],[72.98644,19.18102],[72.98574,19.18054],[72.98435,19.17986]]},"properties":{"waterway":"drain","name":null}},{"type":"Feature","geometry":{"type":"LineString","coordinates":[[72.89359,19.10212],[72.8938,19.1021],[72.89466,19.10202],[72.89512,19.10215],[72.89511,19.10234],[72.89512,19.10238],[72.89515,19.1024],[72.89598,19.10243]]},"properties":{"waterway":"canal","name":null}},{"type":"Feature","geometry":{"type":"LineString","coordinates":[[72.94758,19.1757],[72.94761,19.17481]]},"properties":{"waterway":"drain","name":null}},{"type":"Feature","geometry":{"type":"LineString","coordinates":[[72.94755,19.17707],[72.94758,19.1757]]},"properties":{"waterway":"drain","name":null}},{"type":"Feature","geometry":{"type":"LineString","coordinates":[[72.96014,19.16544],[72.96017,19.16534],[72.9608,19.16478],[72.96107,19.1647]]},"properties":{"waterway":"drain","name":null}},{"type":"Feature","geometry":{"type":"LineString","coordinates":[[72.96012,19.16624],[72.96007,19.16603],[72.96014,19.16544]]},"properties":{"waterway":"drain","name":null}},{"type":"Feature","geometry":{"type":"LineString","coordinates":[[72.94203,19.16722],[72.94223,19.16712],[72.94242,19.16698]]},"properties":{"waterway":"drain","name":null}},{"type":"Feature","geometry":{"type":"LineString","coordinates":[[72.93302,19.17052],[72.93303,19.17037],[72.93298,19.17031],[72.93256,19.16991],[72.93249,19.16983],[72.93236,19.16954],[72.93238,19.16945],[72.93289,19.16926],[72.93367,19.16921],[72.934,19.16917],[72.93437,19.16895],[72.9344,19.16875],[72.93453,19.16858],[72.93474,19.16848],[72.93511,19.16835],[72.93511,19.16835]]},"properties":{"waterway":"drain","name":null}},{"type":"Feature","geometry":{"type":"LineString","coordinates":[[72.93719,19.17236],[72.93728,19.17215],[72.93732,19.17208],[72.93782,19.17171]]},"properties":{"waterway":"drain","name":null}},{"type":"Feature","geometry":{"type":"LineString","coordinates":[[72.93622,19.17729],[72.93619,19.17711],[72.93623,19.17699],[72.93616,19.17694],[72.93627,19.17673],[72.93633,19.17653],[72.9366,19.17614],[72.93687,19.17619],[72.93735,19.17571],[72.9374,19.17566],[72.93793,19.17511],[72.93842,19.17495],[72.93856,19.17487]]},"properties":{"waterway":"drain","name":null}},{"type":"Feature","geometry":{"type":"LineString","coordinates":[[72.93511,19.16835],[72.93518,19.16855],[72.93602,19.16827]]},"properties":{"waterway":"drain","name":null}},{"type":"Feature","geometry":{"type":"LineString","coordinates":[[72.93459,19.17173],[72.93457,19.17163],[72.93465,19.17161],[72.93491,19.17154],[72.93591,19.17084],[72.93614,19.17071]]},"properties":{"waterway":"drain","name":null}},{"type":"Feature","geometry":{"type":"LineString","coordinates":[[72.9343,19.17199],[72.93459,19.17173]]},"properties":{"waterway":"drain","name":null}},{"type":"Feature","geometry":{"type":"LineString","coordinates":[[72.95349,19.17689],[72.95325,19.17688]]},"properties":{"waterway":"drain","name":null}},{"type":"Feature","geometry":{"type":"LineString","coordinates":[[72.94279,19.18362],[72.94313,19.18347],[72.94329,19.18335],[72.94349,19.18319],[72.94362,19.18314],[72.94378,19.1831],[72.94421,19.183],[72.94448,19.18299],[72.94575,19.18306],[72.94596,19.18304],[72.9463,19.18283],[72.94636,19.182],[72.94641,19.18193],[72.94666,19.1818],[72.94699,19.18161],[72.94803,19.18129],[72.94853,19.18104],[72.94867,19.18067],[72.94932,19.18026]]},"properties":{"waterway":"drain","name":null}},{"type":"Feature","geometry":{"type":"LineString","coordinates":[[72.91561,19.0903],[72.9161,19.09004],[72.91709,19.08949],[72.91721,19.08941],[72.91796,19.08894]]},"properties":{"waterway":"drain","name":null}},{"type":"Feature","geometry":{"type":"LineString","coordinates":[[72.99303,19.15589],[72.98977,19.15597],[72.98949,19.15588],[72.98931,19.15573]]},"properties":{"waterway":"drain","name":null}},{"type":"Feature","geometry":{"type":"LineString","coordinates":[[72.941,19.14638],[72.94187,19.14578],[72.94245,19.14514],[72.94276,19.14403],[72.94296,19.14392]]},"properties":{"waterway":"drain","name":null}},{"type":"Feature","geometry":{"type":"LineString","coordinates":[[72.9475,19.16421],[72.94765,19.16408]]},"properties":{"waterway":"drain","name":null}},{"type":"Feature","geometry":{"type":"LineString","coordinates":[[72.9474,19.16429],[72.9475,19.16421]]},"properties":{"waterway":"drain","name":null}},{"type":"Feature","geometry":{"type":"LineString","coordinates":[[72.94765,19.16408],[72.94804,19.16384]]},"properties":{"waterway":"drain","name":null}},{"type":"Feature","geometry":{"type":"LineString","coordinates":[[72.94609,19.16507],[72.94711,19.16447],[72.9474,19.16429]]},"properties":{"waterway":"drain","name":null}},{"type":"Feature","geometry":{"type":"LineString","coordinates":[[72.94841,19.16291],[72.94834,19.16279]]},"properties":{"waterway":"drain","name":null}},{"type":"Feature","geometry":{"type":"LineString","coordinates":[[72.94804,19.16384],[72.94827,19.16368],[72.94822,19.16351],[72.94857,19.16308],[72.94841,19.16291]]},"properties":{"waterway":"drain","name":null}},{"type":"Feature","geometry":{"type":"LineString","coordinates":[[72.95219,19.16785],[72.95207,19.1677],[72.95169,19.16764],[72.95159,19.1676],[72.95147,19.1675],[72.95141,19.16742],[72.95138,19.16728]]},"properties":{"waterway":"drain","name":null}},{"type":"Feature","geometry":{"type":"LineString","coordinates":[[72.94997,19.16848],[72.95013,19.16826],[72.95012,19.16816],[72.9501,19.16807],[72.95005,19.16799],[72.95033,19.16774],[72.95041,19.16749],[72.95052,19.16744],[72.95073,19.16741]]},"properties":{"waterway":"drain","name":"Nane Pada Nalla"}},{"type":"Feature","geometry":{"type":"LineString","coordinates":[[72.94989,19.16859],[72.94997,19.16848]]},"properties":{"waterway":"drain","name":"Nane Pada Nalla"}},{"type":"Feature","geometry":{"type":"LineString","coordinates":[[72.88982,19.10184],[72.88964,19.10163],[72.88948,19.10159],[72.8893,19.1015],[72.88912,19.10133],[72.88917,19.10105],[72.88912,19.10092],[72.88905,19.10071],[72.88907,19.10054],[72.88899,19.10046],[72.88888,19.10048],[72.88877,19.10051],[72.88868,19.10055],[72.88862,19.10043],[72.88859,19.10034],[72.88849,19.10022],[72.8883,19.10013],[72.88818,19.10015],[72.88805,19.10014]]},"properties":{"waterway":"drain","name":null}},{"type":"Feature","geometry":{"type":"LineString","coordinates":[[72.88801,19.10013],[72.88796,19.10012]]},"properties":{"waterway":"drain","name":null}},{"type":"Feature","geometry":{"type":"LineString","coordinates":[[72.88788,19.10011],[72.88784,19.1001]]},"properties":{"waterway":"drain","name":null}},{"type":"Feature","geometry":{"type":"LineString","coordinates":[[72.88796,19.10012],[72.88788,19.10011]]},"properties":{"waterway":"drain","name":null}},{"type":"Feature","geometry":{"type":"LineString","coordinates":[[72.88805,19.10014],[72.88801,19.10013]]},"properties":{"waterway":"drain","name":null}},{"type":"Feature","geometry":{"type":"LineString","coordinates":[[72.94377,19.16612],[72.94399,19.16591],[72.9455,19.16534],[72.94609,19.16507]]},"properties":{"waterway":"drain","name":null}},{"type":"Feature","geometry":{"type":"LineString","coordinates":[[72.94257,19.16687],[72.94377,19.16612]]},"properties":{"waterway":"drain","name":null}},{"type":"Feature","geometry":{"type":"LineString","coordinates":[[72.94242,19.16698],[72.94257,19.16687]]},"properties":{"waterway":"drain","name":null}},{"type":"Feature","geometry":{"type":"LineString","coordinates":[[72.94538,19.17754],[72.9454,19.17716],[72.94573,19.17719]]},"properties":{"waterway":"drain","name":null}},{"type":"Feature","geometry":{"type":"LineString","coordinates":[[72.94573,19.17129],[72.94587,19.17067],[72.94631,19.17022],[72.9464,19.17021],[72.94707,19.17083]]},"properties":{"waterway":"drain","name":null}},{"type":"Feature","geometry":{"type":"LineString","coordinates":[[72.93602,19.16827],[72.93591,19.16799],[72.93648,19.16778],[72.93653,19.16776],[72.9366,19.1678],[72.93683,19.16793]]},"properties":{"waterway":"drain","name":null}},{"type":"Feature","geometry":{"type":"LineString","coordinates":[[72.93867,19.17507],[72.93867,19.17481]]},"properties":{"waterway":"drain","name":null}},{"type":"Feature","geometry":{"type":"LineString","coordinates":[[72.93764,19.17989],[72.93752,19.1797],[72.93744,19.17961],[72.93742,19.17948],[72.93742,19.17939],[72.93745,19.1793]]},"properties":{"waterway":"drain","name":null}},{"type":"Feature","geometry":{"type":"LineString","coordinates":[[72.93655,19.17965],[72.93665,19.17928],[72.93736,19.17933],[72.93745,19.1793],[72.93749,19.17927],[72.93779,19.17881],[72.93797,19.17864],[72.93815,19.1785],[72.93825,19.17838],[72.93863,19.17819],[72.93879,19.1781],[72.93887,19.17801],[72.93913,19.17798],[72.93927,19.17807],[72.93944,19.17806],[72.93952,19.17814],[72.93983,19.17806],[72.94013,19.17796],[72.94048,19.17829],[72.9406,19.17823]]},"properties":{"waterway":"drain","name":null}},{"type":"Feature","geometry":{"type":"LineString","coordinates":[[72.93527,19.17655],[72.93536,19.17653],[72.93558,19.17657],[72.9357,19.17654],[72.9358,19.17657],[72.93586,19.17654],[72.93598,19.17647]]},"properties":{"waterway":"drain","name":null}},{"type":"Feature","geometry":{"type":"LineString","coordinates":[[72.93331,19.16572],[72.93306,19.16518],[72.93324,19.16478]]},"properties":{"waterway":"drain","name":null}},{"type":"Feature","geometry":{"type":"LineString","coordinates":[[72.93367,19.17506],[72.93377,19.17492]]},"properties":{"waterway":"drain","name":null}},{"type":"Feature","geometry":{"type":"LineString","coordinates":[[72.90042,19.12964],[72.89898,19.12982],[72.89843,19.1302],[72.89807,19.13029],[72.89788,19.13037],[72.89777,19.13062],[72.89762,19.13077],[72.89727,19.13084]]},"properties":{"waterway":"drain","name":null}},{"type":"Feature","geometry":{"type":"LineString","coordinates":[[72.88177,19.13364],[72.88202,19.13361],[72.88237,19.1336],[72.88278,19.13359],[72.88315,19.13353]]},"properties":{"waterway":"stream","name":null}},{"type":"Feature","geometry":{"type":"LineString","coordinates":[[72.89696,19.13094],[72.89684,19.13098]]},"properties":{"waterway":"drain","name":null}},{"type":"Feature","geometry":{"type":"LineString","coordinates":[[72.89727,19.13084],[72.89696,19.13094]]},"properties":{"waterway":"drain","name":null}},{"type":"Feature","geometry":{"type":"LineString","coordinates":[[72.93247,19.18194],[72.93289,19.18217],[72.9333,19.18241],[72.93415,19.18255],[72.93524,19.18261],[72.93554,19.18268],[72.93582,19.18273],[72.93594,19.18273],[72.936,19.18272],[72.93608,19.1827],[72.93632,19.18251]]},"properties":{"waterway":"stream","name":null}},{"type":"Feature","geometry":{"type":"LineString","coordinates":[[72.93554,19.1822],[72.93583,19.18229],[72.93596,19.18237],[72.93632,19.18251],[72.93655,19.18264],[72.93697,19.18268]]},"properties":{"waterway":"stream","name":null}},{"type":"Feature","geometry":{"type":"LineString","coordinates":[[72.9406,19.17823],[72.94083,19.17806],[72.94119,19.17781],[72.9422,19.17783],[72.94282,19.17794],[72.94302,19.17799],[72.94318,19.17798]]},"properties":{"waterway":"drain","name":null}},{"type":"Feature","geometry":{"type":"LineString","coordinates":[[72.93223,19.17253],[72.93231,19.17257],[72.93235,19.17255],[72.93362,19.17123]]},"properties":{"waterway":"drain","name":null}},{"type":"Feature","geometry":{"type":"LineString","coordinates":[[72.93362,19.17123],[72.93373,19.17108],[72.93336,19.17078],[72.93302,19.17052]]},"properties":{"waterway":"drain","name":null}},{"type":"Feature","geometry":{"type":"LineString","coordinates":[[72.92123,19.14737],[72.92129,19.14729]]},"properties":{"waterway":"stream","name":null}},{"type":"Feature","geometry":{"type":"LineString","coordinates":[[72.92129,19.14729],[72.92154,19.14713],[72.92162,19.14697],[72.92167,19.14659],[72.92157,19.14592],[72.92157,19.14552],[72.92168,19.14506],[72.92182,19.14469],[72.92183,19.14464]]},"properties":{"waterway":"stream","name":null}},{"type":"Feature","geometry":{"type":"LineString","coordinates":[[72.91863,19.09514],[72.91889,19.09488]]},"properties":{"waterway":"drain","name":null}},{"type":"Feature","geometry":{"type":"LineString","coordinates":[[72.91828,19.09996],[72.91825,19.09985],[72.91826,19.09976],[72.91835,19.09966],[72.91851,19.09963],[72.91855,19.09961],[72.91857,19.09957],[72.91858,19.09946],[72.91861,19.0994],[72.91857,19.09931],[72.91854,19.09916],[72.91858,19.09897],[72.91864,19.09884],[72.91878,19.09872],[72.91886,19.09867],[72.91888,19.09861],[72.91883,19.09834],[72.91872,19.09804],[72.91866,19.09798],[72.91852,19.0979],[72.91848,19.09784],[72.91844,19.09764],[72.91819,19.09715],[72.91816,19.09706],[72.91825,19.09692],[72.91842,19.09682],[72.91848,19.09675],[72.91863,19.09514]]},"properties":{"waterway":"drain","name":null}},{"type":"Feature","geometry":{"type":"LineString","coordinates":[[72.93882,19.17529],[72.93867,19.17507]]},"properties":{"waterway":"drain","name":null}},{"type":"Feature","geometry":{"type":"LineString","coordinates":[[72.93856,19.17487],[72.93867,19.17481],[72.93881,19.17472]]},"properties":{"waterway":"drain","name":null}},{"type":"Feature","geometry":{"type":"LineString","coordinates":[[72.93868,19.17557],[72.93879,19.17536],[72.93882,19.17529]]},"properties":{"waterway":"drain","name":null}},{"type":"Feature","geometry":{"type":"LineString","coordinates":[[72.93593,19.17958],[72.93605,19.17958],[72.93616,19.17956],[72.9363,19.17941],[72.93649,19.17938],[72.93665,19.17928]]},"properties":{"waterway":"stream","name":null}},{"type":"Feature","geometry":{"type":"LineString","coordinates":[[72.93673,19.17866],[72.93708,19.17844],[72.93729,19.17829]]},"properties":{"waterway":"drain","name":null}},{"type":"Feature","geometry":{"type":"LineString","coordinates":[[72.93902,19.17518],[72.94122,19.1736]]},"properties":{"waterway":"drain","name":null}},{"type":"Feature","geometry":{"type":"LineString","coordinates":[[72.93619,19.18071],[72.93628,19.18068],[72.93635,19.18062],[72.9365,19.18057],[72.93665,19.18044],[72.93677,19.18027]]},"properties":{"waterway":"stream","name":null}},{"type":"Feature","geometry":{"type":"LineString","coordinates":[[72.93609,19.18051],[72.93625,19.18043],[72.9364,19.18035],[72.9365,19.18029]]},"properties":{"waterway":"stream","name":null}},{"type":"Feature","geometry":{"type":"LineString","coordinates":[[72.93604,19.18037],[72.93606,19.18029],[72.93608,19.18021],[72.93608,19.18018],[72.93609,19.18013],[72.93616,19.18005],[72.93625,19.17991],[72.93632,19.17974],[72.93633,19.17964],[72.93635,19.17958],[72.93636,19.17954],[72.93639,19.1794]]},"properties":{"waterway":"stream","name":null}},{"type":"Feature","geometry":{"type":"LineString","coordinates":[[72.93373,19.18045],[72.93378,19.18037],[72.93387,19.18026],[72.934,19.18013],[72.93412,19.18002]]},"properties":{"waterway":"stream","name":null}},{"type":"Feature","geometry":{"type":"LineString","coordinates":[[72.93312,19.17963],[72.93331,19.17952],[72.93341,19.17946],[72.93351,19.17941],[72.93374,19.1793]]},"properties":{"waterway":"stream","name":null}},{"type":"Feature","geometry":{"type":"LineString","coordinates":[[72.93396,19.1808],[72.93417,19.18072],[72.93429,19.18064],[72.93448,19.18057]]},"properties":{"waterway":"stream","name":null}},{"type":"Feature","geometry":{"type":"LineString","coordinates":[[72.93338,19.18021],[72.9336,19.18014],[72.93375,19.18008],[72.93375,19.18008],[72.93387,19.18006],[72.9341,19.18002],[72.93412,19.18002],[72.93442,19.18002]]},"properties":{"waterway":"stream","name":null}},{"type":"Feature","geometry":{"type":"LineString","coordinates":[[72.93025,19.17152],[72.93038,19.1715],[72.93049,19.17146],[72.93057,19.17142],[72.93066,19.17137],[72.93075,19.17131],[72.93079,19.1713],[72.9308,19.17122],[72.93084,19.1712],[72.93105,19.17118],[72.93118,19.17118],[72.93129,19.17114],[72.9313,19.17112]]},"properties":{"waterway":"stream","name":null}},{"type":"Feature","geometry":{"type":"LineString","coordinates":[[72.93072,19.17083],[72.93087,19.17079],[72.93106,19.17076],[72.93114,19.17074]]},"properties":{"waterway":"stream","name":null}},{"type":"Feature","geometry":{"type":"LineString","coordinates":[[72.93141,19.17137],[72.93132,19.17133],[72.93129,19.17128],[72.93129,19.17114],[72.93124,19.17097],[72.93125,19.17086],[72.93139,19.17041]]},"properties":{"waterway":"drain","name":null}},{"type":"Feature","geometry":{"type":"LineString","coordinates":[[72.9281,19.17794],[72.92821,19.17596],[72.92873,19.17425],[72.92883,19.17251],[72.92881,19.17195],[72.92879,19.1712],[72.92809,19.16955],[72.92783,19.16902],[72.9279,19.16876],[72.92799,19.16862],[72.92804,19.16852],[72.92805,19.16841],[72.92801,19.16801],[72.92797,19.16786],[72.92793,19.16782],[72.92778,19.16779],[72.9276,19.16769],[72.92736,19.16739]]},"properties":{"waterway":"stream","name":null}},{"type":"Feature","geometry":{"type":"LineString","coordinates":[[72.93009,19.1688],[72.93014,19.16884],[72.93018,19.16883],[72.93043,19.16885],[72.93063,19.16887]]},"properties":{"waterway":"stream","name":null}},{"type":"Feature","geometry":{"type":"LineString","coordinates":[[72.9261,19.16886],[72.9261,19.16866],[72.92606,19.16853],[72.92598,19.16846],[72.9259,19.16831],[72.92589,19.16816],[72.92584,19.16791],[72.92579,19.16774],[72.92566,19.16763],[72.92536,19.16764],[72.92522,19.16762],[72.92517,19.16754],[72.92516,19.16754],[72.92487,19.16723]]},"properties":{"waterway":"stream","name":null}},{"type":"Feature","geometry":{"type":"LineString","coordinates":[[72.92578,19.16886],[72.92574,19.1687],[72.92571,19.16855],[72.92562,19.1684],[72.92557,19.16831]]},"properties":{"waterway":"stream","name":null}},{"type":"Feature","geometry":{"type":"LineString","coordinates":[[72.92901,19.16666],[72.92955,19.16659],[72.92972,19.16667]]},"properties":{"waterway":"drain","name":null}},{"type":"Feature","geometry":{"type":"LineString","coordinates":[[72.93083,19.16935],[72.93091,19.16933],[72.93121,19.16924]]},"properties":{"waterway":"drain","name":null}},{"type":"Feature","geometry":{"type":"LineString","coordinates":[[72.93071,19.16942],[72.93075,19.16938],[72.93083,19.16935]]},"properties":{"waterway":"drain","name":null}},{"type":"Feature","geometry":{"type":"LineString","coordinates":[[72.92763,19.17958],[72.92719,19.18029],[72.92701,19.18124],[72.92658,19.18165],[72.92524,19.18115],[72.92423,19.181],[72.92222,19.18163],[72.91965,19.18158],[72.91791,19.18083],[72.91692,19.17923],[72.91601,19.17784],[72.91529,19.17611],[72.91422,19.1746],[72.91375,19.17446]]},"properties":{"waterway":"stream","name":null}},{"type":"Feature","geometry":{"type":"LineString","coordinates":[[72.92403,19.17764],[72.92378,19.17708],[72.92358,19.17627],[72.92357,19.17466],[72.92273,19.1729],[72.92156,19.17096]]},"properties":{"waterway":"stream","name":null}},{"type":"Feature","geometry":{"type":"LineString","coordinates":[[72.90163,19.18269],[72.90092,19.18019],[72.90025,19.17869],[72.89959,19.17709],[72.89935,19.17462],[72.89927,19.17265],[72.89976,19.1701],[72.89976,19.16783],[72.90023,19.16665],[72.90122,19.16501],[72.90231,19.16371],[72.90476,19.16175],[72.90555,19.16126],[72.9058,19.16063],[72.90735,19.15938],[72.9095,19.15776],[72.91083,19.15602]]},"properties":{"waterway":"stream","name":null}},{"type":"Feature","geometry":{"type":"LineString","coordinates":[[72.90673,19.1823],[72.90675,19.18098],[72.90733,19.17918],[72.90817,19.17821],[72.90879,19.17561],[72.90933,19.17395],[72.91055,19.17263],[72.91162,19.17171],[72.91232,19.17155]]},"properties":{"waterway":"stream","name":null}},{"type":"Feature","geometry":{"type":"LineString","coordinates":[[72.93566,19.16462],[72.93599,19.16465],[72.93703,19.16405],[72.93711,19.16384]]},"properties":{"waterway":"drain","name":null}},{"type":"Feature","geometry":{"type":"LineString","coordinates":[[72.93534,19.16408],[72.93552,19.16456],[72.93566,19.16462]]},"properties":{"waterway":"drain","name":null}},{"type":"Feature","geometry":{"type":"LineString","coordinates":[[72.93149,19.16343],[72.93153,19.16343],[72.93152,19.16352],[72.93159,19.16351]]},"properties":{"waterway":"drain","name":null}},{"type":"Feature","geometry":{"type":"LineString","coordinates":[[72.93392,19.1775],[72.93404,19.17736],[72.93408,19.17732],[72.93412,19.17728],[72.9342,19.17729],[72.93431,19.17728],[72.93456,19.17713]]},"properties":{"waterway":"stream","name":null}},{"type":"Feature","geometry":{"type":"LineString","coordinates":[[72.93202,19.17581],[72.93219,19.17573],[72.9323,19.17563]]},"properties":{"waterway":"stream","name":null}},{"type":"Feature","geometry":{"type":"LineString","coordinates":[[72.93338,19.17628],[72.93348,19.17614],[72.93351,19.17609],[72.93355,19.17602],[72.93365,19.17581]]},"properties":{"waterway":"stream","name":null}},{"type":"Feature","geometry":{"type":"LineString","coordinates":[[72.93416,19.17769],[72.93423,19.17755],[72.93429,19.17746],[72.93432,19.17739],[72.93431,19.17728]]},"properties":{"waterway":"stream","name":null}},{"type":"Feature","geometry":{"type":"LineString","coordinates":[[72.93231,19.17632],[72.93247,19.17621],[72.93282,19.17609],[72.93301,19.17607],[72.93322,19.17593],[72.93342,19.17579],[72.93365,19.17549]]},"properties":{"waterway":"stream","name":null}},{"type":"Feature","geometry":{"type":"LineString","coordinates":[[72.92661,19.13589],[72.92662,19.13589],[72.92772,19.13483],[72.92778,19.13478]]},"properties":{"waterway":"drain","name":null}},{"type":"Feature","geometry":{"type":"LineString","coordinates":[[72.92652,19.13595],[72.92661,19.13589]]},"properties":{"waterway":"drain","name":null}},{"type":"Feature","geometry":{"type":"LineString","coordinates":[[72.92787,19.13471],[72.92833,19.13436]]},"properties":{"waterway":"drain","name":null}},{"type":"Feature","geometry":{"type":"LineString","coordinates":[[72.92778,19.13478],[72.92787,19.13471]]},"properties":{"waterway":"drain","name":null}},{"type":"Feature","geometry":{"type":"LineString","coordinates":[[72.93246,19.16023],[72.93252,19.16022]]},"properties":{"waterway":"drain","name":null}},{"type":"Feature","geometry":{"type":"LineString","coordinates":[[72.93245,19.16023],[72.93246,19.16023]]},"properties":{"waterway":"drain","name":null}},{"type":"Feature","geometry":{"type":"LineString","coordinates":[[72.93252,19.16022],[72.93265,19.16022]]},"properties":{"waterway":"drain","name":null}},{"type":"Feature","geometry":{"type":"LineString","coordinates":[[72.93265,19.16022],[72.93275,19.16023]]},"properties":{"waterway":"drain","name":null}},{"type":"Feature","geometry":{"type":"LineString","coordinates":[[72.93918,19.16085],[72.93914,19.16059],[72.93914,19.16014],[72.93898,19.16001],[72.93891,19.1599]]},"properties":{"waterway":"drain","name":null}},{"type":"Feature","geometry":{"type":"LineString","coordinates":[[72.93918,19.16086],[72.93918,19.16085]]},"properties":{"waterway":"drain","name":null}},{"type":"Feature","geometry":{"type":"LineString","coordinates":[[72.88954,19.10447],[72.88941,19.10451],[72.88931,19.10451],[72.88901,19.10433],[72.88894,19.10425],[72.88881,19.10377],[72.88875,19.10354],[72.88863,19.10336],[72.88929,19.10282],[72.88938,19.10269],[72.89005,19.10213],[72.89005,19.10213]]},"properties":{"waterway":"drain","name":null}},{"type":"Feature","geometry":{"type":"LineString","coordinates":[[72.88958,19.10445],[72.88954,19.10447]]},"properties":{"waterway":"drain","name":null}},{"type":"Feature","geometry":{"type":"LineString","coordinates":[[72.88962,19.10445],[72.88958,19.10445]]},"properties":{"waterway":"drain","name":null}},{"type":"Feature","geometry":{"type":"LineString","coordinates":[[72.88976,19.10445],[72.88962,19.10445]]},"properties":{"waterway":"drain","name":null}},{"type":"Feature","geometry":{"type":"LineString","coordinates":[[72.93265,19.1105],[72.93186,19.11061],[72.93172,19.11069],[72.9317,19.11094],[72.93169,19.11191],[72.9318,19.11244],[72.9319,19.11282],[72.93202,19.11398],[72.93214,19.11514]]},"properties":{"waterway":"drain","name":null}},{"type":"Feature","geometry":{"type":"LineString","coordinates":[[72.93214,19.11514],[72.93215,19.11523]]},"properties":{"waterway":"drain","name":null}},{"type":"Feature","geometry":{"type":"LineString","coordinates":[[72.88985,19.10188],[72.88982,19.10184]]},"properties":{"waterway":"drain","name":null}},{"type":"Feature","geometry":{"type":"LineString","coordinates":[[72.89005,19.10213],[72.88985,19.10188]]},"properties":{"waterway":"drain","name":null}},{"type":"Feature","geometry":{"type":"LineString","coordinates":[[72.8923,19.10702],[72.89222,19.10658],[72.89202,19.10629],[72.89166,19.10607],[72.89144,19.10594]]},"properties":{"waterway":"drain","name":null}},{"type":"Feature","geometry":{"type":"LineString","coordinates":[[72.89119,19.10579],[72.8911,19.10573]]},"properties":{"waterway":"drain","name":null}},{"type":"Feature","geometry":{"type":"LineString","coordinates":[[72.89136,19.10589],[72.89119,19.10579]]},"properties":{"waterway":"drain","name":null}},{"type":"Feature","geometry":{"type":"LineString","coordinates":[[72.89144,19.10594],[72.89136,19.10589]]},"properties":{"waterway":"drain","name":null}},{"type":"Feature","geometry":{"type":"LineString","coordinates":[[72.8643,19.20702],[72.86418,19.20735],[72.86427,19.20764],[72.86379,19.2077],[72.86314,19.2076],[72.86247,19.20751],[72.86211,19.2073],[72.86153,19.2071],[72.86124,19.20717],[72.86079,19.20741],[72.86044,19.20762],[72.85996,19.20777],[72.85974,19.20777],[72.85944,19.20774],[72.85916,19.20785],[72.85884,19.20809],[72.8587,19.20833],[72.85864,19.20858],[72.85879,19.20873],[72.85894,19.20887],[72.85913,19.20896],[72.85918,19.20914]]},"properties":{"waterway":"drain","name":"Boisar Drain"}},{"type":"Feature","geometry":{"type":"LineString","coordinates":[[72.8481,19.20893],[72.84739,19.20889],[72.84681,19.20876],[72.84651,19.20872],[72.84627,19.2087],[72.84587,19.20878],[72.84572,19.20887],[72.84574,19.20901],[72.84586,19.20922],[72.84602,19.2093],[72.84601,19.20952],[72.84615,19.20985],[72.84611,19.21013],[72.84582,19.21038]]},"properties":{"waterway":"drain","name":null}},{"type":"Feature","geometry":{"type":"LineString","coordinates":[[72.8586,19.26052],[72.85875,19.2608],[72.8589,19.26125],[72.85897,19.26155],[72.85899,19.26169],[72.85893,19.26192],[72.85874,19.26224],[72.85887,19.26244],[72.85897,19.26293],[72.85901,19.26316],[72.85913,19.2634],[72.85932,19.26349],[72.85967,19.26361],[72.85981,19.26363],[72.85996,19.26381],[72.86009,19.26403],[72.86012,19.26409],[72.86035,19.26425],[72.86032,19.26446],[72.86033,19.26467],[72.86047,19.26489],[72.86066,19.26512],[72.86087,19.26545],[72.86111,19.26595],[72.86133,19.26626],[72.86154,19.26651],[72.86129,19.26679],[72.86106,19.26709],[72.86075,19.2676],[72.86048,19.26797],[72.86019,19.26828],[72.85996,19.26849],[72.85971,19.26849],[72.85942,19.2684],[72.85918,19.26825],[72.8589,19.26821],[72.85875,19.26835],[72.85855,19.2686],[72.85851,19.26879],[72.85848,19.26898],[72.85832,19.26911],[72.85802,19.26934],[72.85784,19.26964],[72.85778,19.2699],[72.85775,19.27024],[72.85795,19.27057],[72.85812,19.2707],[72.85834,19.27086],[72.85886,19.27108],[72.85909,19.27128],[72.85917,19.27148],[72.85931,19.27176],[72.85929,19.27202],[72.85918,19.27227],[72.85891,19.27251],[72.85857,19.27272],[72.85802,19.273],[72.85767,19.2732],[72.85734,19.27341],[72.85704,19.2735],[72.85699,19.27348]]},"properties":{"waterway":"stream","name":null}},{"type":"Feature","geometry":{"type":"LineString","coordinates":[[72.86035,19.26425],[72.86057,19.26426],[72.86075,19.26417],[72.86089,19.26407],[72.86116,19.26378],[72.86124,19.26356],[72.86137,19.26332],[72.86163,19.26324],[72.86181,19.26309],[72.86199,19.26285],[72.86217,19.26279],[72.86241,19.26281],[72.86278,19.26302],[72.86301,19.26323],[72.86325,19.2635],[72.86364,19.26369],[72.8639,19.26367],[72.86411,19.26355],[72.86433,19.26352],[72.86453,19.26357],[72.86462,19.26378],[72.86467,19.2641],[72.86477,19.26426],[72.86487,19.26444],[72.86509,19.26454],[72.86525,19.26457],[72.86556,19.26455],[72.86579,19.26446],[72.866,19.26449],[72.86619,19.26455],[72.86633,19.2646],[72.86672,19.26482],[72.86682,19.26508],[72.86682,19.26545],[72.86682,19.2657],[72.86668,19.26587],[72.86652,19.26598],[72.86637,19.2663],[72.86617,19.26659],[72.86604,19.26678],[72.86584,19.26682],[72.86568,19.26677],[72.86561,19.26654],[72.86549,19.26628],[72.86542,19.26604],[72.86532,19.26588],[72.86513,19.26583],[72.86499,19.26585],[72.86475,19.26589],[72.86453,19.26597],[72.86444,19.26606],[72.86443,19.26627],[72.86454,19.26642],[72.86465,19.26661],[72.86458,19.26679],[72.86444,19.26692],[72.86427,19.26699],[72.86408,19.26698],[72.86383,19.2669],[72.86357,19.26699],[72.86336,19.26711],[72.86325,19.26737],[72.86322,19.26753],[72.86318,19.26774],[72.86314,19.26788],[72.86298,19.26801],[72.86285,19.26804],[72.8627,19.26802],[72.86263,19.26795],[72.86256,19.26783],[72.86256,19.26769],[72.86257,19.26748],[72.86257,19.26731],[72.86251,19.26714],[72.86244,19.267],[72.86237,19.26686],[72.86217,19.26666],[72.86205,19.26656],[72.86189,19.26649],[72.86173,19.26647],[72.86154,19.26651]]},"properties":{"waterway":"stream","name":null}},{"type":"Feature","geometry":{"type":"LineString","coordinates":[[72.79567,19.31382],[72.80173,19.30819],[72.80262,19.30765],[72.80508,19.30672],[72.80628,19.30665],[72.80749,19.3064],[72.8083,19.30551],[72.80899,19.30463],[72.8092,19.30398],[72.80913,19.3028],[72.80899,19.3011],[72.80874,19.29913],[72.80894,19.29874],[72.8092,19.29844],[72.80954,19.29802],[72.8096,19.29763],[72.80945,19.29669],[72.80921,19.29645],[72.80874,19.29645],[72.80801,19.29611],[72.80721,19.29544],[72.80696,19.29507],[72.80679,19.29451],[72.81043,19.2919],[72.8108,19.29149],[72.81102,19.29105],[72.8115,19.29047],[72.81151,19.29026],[72.81206,19.2897],[72.81262,19.28937],[72.8135,19.28883],[72.81443,19.28799],[72.81494,19.28764],[72.81556,19.2872],[72.81582,19.28687],[72.81584,19.28656],[72.81574,19.28584],[72.81549,19.28505],[72.81537,19.28467],[72.81556,19.28426],[72.81602,19.28407],[72.81621,19.28383],[72.81618,19.28332],[72.81615,19.28285],[72.81638,19.28245],[72.81651,19.2822],[72.81638,19.28206],[72.81623,19.28204],[72.81616,19.28188],[72.8162,19.28164],[72.81638,19.28148],[72.81646,19.28117],[72.81627,19.28099],[72.81612,19.28073],[72.81608,19.28056],[72.8161,19.28032],[72.8162,19.28008],[72.81627,19.27977],[72.81625,19.27953],[72.81623,19.27925],[72.81625,19.27888],[72.81631,19.27862],[72.81648,19.27838],[72.81666,19.27823],[72.81702,19.27781],[72.81734,19.27761],[72.81779,19.27749],[72.81822,19.27732],[72.81889,19.27702],[72.82028,19.27629],[72.82163,19.27552],[72.82202,19.27536],[72.82219,19.27522]]},"properties":{"waterway":"stream","name":null}},{"type":"Feature","geometry":{"type":"LineString","coordinates":[[72.8217,19.27907],[72.82183,19.27892],[72.82221,19.27874],[72.82241,19.27862],[72.82247,19.2784],[72.82247,19.27805],[72.82232,19.27724],[72.82228,19.27672],[72.82213,19.27617],[72.82208,19.27587],[72.82208,19.27562],[72.82219,19.27522],[72.82228,19.27501],[72.82258,19.27463],[72.82284,19.27424],[72.82299,19.27388],[72.82311,19.27354],[72.8232,19.27329],[72.82324,19.27307],[72.82335,19.27291],[72.82359,19.27266],[72.82365,19.27246],[72.82382,19.27208],[72.82397,19.27181],[72.8241,19.27145],[72.8241,19.27119],[72.82417,19.27092],[72.82438,19.2708],[72.82464,19.27062],[72.82487,19.27052],[72.82505,19.27032],[72.82532,19.27015],[72.82565,19.27015],[72.8259,19.27038],[72.82603,19.27058],[72.82623,19.27072],[72.82642,19.27062],[72.82668,19.27046],[72.82687,19.27025],[72.82706,19.27013],[72.82732,19.27017],[72.82756,19.27025],[72.82775,19.27019],[72.82807,19.27009],[72.82833,19.26999],[72.82865,19.27003],[72.82891,19.27001],[72.82934,19.26985],[72.82966,19.26983],[72.83007,19.26979],[72.83052,19.26977],[72.83082,19.26977],[72.83127,19.26971],[72.8315,19.26955],[72.83174,19.26934],[72.83189,19.26918],[72.83213,19.26896],[72.83243,19.26861],[72.83264,19.26841],[72.83296,19.26825],[72.83331,19.26817],[72.83382,19.26815],[72.83425,19.26817],[72.83468,19.26837],[72.83509,19.26863],[72.83517,19.26888],[72.83524,19.2692],[72.83522,19.26953],[72.83522,19.26987],[72.83541,19.27019],[72.83588,19.27046],[72.83644,19.27072],[72.83674,19.2709],[72.83708,19.27102],[72.83749,19.27123],[72.83781,19.27123],[72.8382,19.27119],[72.83854,19.27109]]},"properties":{"waterway":"stream","name":null}},{"type":"Feature","geometry":{"type":"LineString","coordinates":[[72.83423,19.27558],[72.83414,19.27532],[72.83408,19.27503],[72.83397,19.27481],[72.83391,19.27463],[72.83376,19.27437],[72.83359,19.27441],[72.83337,19.27445],[72.83303,19.27451],[72.8329,19.27441],[72.83292,19.27426],[72.8329,19.27406],[72.83264,19.27404],[72.83234,19.27396],[72.83234,19.2738],[72.83234,19.27362],[72.83208,19.27352],[72.83193,19.27343],[72.83193,19.27323],[72.83195,19.27291],[72.83204,19.27271],[72.83228,19.2725],[72.83253,19.2724],[72.83281,19.27216],[72.83303,19.27216],[72.83326,19.27204],[72.83371,19.27187],[72.83384,19.27173],[72.83404,19.27157],[72.83432,19.27157],[72.83447,19.27155],[72.83462,19.27147],[72.8347,19.27123],[72.83468,19.271],[72.83485,19.27084],[72.83507,19.27066],[72.83519,19.27048],[72.83513,19.27034],[72.83487,19.27032],[72.83462,19.27032],[72.83438,19.27021],[72.83438,19.27001],[72.83453,19.26989],[72.83479,19.26987],[72.835,19.26989],[72.83522,19.26987]]},"properties":{"waterway":"stream","name":null}},{"type":"Feature","geometry":{"type":"LineString","coordinates":[[72.88548,19.19004],[72.88544,19.18961],[72.88534,19.18951],[72.88462,19.18954],[72.88427,19.1898],[72.8837,19.18982],[72.88281,19.18969],[72.88143,19.18972],[72.8809,19.18971],[72.88063,19.18937],[72.88009,19.18904],[72.87973,19.18894],[72.87912,19.18893],[72.87863,19.18933],[72.8782,19.18938],[72.87755,19.18958],[72.87702,19.1897],[72.8764,19.18997],[72.87587,19.19015],[72.87519,19.19044],[72.87473,19.19055],[72.87384,19.19066],[72.87322,19.19082],[72.87307,19.19088],[72.87288,19.19119],[72.8727,19.19131],[72.87243,19.19149],[72.872,19.19172],[72.87157,19.19221],[72.87103,19.19251],[72.87039,19.19277],[72.86967,19.19306],[72.86907,19.19317],[72.86811,19.19338],[72.86792,19.19354],[72.86779,19.1938],[72.86765,19.19403],[72.86758,19.19456],[72.86725,19.1946],[72.86687,19.1947],[72.8668,19.19495],[72.86669,19.19568],[72.86621,19.19701],[72.86618,19.19708],[72.86606,19.19756],[72.86583,19.19794],[72.86547,19.19819],[72.86553,19.19856],[72.86577,19.19873],[72.86603,19.19913],[72.86626,19.19942],[72.86649,19.19985],[72.86651,19.20042]]},"properties":{"waterway":"drain","name":"Boisar Drain"}},{"type":"Feature","geometry":{"type":"LineString","coordinates":[[72.84623,19.20722],[72.84645,19.20828],[72.84651,19.20872]]},"properties":{"waterway":"drain","name":null}},{"type":"Feature","geometry":{"type":"LineString","coordinates":[[72.8578,19.23786],[72.85734,19.2381],[72.85658,19.2388],[72.85612,19.23953],[72.85606,19.23995],[72.85607,19.2404],[72.85619,19.24119],[72.8563,19.24207],[72.85693,19.24431],[72.85744,19.24741],[72.85697,19.24873],[72.85677,19.24955],[72.85606,19.25169],[72.85608,19.25232],[72.85641,19.25383],[72.85644,19.25451],[72.85608,19.25756],[72.85592,19.25828],[72.85563,19.25897],[72.85485,19.26061],[72.85444,19.26226],[72.85409,19.26323],[72.85383,19.26431],[72.85393,19.26512]]},"properties":{"waterway":"river","name":"Dahisar River"}},{"type":"Feature","geometry":{"type":"LineString","coordinates":[[72.84657,19.19029],[72.8461,19.1902],[72.84593,19.19002],[72.84546,19.19],[72.84491,19.18974],[72.8445,19.18957],[72.84434,19.18955],[72.84398,19.18958],[72.84367,19.18945],[72.84334,19.18929],[72.84324,19.1892],[72.8431,19.18911],[72.84261,19.18903],[72.84244,19.18902],[72.84187,19.18888],[72.8412,19.18892],[72.84093,19.18931],[72.84084,19.18934],[72.84048,19.18944],[72.83983,19.18951],[72.83947,19.18931],[72.83932,19.18882]]},"properties":{"waterway":"drain","name":null}},{"type":"Feature","geometry":{"type":"LineString","coordinates":[[72.85855,19.18933],[72.85803,19.18943],[72.85778,19.18965],[72.85746,19.18985],[72.85726,19.18997],[72.85723,19.19],[72.85702,19.19019],[72.8569,19.19031],[72.85678,19.19043],[72.85661,19.19069],[72.8564,19.1908],[72.85616,19.19095],[72.85586,19.19088],[72.85541,19.19084],[72.8553,19.19093],[72.855,19.19117],[72.85466,19.19121],[72.85411,19.19122],[72.85389,19.19107],[72.85351,19.19113],[72.85306,19.19111],[72.85225,19.1911],[72.85185,19.19093],[72.85138,19.19065],[72.85116,19.19054],[72.85057,19.1904],[72.84976,19.19036],[72.84967,19.19008]]},"properties":{"waterway":"drain","name":null}},{"type":"Feature","geometry":{"type":"LineString","coordinates":[[72.82882,19.22019],[72.82905,19.22019],[72.82909,19.22019],[72.82912,19.22018],[72.82914,19.22013],[72.82913,19.21978],[72.82911,19.21947]]},"properties":{"waterway":"drain","name":null}},{"type":"Feature","geometry":{"type":"LineString","coordinates":[[72.8417,19.22561],[72.84135,19.22557],[72.84105,19.22557],[72.841,19.22557],[72.84074,19.2259],[72.84058,19.22596],[72.84021,19.22605],[72.83977,19.22603],[72.83956,19.22581],[72.83932,19.22575],[72.8377,19.22582],[72.83725,19.22594],[72.83656,19.22622],[72.83632,19.22616],[72.83617,19.22585],[72.83593,19.22549],[72.8357,19.22508],[72.8353,19.22434],[72.83509,19.22407],[72.83493,19.22379],[72.83482,19.22356],[72.83466,19.22337],[72.83444,19.22334],[72.83422,19.22335]]},"properties":{"waterway":"drain","name":null}},{"type":"Feature","geometry":{"type":"LineString","coordinates":[[72.84101,19.21586],[72.84087,19.21577],[72.84061,19.21573],[72.84051,19.21587],[72.84042,19.21756],[72.84032,19.21761],[72.83992,19.21768],[72.83922,19.21749],[72.83897,19.21744],[72.83759,19.21741],[72.8373,19.21747],[72.83709,19.21763],[72.83678,19.218],[72.83658,19.21835],[72.83646,19.21849],[72.83583,19.21884],[72.83578,19.2189],[72.83577,19.21896],[72.83578,19.21946],[72.83571,19.21953],[72.83561,19.21958],[72.8348,19.2196],[72.83481,19.21993],[72.83473,19.22053],[72.8348,19.22238],[72.83444,19.22312],[72.83422,19.22335],[72.83376,19.22371],[72.83344,19.22378],[72.83276,19.22373],[72.83226,19.22364],[72.83144,19.22365],[72.83107,19.22365],[72.83078,19.22361],[72.83003,19.22318],[72.82978,19.22296],[72.8295,19.22285],[72.82921,19.22283],[72.82817,19.22335],[72.82699,19.22444],[72.82644,19.22483],[72.82571,19.225],[72.82434,19.22541],[72.82297,19.22552],[72.82203,19.22548],[72.82091,19.22478],[72.82021,19.22398],[72.81981,19.22316],[72.81925,19.22239],[72.81839,19.22192],[72.81702,19.22187],[72.81632,19.22238],[72.81558,19.22346],[72.81432,19.22461]]},"properties":{"waterway":"drain","name":null}},{"type":"Feature","geometry":{"type":"LineString","coordinates":[[72.86089,19.21418],[72.8607,19.21414],[72.85989,19.21365],[72.85924,19.21351],[72.85827,19.21328],[72.85786,19.21328],[72.85756,19.21341],[72.85731,19.21341],[72.85698,19.21325],[72.8566,19.21322],[72.85632,19.21332],[72.85614,19.21334],[72.85571,19.21313],[72.85568,19.21308]]},"properties":{"waterway":"drain","name":null}},{"type":"Feature","geometry":{"type":"LineString","coordinates":[[72.8586,19.20985],[72.85849,19.20997],[72.85798,19.21031],[72.85793,19.21051],[72.858,19.21059],[72.85837,19.21073],[72.85842,19.2109],[72.85829,19.21104],[72.85777,19.21114],[72.85737,19.21136],[72.85702,19.21128],[72.85687,19.21103],[72.85673,19.21108],[72.85613,19.2113],[72.85617,19.21145],[72.8563,19.2119],[72.85619,19.21245],[72.85574,19.21257],[72.85546,19.21253],[72.85538,19.21276],[72.855,19.21291],[72.85396,19.21298]]},"properties":{"waterway":"drain","name":null}},{"type":"Feature","geometry":{"type":"LineString","coordinates":[[72.86213,19.21545],[72.86041,19.21526],[72.85766,19.21499],[72.85555,19.2148],[72.85546,19.21449],[72.85544,19.21399],[72.8553,19.21366],[72.85512,19.21349],[72.85512,19.21312],[72.855,19.21291]]},"properties":{"waterway":"drain","name":null}},{"type":"Feature","geometry":{"type":"LineString","coordinates":[[72.83575,19.20326],[72.83586,19.20311],[72.83582,19.20297],[72.83578,19.20285],[72.83571,19.20271],[72.83556,19.20247],[72.83551,19.20235],[72.83547,19.20219],[72.8355,19.20209],[72.83554,19.202],[72.83564,19.20176],[72.83562,19.20158]]},"properties":{"waterway":"drain","name":null}},{"type":"Feature","geometry":{"type":"LineString","coordinates":[[72.84826,19.27175],[72.84823,19.2719],[72.84823,19.27204],[72.84824,19.2722],[72.84823,19.27238],[72.84824,19.27254],[72.84825,19.27267],[72.8483,19.27286],[72.84832,19.27299],[72.84838,19.27314],[72.84846,19.27333],[72.84857,19.27352],[72.84875,19.27374],[72.84893,19.27387],[72.84911,19.27393],[72.84929,19.27402],[72.84948,19.27408],[72.84965,19.27419],[72.84981,19.27426],[72.85002,19.27432],[72.8503,19.27432],[72.85062,19.2743],[72.85083,19.27429],[72.85106,19.27429],[72.85128,19.27432],[72.85144,19.27442],[72.85163,19.27458],[72.85178,19.27477],[72.85194,19.27499],[72.85205,19.27515],[72.85216,19.27534],[72.85227,19.27556],[72.85236,19.27569],[72.85246,19.2759],[72.85259,19.27609],[72.8527,19.27609],[72.85296,19.27621],[72.8531,19.27633],[72.85316,19.27646],[72.8532,19.27663],[72.85324,19.27681],[72.85326,19.27702],[72.85326,19.27722],[72.85327,19.27738],[72.85327,19.27751],[72.8532,19.27766],[72.85305,19.27783],[72.8529,19.27794],[72.85273,19.27795],[72.85245,19.2779],[72.85215,19.27785],[72.85197,19.27798],[72.85192,19.2781],[72.85186,19.27827],[72.85185,19.2784],[72.85184,19.27853],[72.85183,19.27875],[72.85186,19.27885],[72.85195,19.27892],[72.85209,19.27904],[72.85216,19.27915],[72.85224,19.27928],[72.85224,19.27942],[72.85213,19.27957],[72.85197,19.27968],[72.85187,19.27987],[72.85184,19.27996],[72.85184,19.28005],[72.85185,19.28015],[72.85191,19.28018],[72.8522,19.28017],[72.85231,19.28028],[72.85225,19.28037],[72.85203,19.28041],[72.85169,19.28045],[72.85133,19.28043],[72.85113,19.28043],[72.85067,19.28044],[72.84996,19.28036],[72.84908,19.28052],[72.84864,19.28058],[72.84822,19.28084],[72.84766,19.28112],[72.84729,19.28121],[72.84683,19.28117],[72.84613,19.28103],[72.84614,19.28114],[72.84603,19.28145],[72.84586,19.28162],[72.84584,19.28199],[72.84577,19.28303],[72.84567,19.28347],[72.84548,19.28398],[72.84528,19.28445],[72.84496,19.28582],[72.84506,19.28626],[72.84532,19.28664],[72.84623,19.28732],[72.84675,19.28764],[72.84737,19.28775],[72.84875,19.28758],[72.84919,19.28756],[72.84957,19.28758],[72.84983,19.28759],[72.84999,19.2876],[72.85014,19.28764],[72.85036,19.28775],[72.85055,19.28787],[72.85067,19.28792],[72.85084,19.28794],[72.8511,19.28795],[72.85123,19.28794],[72.85136,19.28793],[72.8515,19.28788],[72.85167,19.2878],[72.85198,19.28766],[72.85213,19.28761],[72.85243,19.28749],[72.85262,19.28746],[72.85287,19.28741],[72.85305,19.28736],[72.85326,19.2873],[72.85335,19.28729],[72.85344,19.28732],[72.8536,19.2874],[72.85388,19.28753],[72.8542,19.28769],[72.8546,19.28782],[72.85467,19.28785],[72.85474,19.28787],[72.85479,19.28793],[72.85481,19.28801],[72.8548,19.28815],[72.85476,19.28843],[72.8547,19.28893],[72.85466,19.28938],[72.85455,19.29029],[72.85448,19.29089],[72.85446,19.29108],[72.85443,19.29167],[72.85433,19.29231],[72.85425,19.29315],[72.85427,19.29339]]},"properties":{"waterway":"drain","name":null}},{"type":"Feature","geometry":{"type":"LineString","coordinates":[[72.86667,19.20144],[72.86659,19.20174],[72.86627,19.20201],[72.86556,19.204],[72.865,19.20452],[72.8649,19.20462],[72.86484,19.20466]]},"properties":{"waterway":"drain","name":"Poisar Drain"}},{"type":"Feature","geometry":{"type":"LineString","coordinates":[[72.85918,19.20914],[72.85911,19.20943],[72.85886,19.20973],[72.85872,19.20987],[72.8586,19.20985],[72.8585,19.20983],[72.85845,19.20962],[72.85832,19.20944],[72.8581,19.2093],[72.85796,19.2091],[72.85783,19.20894],[72.8577,19.20881],[72.85742,19.20867],[72.85702,19.20868],[72.85675,19.2088],[72.85653,19.20892],[72.8565,19.20912],[72.85669,19.20931],[72.857,19.20973],[72.85688,19.20982],[72.85651,19.20996],[72.85624,19.21017],[72.85599,19.21038],[72.85582,19.21067],[72.85573,19.21097],[72.85556,19.21126],[72.85539,19.21137],[72.85529,19.21145],[72.85502,19.21139],[72.8549,19.21134],[72.85474,19.21143],[72.8547,19.21163],[72.85482,19.21183],[72.85486,19.21197],[72.85467,19.21213],[72.85445,19.21227],[72.85416,19.21217],[72.85391,19.21222],[72.85387,19.21238],[72.85395,19.21263],[72.85396,19.21298],[72.85341,19.21301],[72.85321,19.21303],[72.8528,19.21303],[72.85266,19.21319],[72.85241,19.21334],[72.85201,19.21329],[72.85174,19.21303],[72.85148,19.21275],[72.85133,19.21223],[72.85128,19.2121],[72.85124,19.21197],[72.85085,19.21159],[72.85069,19.21146],[72.85029,19.2114],[72.84986,19.21141],[72.8492,19.21128],[72.84895,19.2112],[72.84853,19.21098],[72.84826,19.21084],[72.84809,19.21093],[72.84778,19.21102],[72.84767,19.21138],[72.84738,19.21157],[72.8472,19.21165],[72.84684,19.21171],[72.84655,19.21133],[72.84638,19.21109],[72.84593,19.21047],[72.84582,19.21038],[72.84558,19.2103],[72.84529,19.21023],[72.84494,19.21013],[72.84476,19.20994],[72.84469,19.20986],[72.84424,19.20955],[72.84394,19.20951],[72.84373,19.20947],[72.84319,19.20948],[72.84285,19.20935],[72.84242,19.209],[72.84222,19.20875],[72.84171,19.20833],[72.84107,19.20824],[72.84061,19.20826],[72.84025,19.20814],[72.84008,19.20797],[72.83974,19.20749],[72.83949,19.20733],[72.83925,19.20719],[72.83894,19.20713],[72.83842,19.20702],[72.83814,19.20696],[72.83759,19.20657],[72.83735,19.20636],[72.83703,19.20591],[72.8368,19.20551]]},"properties":{"waterway":"drain","name":"Poisar Drain"}},{"type":"Feature","geometry":{"type":"LineString","coordinates":[[72.85918,19.20914],[72.85918,19.20914]]},"properties":{"waterway":"drain","name":"Boisar Drain"}},{"type":"Feature","geometry":{"type":"LineString","coordinates":[[72.86437,19.20509],[72.86463,19.20543],[72.86466,19.2059],[72.86456,19.20629],[72.86445,19.20682],[72.8643,19.20702]]},"properties":{"waterway":"drain","name":"Boisar Drain"}},{"type":"Feature","geometry":{"type":"LineString","coordinates":[[72.86244,19.18953],[72.8621,19.18958],[72.86182,19.18955],[72.86141,19.18952],[72.86114,19.18942],[72.86101,19.18928],[72.86077,19.18929],[72.86055,19.18918],[72.86029,19.18919],[72.86023,19.18906],[72.86017,19.18893],[72.85999,19.18862],[72.85978,19.18857],[72.85965,19.18863]]},"properties":{"waterway":"drain","name":null}},{"type":"Feature","geometry":{"type":"LineString","coordinates":[[72.86459,19.18977],[72.86457,19.18979],[72.86444,19.18995],[72.86444,19.19022],[72.86453,19.19062],[72.8645,19.1907],[72.86429,19.19074],[72.86415,19.19061],[72.86392,19.1906],[72.86372,19.19041],[72.86336,19.18985],[72.86321,19.18978],[72.86307,19.18956],[72.86278,19.18953],[72.8627,19.18953]]},"properties":{"waterway":"drain","name":null}},{"type":"Feature","geometry":{"type":"LineString","coordinates":[[72.8368,19.20551],[72.83611,19.20496],[72.83591,19.20476],[72.83571,19.20426],[72.83568,19.20381],[72.83594,19.20336],[72.83627,19.2034],[72.83642,19.20327],[72.83676,19.20281],[72.83685,19.20266],[72.837,19.2022],[72.83709,19.20143],[72.83705,19.20116],[72.83691,19.20096],[72.83657,19.20084],[72.83576,19.2008],[72.83547,19.20071],[72.835,19.20062],[72.83476,19.20048],[72.83461,19.20012],[72.83453,19.19977],[72.8344,19.19958],[72.83406,19.19933],[72.83358,19.1994],[72.83274,19.19916],[72.83194,19.19866],[72.83169,19.19839],[72.8316,19.19811],[72.83161,19.19752],[72.83101,19.19668],[72.83045,19.19554],[72.82917,19.19408],[72.82883,19.19339],[72.82873,19.19241],[72.82881,19.19104],[72.82944,19.18959],[72.83004,19.18905],[72.83012,19.18847]]},"properties":{"waterway":"drain","name":"Poisar Drain"}},{"type":"Feature","geometry":{"type":"LineString","coordinates":[[72.85418,19.26637],[72.85426,19.26676],[72.85418,19.26703],[72.85392,19.2673],[72.85345,19.26763],[72.85285,19.26796],[72.85199,19.26807],[72.8515,19.26826],[72.85109,19.26878],[72.85065,19.26957],[72.85029,19.26998],[72.84993,19.27018],[72.84957,19.27018],[72.8493,19.27009],[72.84911,19.26986],[72.84883,19.26945],[72.84845,19.26915],[72.84788,19.26871],[72.84775,19.26867],[72.84743,19.26856]]},"properties":{"waterway":"river","name":"Dahisar River"}},{"type":"Feature","geometry":{"type":"LineString","coordinates":[[72.85393,19.26512],[72.85395,19.26574],[72.85404,19.26605],[72.85418,19.26637]]},"properties":{"waterway":"river","name":"Dahisar River"}},{"type":"Feature","geometry":{"type":"LineString","coordinates":[[72.85393,19.26512],[72.85431,19.26562],[72.85441,19.26602],[72.85418,19.26637]]},"properties":{"waterway":"river","name":"Dahisar River"}},{"type":"Feature","geometry":{"type":"LineString","coordinates":[[72.84492,19.25701],[72.84456,19.25712],[72.84384,19.25692],[72.84322,19.25681],[72.84223,19.2565],[72.84134,19.25627],[72.84097,19.25605],[72.84041,19.25556],[72.8399,19.25511],[72.83953,19.25453],[72.83931,19.2541],[72.83874,19.25356]]},"properties":{"waterway":"river","name":null}},{"type":"Feature","geometry":{"type":"LineString","coordinates":[[72.79428,19.23684],[72.79436,19.23642],[72.79453,19.23619],[72.79461,19.23593],[72.79446,19.23562],[72.7942,19.23531],[72.79413,19.23475],[72.79391,19.23432],[72.794,19.23404],[72.79403,19.23367]]},"properties":{"waterway":"river","name":null}},{"type":"Feature","geometry":{"type":"LineString","coordinates":[[72.79233,19.23419],[72.79246,19.23394],[72.79263,19.23379],[72.79291,19.23381],[72.79311,19.23364],[72.79327,19.23351],[72.79346,19.23359],[72.79364,19.2338],[72.79377,19.2338],[72.79403,19.23367]]},"properties":{"waterway":"river","name":null}},{"type":"Feature","geometry":{"type":"LineString","coordinates":[[72.80906,19.20805],[72.80888,19.20816],[72.80873,19.20836],[72.80871,19.2087],[72.80865,19.20888],[72.80814,19.20952],[72.80824,19.21002],[72.80837,19.21072],[72.80821,19.21106],[72.80805,19.21134]]},"properties":{"waterway":"river","name":null}},{"type":"Feature","geometry":{"type":"LineString","coordinates":[[72.82978,19.25585],[72.82972,19.25519],[72.82979,19.25474],[72.82968,19.2542],[72.82969,19.25374],[72.82983,19.25328],[72.82975,19.25284],[72.8299,19.25244],[72.82982,19.25208],[72.82973,19.25064]]},"properties":{"waterway":"river","name":null}},{"type":"Feature","geometry":{"type":"LineString","coordinates":[[72.78987,19.20433],[72.7901,19.20447],[72.79029,19.20455],[72.79041,19.20451],[72.79049,19.20433],[72.79053,19.20409],[72.79051,19.20381],[72.79067,19.20362],[72.79106,19.20338],[72.79143,19.20314],[72.79166,19.20259]]},"properties":{"waterway":"river","name":null}},{"type":"Feature","geometry":{"type":"LineString","coordinates":[[72.80584,19.24991],[72.8055,19.24941],[72.805,19.24867],[72.80474,19.24781],[72.80465,19.24693],[72.80473,19.24656],[72.8051,19.24547],[72.8054,19.2444],[72.80548,19.2442],[72.80576,19.24372],[72.80599,19.24317],[72.80641,19.24269],[72.80693,19.24231],[72.80746,19.24194],[72.80797,19.24159],[72.80841,19.24124],[72.809,19.24102],[72.80975,19.24087],[72.8104,19.24069]]},"properties":{"waterway":"river","name":null}},{"type":"Feature","geometry":{"type":"LineString","coordinates":[[72.80839,19.25652],[72.80879,19.25622],[72.80898,19.25617],[72.80926,19.25627],[72.80967,19.25654],[72.81004,19.25658],[72.8103,19.25666],[72.81058,19.2567],[72.81064,19.2565],[72.81051,19.25615],[72.81053,19.25587],[72.81065,19.25552],[72.81076,19.25543]]},"properties":{"waterway":"river","name":null}},{"type":"Feature","geometry":{"type":"LineString","coordinates":[[72.81098,19.21189],[72.81091,19.21199],[72.81078,19.21201],[72.81064,19.2121],[72.81056,19.21221],[72.81046,19.21225],[72.81033,19.2122],[72.81011,19.21224],[72.81005,19.21229],[72.81001,19.21238],[72.81005,19.21245],[72.81015,19.21248],[72.81022,19.21257],[72.81014,19.21266],[72.81,19.21269],[72.80992,19.21278]]},"properties":{"waterway":"river","name":null}},{"type":"Feature","geometry":{"type":"LineString","coordinates":[[72.82912,19.26341],[72.82928,19.26324],[72.82941,19.26296],[72.8296,19.26275],[72.82969,19.26262],[72.82955,19.26257],[72.82926,19.26254],[72.82912,19.26232],[72.82887,19.26192],[72.82862,19.26139],[72.82851,19.26108],[72.82853,19.26067],[72.82859,19.2601],[72.82853,19.25971],[72.8282,19.25959],[72.82801,19.25956],[72.82775,19.25951]]},"properties":{"waterway":"river","name":null}},{"type":"Feature","geometry":{"type":"LineString","coordinates":[[72.79988,19.23625],[72.79959,19.23629],[72.7994,19.23613],[72.79934,19.23598],[72.79948,19.23551],[72.79936,19.2351],[72.79914,19.23474],[72.79888,19.2344],[72.79853,19.23414],[72.79837,19.23406],[72.79831,19.23402],[72.79814,19.23395],[72.7978,19.23399],[72.79745,19.23418],[72.79707,19.2342],[72.79671,19.23412],[72.7965,19.23398]]},"properties":{"waterway":"river","name":null}},{"type":"Feature","geometry":{"type":"LineString","coordinates":[[72.78915,19.22481],[72.78932,19.22469]]},"properties":{"waterway":"river","name":null}},{"type":"Feature","geometry":{"type":"LineString","coordinates":[[72.84621,19.26609],[72.84551,19.2661],[72.84472,19.26608],[72.84359,19.26605],[72.84234,19.26617],[72.84173,19.26617],[72.8412,19.26607],[72.84069,19.26586],[72.84019,19.26561],[72.83973,19.26525],[72.83939,19.26495],[72.83908,19.26457],[72.83895,19.26415],[72.83884,19.26394],[72.83855,19.26388],[72.83818,19.26399],[72.83792,19.26395],[72.83759,19.26368],[72.83728,19.26336],[72.8371,19.26317],[72.83689,19.26312],[72.83672,19.26332],[72.83629,19.26406]]},"properties":{"waterway":"river","name":null}},{"type":"Feature","geometry":{"type":"LineString","coordinates":[[72.84021,19.24921],[72.83951,19.24953],[72.83888,19.25001],[72.83711,19.25122]]},"properties":{"waterway":"river","name":null}},{"type":"Feature","geometry":{"type":"LineString","coordinates":[[72.80046,19.22917],[72.80031,19.22901],[72.80021,19.22906],[72.80016,19.22918],[72.8001,19.2295],[72.79998,19.22968],[72.79984,19.22967],[72.79972,19.22952],[72.79946,19.22946],[72.79938,19.22951],[72.79933,19.22962],[72.79923,19.2296],[72.79916,19.22952],[72.79916,19.22939],[72.79921,19.22924],[72.79924,19.2291],[72.79918,19.22893],[72.79909,19.22888],[72.79893,19.22893],[72.79886,19.22903],[72.79877,19.22935],[72.79864,19.22946],[72.79848,19.22947],[72.79837,19.22933],[72.79833,19.22893],[72.7982,19.22855],[72.79781,19.22817],[72.79795,19.22719],[72.79782,19.2268],[72.79757,19.22641],[72.79755,19.22596]]},"properties":{"waterway":"river","name":null}},{"type":"Feature","geometry":{"type":"LineString","coordinates":[[72.79403,19.23367],[72.79413,19.23329],[72.79406,19.23289],[72.79396,19.23241]]},"properties":{"waterway":"river","name":null}},{"type":"Feature","geometry":{"type":"LineString","coordinates":[[72.81589,19.23399],[72.81617,19.23373],[72.81648,19.23336],[72.81674,19.23297],[72.81795,19.23046]]},"properties":{"waterway":"river","name":null}},{"type":"Feature","geometry":{"type":"LineString","coordinates":[[72.83136,19.24665],[72.83129,19.24683],[72.83111,19.24693],[72.83084,19.24711],[72.82936,19.24815]]},"properties":{"waterway":"river","name":null}},{"type":"Feature","geometry":{"type":"LineString","coordinates":[[72.83584,19.24742],[72.8358,19.24766],[72.8356,19.248],[72.83542,19.2484],[72.83491,19.24989]]},"properties":{"waterway":"river","name":null}},{"type":"Feature","geometry":{"type":"LineString","coordinates":[[72.81545,19.23511],[72.81562,19.23473],[72.81583,19.23443],[72.81595,19.23421],[72.81589,19.23399]]},"properties":{"waterway":"river","name":null}},{"type":"Feature","geometry":{"type":"LineString","coordinates":[[72.81493,19.23362],[72.8152,19.23373],[72.8154,19.23388],[72.81563,19.23396],[72.81589,19.23399]]},"properties":{"waterway":"river","name":null}},{"type":"Feature","geometry":{"type":"LineString","coordinates":[[72.81627,19.26995],[72.81696,19.26956],[72.81716,19.26933],[72.81719,19.26895],[72.81714,19.2687],[72.81682,19.26852],[72.81633,19.26849],[72.81617,19.26842],[72.81583,19.26675],[72.81625,19.26604],[72.81619,19.26587],[72.81592,19.26501],[72.81478,19.26422],[72.81287,19.26315],[72.81223,19.26279],[72.81179,19.26239],[72.81171,19.26194],[72.81186,19.26155],[72.8131,19.25948],[72.81319,19.25919],[72.81311,19.2585],[72.81282,19.25801],[72.8121,19.25761]]},"properties":{"waterway":"river","name":null}},{"type":"Feature","geometry":{"type":"LineString","coordinates":[[72.83401,19.26465],[72.8341,19.26431],[72.83402,19.26391],[72.83453,19.26371],[72.83522,19.26336],[72.8357,19.26313]]},"properties":{"waterway":"river","name":null}},{"type":"Feature","geometry":{"type":"LineString","coordinates":[[72.81258,19.24809],[72.81308,19.24809],[72.81374,19.2481],[72.81391,19.24804],[72.8145,19.24775],[72.81517,19.24745]]},"properties":{"waterway":"river","name":null}},{"type":"Feature","geometry":{"type":"LineString","coordinates":[[72.78842,19.22383],[72.78887,19.22391],[72.789,19.22417],[72.78902,19.22455],[72.78902,19.22475],[72.78915,19.22481]]},"properties":{"waterway":"river","name":null}},{"type":"Feature","geometry":{"type":"LineString","coordinates":[[72.84105,19.25322],[72.84088,19.25317],[72.84057,19.25309],[72.8404,19.25317],[72.84019,19.25315],[72.84007,19.25324],[72.83992,19.25327],[72.83872,19.25335]]},"properties":{"waterway":"stream","name":null}},{"type":"Feature","geometry":{"type":"LineString","coordinates":[[72.78815,19.22613],[72.78829,19.22591],[72.78852,19.22583],[72.78867,19.22572],[72.78894,19.22563],[72.78917,19.22554],[72.78918,19.22528],[72.78915,19.22481]]},"properties":{"waterway":"river","name":null}},{"type":"Feature","geometry":{"type":"LineString","coordinates":[[72.82726,19.26179],[72.8273,19.26142],[72.82744,19.26124],[72.82773,19.26114],[72.82786,19.26102],[72.82786,19.26081],[72.82795,19.26034],[72.82814,19.2599],[72.82801,19.25956]]},"properties":{"waterway":"river","name":null}},{"type":"Feature","geometry":{"type":"LineString","coordinates":[[72.8198,19.18887],[72.82056,19.18882],[72.82139,19.18879],[72.82197,19.18883],[72.82227,19.18891],[72.82289,19.18914],[72.82319,19.18912],[72.82378,19.18904],[72.82407,19.18894],[72.82433,19.18865],[72.82463,19.188],[72.82507,19.18776]]},"properties":{"waterway":"stream","name":null}},{"type":"Feature","geometry":{"type":"LineString","coordinates":[[72.82507,19.18776],[72.82516,19.18771],[72.82516,19.18707],[72.82561,19.1866],[72.82646,19.18604],[72.82733,19.18566],[72.8279,19.1856]]},"properties":{"waterway":"river","name":null}},{"type":"Feature","geometry":{"type":"LineString","coordinates":[[72.87991,19.27007],[72.88189,19.27144],[72.88224,19.2717],[72.88229,19.27176],[72.882,19.27209],[72.88192,19.27228],[72.88192,19.27247],[72.88172,19.27278],[72.8817,19.27304],[72.88139,19.27326],[72.88134,19.27354],[72.88127,19.27364],[72.88112,19.27374],[72.88041,19.27425],[72.88036,19.27438],[72.88036,19.27453],[72.88042,19.27545],[72.8804,19.2758],[72.88065,19.27613],[72.88118,19.27659],[72.88141,19.27695],[72.88207,19.27885],[72.88214,19.27922],[72.88209,19.2795],[72.88184,19.28041],[72.88176,19.28092],[72.88169,19.28107],[72.88159,19.28118],[72.88144,19.28132],[72.88078,19.28202],[72.88075,19.2821],[72.88075,19.28217],[72.88076,19.28269],[72.88078,19.283],[72.8807,19.28325],[72.88069,19.28381],[72.88072,19.28391]]},"properties":{"waterway":"drain","name":null}},{"type":"Feature","geometry":{"type":"LineString","coordinates":[[72.87863,19.27482],[72.8789,19.27504],[72.87913,19.27518],[72.88009,19.27559],[72.8804,19.2758]]},"properties":{"waterway":"drain","name":null}},{"type":"Feature","geometry":{"type":"LineString","coordinates":[[72.84826,19.21084],[72.84839,19.21055],[72.84845,19.21034],[72.84843,19.21018],[72.84831,19.20947],[72.84833,19.20902],[72.8481,19.20893]]},"properties":{"waterway":"drain","name":null}},{"type":"Feature","geometry":{"type":"LineString","coordinates":[[72.83671,19.20075],[72.83693,19.2007],[72.83714,19.20061],[72.83734,19.20052],[72.83759,19.20063],[72.83788,19.20065],[72.8381,19.20063],[72.83841,19.20055],[72.83878,19.20049],[72.8392,19.20038],[72.83948,19.20036],[72.8398,19.20034],[72.84063,19.20007],[72.84107,19.19988],[72.84134,19.19969],[72.84154,19.19972],[72.84177,19.19968],[72.84203,19.19972],[72.84228,19.19969],[72.8426,19.19942],[72.84281,19.19924],[72.84303,19.19918],[72.8434,19.19927],[72.84365,19.19932],[72.84391,19.19954],[72.84418,19.1995],[72.84445,19.19953],[72.84466,19.19953],[72.84496,19.19943],[72.84534,19.19931],[72.84556,19.19924],[72.84592,19.19915]]},"properties":{"waterway":"drain","name":null}},{"type":"Feature","geometry":{"type":"LineString","coordinates":[[72.86484,19.20466],[72.86476,19.20475],[72.86444,19.205],[72.86437,19.20509]]},"properties":{"waterway":"drain","name":"Boisar Drain"}},{"type":"Feature","geometry":{"type":"LineString","coordinates":[[72.86654,19.20108],[72.86667,19.20144]]},"properties":{"waterway":"drain","name":"Boisar Drain"}},{"type":"Feature","geometry":{"type":"LineString","coordinates":[[72.83457,19.21692],[72.83466,19.21773],[72.8348,19.2196]]},"properties":{"waterway":"drain","name":null}},{"type":"Feature","geometry":{"type":"LineString","coordinates":[[72.82899,19.21518],[72.82899,19.21527]]},"properties":{"waterway":"drain","name":null}},{"type":"Feature","geometry":{"type":"LineString","coordinates":[[72.82911,19.21934],[72.82911,19.21947]]},"properties":{"waterway":"drain","name":null}},{"type":"Feature","geometry":{"type":"LineString","coordinates":[[72.82906,19.21846],[72.82906,19.21855]]},"properties":{"waterway":"drain","name":null}},{"type":"Feature","geometry":{"type":"LineString","coordinates":[[72.82904,19.21745],[72.82906,19.21846]]},"properties":{"waterway":"drain","name":null}},{"type":"Feature","geometry":{"type":"LineString","coordinates":[[72.82904,19.21736],[72.82904,19.21745]]},"properties":{"waterway":"drain","name":null}},{"type":"Feature","geometry":{"type":"LineString","coordinates":[[72.82901,19.21629],[72.82904,19.21736]]},"properties":{"waterway":"drain","name":null}},{"type":"Feature","geometry":{"type":"LineString","coordinates":[[72.82901,19.21621],[72.82901,19.21629]]},"properties":{"waterway":"drain","name":null}},{"type":"Feature","geometry":{"type":"LineString","coordinates":[[72.82899,19.21539],[72.82901,19.21621]]},"properties":{"waterway":"drain","name":null}},{"type":"Feature","geometry":{"type":"LineString","coordinates":[[72.82906,19.21855],[72.82911,19.21934]]},"properties":{"waterway":"drain","name":null}},{"type":"Feature","geometry":{"type":"LineString","coordinates":[[72.82899,19.21527],[72.82899,19.21539]]},"properties":{"waterway":"drain","name":null}},{"type":"Feature","geometry":{"type":"LineString","coordinates":[[72.83885,19.18842],[72.83851,19.1881],[72.83827,19.18755],[72.83808,19.18737],[72.8377,19.1872],[72.83598,19.18661],[72.83555,19.18651],[72.8352,19.18685],[72.83465,19.18707],[72.83424,19.18697],[72.83402,19.187],[72.8338,19.18708],[72.83361,19.18741],[72.83348,19.18769],[72.83331,19.18765],[72.83283,19.18731],[72.83238,19.18715],[72.8322,19.18717],[72.83204,19.18732],[72.83186,19.188],[72.83159,19.18854],[72.83132,19.18861],[72.83102,19.18853],[72.83012,19.18847]]},"properties":{"waterway":"drain","name":null}},{"type":"Feature","geometry":{"type":"LineString","coordinates":[[72.81287,19.26315],[72.81301,19.26373],[72.81263,19.26451],[72.81207,19.26497],[72.81199,19.26542],[72.8121,19.26599],[72.81253,19.26674],[72.81248,19.26715],[72.81223,19.26767]]},"properties":{"waterway":"stream","name":null}},{"type":"Feature","geometry":{"type":"LineString","coordinates":[[72.84901,19.19017],[72.84802,19.19034],[72.84765,19.19031],[72.84735,19.19039],[72.84706,19.19027]]},"properties":{"waterway":"drain","name":null}},{"type":"Feature","geometry":{"type":"LineString","coordinates":[[72.84967,19.19008],[72.84901,19.19017]]},"properties":{"waterway":"drain","name":null}},{"type":"Feature","geometry":{"type":"LineString","coordinates":[[72.84743,19.26856],[72.84719,19.26829],[72.84638,19.26748],[72.84542,19.26711],[72.84418,19.26723],[72.8425,19.26767],[72.84098,19.26792],[72.84015,19.2677],[72.83942,19.2673],[72.83809,19.26608],[72.83629,19.26406],[72.83607,19.26381],[72.8357,19.26313],[72.83534,19.26248],[72.83502,19.26069],[72.83528,19.25909],[72.83635,19.25778],[72.83753,19.25642],[72.83834,19.25508],[72.83875,19.2537],[72.83874,19.25356],[72.83872,19.25335],[72.83867,19.25279],[72.83711,19.25122],[72.83678,19.25089],[72.83491,19.24989],[72.83446,19.24965],[72.82936,19.24815],[72.82862,19.24793],[72.82639,19.24651],[72.82455,19.24388],[72.82178,19.23711],[72.82026,19.23375],[72.81865,19.23108],[72.81795,19.23046],[72.81446,19.22741],[72.81015,19.22309],[72.80562,19.21562],[72.8,19.20779],[72.79572,19.20126],[72.79535,19.20001],[72.79503,19.19868],[72.79497,19.19711]]},"properties":{"waterway":"river","name":"Manori Creek"}},{"type":"Feature","geometry":{"type":"LineString","coordinates":[[72.88453,19.22307],[72.88456,19.22323],[72.88458,19.22346],[72.8845,19.22355],[72.88441,19.22367],[72.88429,19.22375],[72.88417,19.22389],[72.8841,19.22402],[72.88399,19.22417],[72.88384,19.22432],[72.88351,19.22459],[72.88346,19.22479],[72.88336,19.22487],[72.8829,19.22527],[72.88266,19.22578],[72.88193,19.226],[72.8808,19.22637],[72.88064,19.22663],[72.88045,19.2269],[72.87998,19.22716],[72.8797,19.2272],[72.8796,19.22711],[72.8794,19.22672],[72.87922,19.22618],[72.87887,19.22507],[72.87868,19.2248],[72.87827,19.22445],[72.87772,19.22424],[72.87731,19.22415],[72.8767,19.22385],[72.87613,19.22363],[72.87544,19.22353],[72.87459,19.22352],[72.87403,19.22363],[72.87339,19.22394],[72.87325,19.22424],[72.87346,19.22475],[72.8738,19.225],[72.87448,19.22507],[72.87521,19.22528],[72.87546,19.2256],[72.87529,19.22628],[72.8753,19.22672],[72.87531,19.2271],[72.87484,19.22737],[72.87457,19.22744],[72.87428,19.22742],[72.87397,19.22728],[72.87361,19.2271],[72.87328,19.22693],[72.87308,19.22698],[72.87263,19.22744],[72.87226,19.22773],[72.87035,19.22845],[72.86952,19.22899],[72.86855,19.22993],[72.8676,19.23059],[72.86552,19.23164],[72.86381,19.2331],[72.86212,19.23394],[72.86188,19.23438],[72.86176,19.23484],[72.86184,19.23513],[72.86252,19.23624],[72.86276,19.23675],[72.86273,19.23726],[72.86268,19.23736],[72.86108,19.23864],[72.86045,19.239],[72.86015,19.2391],[72.8595,19.23913],[72.85928,19.23906],[72.85912,19.23872],[72.85893,19.23792],[72.85873,19.23768],[72.85851,19.23759],[72.85812,19.2377],[72.8578,19.23786]]},"properties":{"waterway":"river","name":"Dahisar River"}},{"type":"Feature","geometry":{"type":"LineString","coordinates":[[72.82352,19.25485],[72.82334,19.25509],[72.8227,19.25534],[72.82199,19.25555],[72.82152,19.25561],[72.82103,19.25565],[72.82065,19.25581],[72.82038,19.25606],[72.81994,19.25649],[72.81939,19.25701],[72.81911,19.25729],[72.81896,19.25752],[72.81882,19.25763],[72.8186,19.25813],[72.81832,19.25882],[72.81825,19.25914],[72.81825,19.25926]]},"properties":{"waterway":"drain","name":null}},{"type":"Feature","geometry":{"type":"LineString","coordinates":[[72.82498,19.25752],[72.82473,19.25787],[72.82432,19.25816],[72.82383,19.2581],[72.82337,19.25802],[72.823,19.2581],[72.82275,19.25819],[72.82244,19.25843],[72.82242,19.25865],[72.82236,19.25882],[72.82215,19.25892],[72.82188,19.25886],[72.8218,19.25878],[72.82166,19.25853],[72.82149,19.25841],[72.82135,19.25843],[72.82109,19.2585],[72.821,19.25866],[72.82088,19.25895],[72.82078,19.25913],[72.8206,19.2592],[72.82039,19.25919],[72.82038,19.25924],[72.82037,19.25933]]},"properties":{"waterway":"drain","name":null}},{"type":"Feature","geometry":{"type":"LineString","coordinates":[[72.85931,19.27176],[72.85958,19.27172],[72.85976,19.27151],[72.85992,19.2714],[72.85996,19.27121],[72.86003,19.27106],[72.8601,19.27098],[72.86034,19.2709],[72.86066,19.27075],[72.86101,19.27063],[72.86125,19.27056],[72.86148,19.27056],[72.86174,19.27052],[72.86195,19.27048],[72.86214,19.27048],[72.86238,19.27055],[72.86268,19.27069],[72.8629,19.2709],[72.86318,19.27098],[72.86354,19.27118],[72.86406,19.2714],[72.86478,19.27159],[72.86509,19.27174],[72.86514,19.2719],[72.86519,19.27217],[72.86519,19.27255],[72.86523,19.27281],[72.86525,19.27285]]},"properties":{"waterway":"stream","name":null}},{"type":"Feature","geometry":{"type":"LineString","coordinates":[[72.86538,19.273],[72.86555,19.27323],[72.86588,19.27348],[72.86616,19.27377],[72.86628,19.27405],[72.86624,19.27423],[72.86608,19.27448],[72.86599,19.2746],[72.86589,19.27495],[72.8659,19.27529],[72.86597,19.27549],[72.86607,19.27567],[72.86614,19.27584],[72.86616,19.27607],[72.86622,19.27626],[72.86634,19.27653]]},"properties":{"waterway":"drain","name":null}},{"type":"Feature","geometry":{"type":"LineString","coordinates":[[72.84743,19.25954],[72.84749,19.25996],[72.84752,19.26019],[72.84767,19.26026],[72.84782,19.26035],[72.84823,19.2604],[72.84832,19.26046],[72.8484,19.26067],[72.84834,19.26096],[72.84829,19.26114],[72.8483,19.26144],[72.84842,19.26217],[72.8485,19.26275],[72.84861,19.26315],[72.84857,19.26351],[72.84856,19.26378],[72.84862,19.26405],[72.84856,19.2642],[72.84821,19.26469],[72.84785,19.26517],[72.84739,19.26555],[72.84691,19.26589],[72.84654,19.26609],[72.84621,19.26609]]},"properties":{"waterway":"drain","name":null}},{"type":"Feature","geometry":{"type":"LineString","coordinates":[[72.80662,19.25331],[72.80594,19.25423],[72.80574,19.25459],[72.80576,19.25515],[72.8061,19.25549],[72.80664,19.2556],[72.80725,19.25578],[72.80756,19.25599],[72.8077,19.25626],[72.80791,19.25656],[72.80814,19.25666],[72.80839,19.25652]]},"properties":{"waterway":"river","name":null}},{"type":"Feature","geometry":{"type":"LineString","coordinates":[[72.81406,19.25256],[72.81359,19.25191],[72.81325,19.25146],[72.81284,19.25114],[72.81246,19.251],[72.8119,19.25101],[72.81093,19.25119],[72.81013,19.25143],[72.80952,19.25199],[72.80924,19.2524],[72.80883,19.25285],[72.80862,19.25321],[72.80822,19.25324],[72.80793,19.25305],[72.80746,19.25288],[72.80709,19.2529],[72.80662,19.25331]]},"properties":{"waterway":"river","name":null}},{"type":"Feature","geometry":{"type":"LineString","coordinates":[[72.80709,19.2529],[72.80688,19.25249],[72.80655,19.25191],[72.80623,19.25157],[72.80591,19.25113],[72.80574,19.25064],[72.80584,19.24991]]},"properties":{"waterway":"river","name":null}},{"type":"Feature","geometry":{"type":"LineString","coordinates":[[72.82037,19.25933],[72.81987,19.25998],[72.81956,19.26059],[72.81953,19.2611],[72.81926,19.26265],[72.81953,19.26311],[72.81994,19.26334],[72.8202,19.26381],[72.82016,19.26465],[72.82006,19.26538],[72.81937,19.26574],[72.81811,19.2658],[72.81705,19.26537],[72.81658,19.26552],[72.81619,19.26587]]},"properties":{"waterway":"river","name":null}},{"type":"Feature","geometry":{"type":"LineString","coordinates":[[72.83854,19.27109],[72.83852,19.27137],[72.83818,19.2716],[72.83788,19.27163],[72.83766,19.27185],[72.83758,19.27216],[72.8376,19.27248],[72.83786,19.27279],[72.83809,19.27313],[72.83822,19.27337],[72.8382,19.27374],[72.83801,19.274],[72.83798,19.27422],[72.8382,19.27435],[72.83848,19.27431],[72.83871,19.27445],[72.83884,19.27471],[72.83889,19.27508],[72.83889,19.27536],[72.83878,19.27574],[72.83863,19.27599],[72.83837,19.27631],[72.83807,19.27668],[72.83788,19.27696],[72.83773,19.27736],[72.83745,19.27777],[72.83723,19.27807],[72.8371,19.27832],[72.837,19.27854],[72.83693,19.2788],[72.83683,19.27907],[72.83672,19.27931],[72.83672,19.27955],[72.83676,19.27979],[72.83704,19.27996],[72.83734,19.28008],[72.83753,19.28024],[72.8376,19.28042],[72.83751,19.2806],[72.83745,19.28083],[72.83749,19.28107],[72.8376,19.28129],[72.83779,19.28156],[72.8382,19.28188],[72.83846,19.28212],[72.83874,19.28251],[72.83897,19.28273],[72.8391,19.28306],[72.83916,19.28334],[72.83925,19.28368],[72.83923,19.28391],[72.83936,19.28431],[72.83949,19.28443],[72.83966,19.28461],[72.83985,19.28486],[72.84011,19.28514],[72.8403,19.2854],[72.84039,19.28571],[72.84047,19.28599],[72.84065,19.28617],[72.84082,19.28634],[72.84095,19.28658],[72.84101,19.2869],[72.84105,19.28709],[72.84112,19.28735],[72.84112,19.28749],[72.84092,19.28747],[72.84077,19.28763],[72.84058,19.28781],[72.84032,19.28802],[72.84009,19.28832],[72.84,19.28858],[72.83994,19.28903],[72.83992,19.28933],[72.83983,19.28988],[72.83957,19.29108],[72.83951,19.29144],[72.8394,19.29168],[72.83921,19.29193],[72.83897,19.29189],[72.83871,19.29191],[72.83856,19.29205],[72.83844,19.29205],[72.83798,19.29217],[72.83764,19.29227],[72.83691,19.29239],[72.83661,19.29239],[72.83638,19.29247],[72.83607,19.29259],[72.83577,19.29262]]},"properties":{"waterway":"stream","name":null}},{"type":"Feature","geometry":{"type":"LineString","coordinates":[[72.85425,19.22117],[72.85412,19.22071],[72.85417,19.22035],[72.85406,19.21999]]},"properties":{"waterway":"drain","name":null}},{"type":"Feature","geometry":{"type":"LineString","coordinates":[[72.84731,19.21591],[72.84724,19.21599]]},"properties":{"waterway":"drain","name":null}},{"type":"Feature","geometry":{"type":"LineString","coordinates":[[72.84796,19.21597],[72.84793,19.21598],[72.84759,19.21598],[72.84737,19.21583],[72.84731,19.21591]]},"properties":{"waterway":"drain","name":null}},{"type":"Feature","geometry":{"type":"LineString","coordinates":[[72.84807,19.21593],[72.84796,19.21597]]},"properties":{"waterway":"drain","name":null}},{"type":"Feature","geometry":{"type":"LineString","coordinates":[[72.84969,19.21726],[72.8497,19.21711],[72.84982,19.21671],[72.8497,19.21645],[72.84951,19.21637],[72.84962,19.21612],[72.84941,19.21572],[72.84904,19.21579],[72.84886,19.21567],[72.8485,19.2157],[72.84827,19.21585],[72.84807,19.21593]]},"properties":{"waterway":"drain","name":null}},{"type":"Feature","geometry":{"type":"LineString","coordinates":[[72.85187,19.21927],[72.85136,19.21923],[72.85092,19.21915],[72.85043,19.21875],[72.85002,19.21851],[72.84982,19.21832],[72.84965,19.21782],[72.84969,19.21726]]},"properties":{"waterway":"drain","name":null}},{"type":"Feature","geometry":{"type":"LineString","coordinates":[[72.85236,19.21943],[72.85187,19.21927]]},"properties":{"waterway":"drain","name":null}},{"type":"Feature","geometry":{"type":"LineString","coordinates":[[72.85289,19.21958],[72.85284,19.21955],[72.85236,19.21943]]},"properties":{"waterway":"drain","name":null}},{"type":"Feature","geometry":{"type":"LineString","coordinates":[[72.85314,19.21971],[72.85289,19.21958]]},"properties":{"waterway":"drain","name":null}},{"type":"Feature","geometry":{"type":"LineString","coordinates":[[72.85393,19.21997],[72.85386,19.21996],[72.85349,19.21993],[72.85335,19.21983],[72.85314,19.21971]]},"properties":{"waterway":"drain","name":null}},{"type":"Feature","geometry":{"type":"LineString","coordinates":[[72.85406,19.21999],[72.85393,19.21997]]},"properties":{"waterway":"drain","name":null}},{"type":"Feature","geometry":{"type":"LineString","coordinates":[[72.85701,19.22191],[72.85676,19.22184],[72.85614,19.22159],[72.85559,19.22123],[72.85556,19.22123]]},"properties":{"waterway":"drain","name":null}},{"type":"Feature","geometry":{"type":"LineString","coordinates":[[72.85539,19.21277],[72.85538,19.21276]]},"properties":{"waterway":"drain","name":null}},{"type":"Feature","geometry":{"type":"LineString","coordinates":[[72.85548,19.2128],[72.85539,19.21277]]},"properties":{"waterway":"drain","name":null}},{"type":"Feature","geometry":{"type":"LineString","coordinates":[[72.85563,19.21299],[72.85553,19.21283],[72.85548,19.2128]]},"properties":{"waterway":"drain","name":null}},{"type":"Feature","geometry":{"type":"LineString","coordinates":[[72.85568,19.21308],[72.85563,19.21299]]},"properties":{"waterway":"drain","name":null}},{"type":"Feature","geometry":{"type":"LineString","coordinates":[[72.85502,19.22124],[72.85497,19.22124],[72.85425,19.22117]]},"properties":{"waterway":"drain","name":null}},{"type":"Feature","geometry":{"type":"LineString","coordinates":[[72.85509,19.22124],[72.85502,19.22124]]},"properties":{"waterway":"drain","name":null}},{"type":"Feature","geometry":{"type":"LineString","coordinates":[[72.85518,19.22124],[72.85509,19.22124]]},"properties":{"waterway":"drain","name":null}},{"type":"Feature","geometry":{"type":"LineString","coordinates":[[72.85526,19.22124],[72.85518,19.22124]]},"properties":{"waterway":"drain","name":null}},{"type":"Feature","geometry":{"type":"LineString","coordinates":[[72.85528,19.22124],[72.85526,19.22124]]},"properties":{"waterway":"drain","name":null}},{"type":"Feature","geometry":{"type":"LineString","coordinates":[[72.85537,19.22124],[72.85528,19.22124]]},"properties":{"waterway":"drain","name":null}},{"type":"Feature","geometry":{"type":"LineString","coordinates":[[72.8554,19.22124],[72.85537,19.22124]]},"properties":{"waterway":"drain","name":null}},{"type":"Feature","geometry":{"type":"LineString","coordinates":[[72.85549,19.22123],[72.8554,19.22124]]},"properties":{"waterway":"drain","name":null}},{"type":"Feature","geometry":{"type":"LineString","coordinates":[[72.85556,19.22123],[72.85549,19.22123]]},"properties":{"waterway":"drain","name":null}},{"type":"Feature","geometry":{"type":"LineString","coordinates":[[72.84724,19.21599],[72.84722,19.216],[72.84676,19.21616],[72.84631,19.21644],[72.84612,19.21628],[72.84563,19.21576],[72.84519,19.21578],[72.84401,19.2162],[72.84366,19.21609],[72.84268,19.21617],[72.84261,19.21616]]},"properties":{"waterway":"drain","name":null}},{"type":"Feature","geometry":{"type":"LineString","coordinates":[[72.84261,19.21616],[72.8425,19.21615]]},"properties":{"waterway":"drain","name":null}},{"type":"Feature","geometry":{"type":"LineString","coordinates":[[72.8425,19.21615],[72.84232,19.21613],[72.84126,19.21598],[72.84111,19.21592]]},"properties":{"waterway":"drain","name":null}},{"type":"Feature","geometry":{"type":"LineString","coordinates":[[72.84111,19.21592],[72.84101,19.21586]]},"properties":{"waterway":"drain","name":null}},{"type":"Feature","geometry":{"type":"LineString","coordinates":[[72.84706,19.19027],[72.84681,19.19028]]},"properties":{"waterway":"drain","name":null}},{"type":"Feature","geometry":{"type":"LineString","coordinates":[[72.84674,19.19028],[72.84657,19.19029]]},"properties":{"waterway":"drain","name":null}},{"type":"Feature","geometry":{"type":"LineString","coordinates":[[72.84681,19.19028],[72.84674,19.19028]]},"properties":{"waterway":"drain","name":null}},{"type":"Feature","geometry":{"type":"LineString","coordinates":[[72.8648,19.18962],[72.86465,19.1897]]},"properties":{"waterway":"drain","name":null}},{"type":"Feature","geometry":{"type":"LineString","coordinates":[[72.86465,19.1897],[72.86459,19.18977]]},"properties":{"waterway":"drain","name":null}},{"type":"Feature","geometry":{"type":"LineString","coordinates":[[72.86602,19.18859],[72.86584,19.18868],[72.86567,19.1889],[72.86561,19.18925],[72.86546,19.18999],[72.86532,19.19007],[72.86509,19.19003],[72.86503,19.18983],[72.86492,19.18961],[72.8648,19.18962]]},"properties":{"waterway":"drain","name":null}},{"type":"Feature","geometry":{"type":"LineString","coordinates":[[72.86609,19.18855],[72.86602,19.18859]]},"properties":{"waterway":"drain","name":null}},{"type":"Feature","geometry":{"type":"LineString","coordinates":[[72.86262,19.18953],[72.86244,19.18953]]},"properties":{"waterway":"drain","name":null}},{"type":"Feature","geometry":{"type":"LineString","coordinates":[[72.8627,19.18953],[72.86262,19.18953]]},"properties":{"waterway":"drain","name":null}},{"type":"Feature","geometry":{"type":"LineString","coordinates":[[72.85955,19.18867],[72.85938,19.18874],[72.85903,19.18903]]},"properties":{"waterway":"drain","name":null}},{"type":"Feature","geometry":{"type":"LineString","coordinates":[[72.85965,19.18863],[72.85955,19.18867]]},"properties":{"waterway":"drain","name":null}},{"type":"Feature","geometry":{"type":"LineString","coordinates":[[72.86651,19.20052],[72.86653,19.20079],[72.86654,19.20108]]},"properties":{"waterway":"drain","name":"Boisar Drain"}},{"type":"Feature","geometry":{"type":"LineString","coordinates":[[72.86651,19.20042],[72.86651,19.20052]]},"properties":{"waterway":"drain","name":"Boisar Drain"}},{"type":"Feature","geometry":{"type":"LineString","coordinates":[[72.85903,19.18903],[72.85873,19.18929],[72.85866,19.1893]]},"properties":{"waterway":"drain","name":null}},{"type":"Feature","geometry":{"type":"LineString","coordinates":[[72.85866,19.1893],[72.85855,19.18933]]},"properties":{"waterway":"drain","name":null}},{"type":"Feature","geometry":{"type":"LineString","coordinates":[[72.8657,19.18667],[72.8657,19.18676],[72.86579,19.18701],[72.86595,19.18762],[72.86608,19.18819],[72.86613,19.18852],[72.86609,19.18855]]},"properties":{"waterway":"drain","name":null}},{"type":"Feature","geometry":{"type":"LineString","coordinates":[[72.8657,19.18656],[72.8657,19.18667]]},"properties":{"waterway":"drain","name":null}},{"type":"Feature","geometry":{"type":"LineString","coordinates":[[72.83561,19.20152],[72.83558,19.20133],[72.83553,19.20115],[72.83541,19.20094]]},"properties":{"waterway":"drain","name":null}},{"type":"Feature","geometry":{"type":"LineString","coordinates":[[72.83562,19.20158],[72.83561,19.20152]]},"properties":{"waterway":"drain","name":null}},{"type":"Feature","geometry":{"type":"LineString","coordinates":[[73.40861,18.77469],[73.40788,18.77444],[73.40728,18.77406],[73.40714,18.7728],[73.4073,18.77215],[73.4059,18.771],[73.40434,18.76994],[73.40471,18.76957],[73.40392,18.76896],[73.40213,18.76885],[73.40081,18.76903],[73.40075,18.76871],[73.40114,18.76773],[73.40045,18.76658],[73.39998,18.76671],[73.3995,18.76648],[73.39916,18.76555],[73.39846,18.76494],[73.39776,18.76468],[73.39702,18.76491],[73.39609,18.76462],[73.39535,18.76363],[73.39492,18.76365],[73.39414,18.76424],[73.39391,18.76382],[73.39362,18.76359],[73.39323,18.76371],[73.39319,18.76435],[73.39307,18.76461],[73.39278,18.7647],[73.39185,18.76468],[73.39092,18.76501],[73.39019,18.76521],[73.38945,18.76524],[73.38875,18.76527],[73.38872,18.76521],[73.38856,18.76492],[73.38844,18.76434],[73.3883,18.76413],[73.38786,18.764],[73.38769,18.76374],[73.38717,18.76355],[73.38658,18.76288],[73.38632,18.76275],[73.38576,18.763],[73.38528,18.76292],[73.38466,18.7628],[73.38414,18.76272],[73.38342,18.76282],[73.383,18.76287],[73.38255,18.76288],[73.38222,18.76276],[73.38097,18.76287],[73.38051,18.76335],[73.37936,18.76408],[73.37906,18.76434],[73.37815,18.76451],[73.37688,18.76392],[73.37586,18.7641],[73.37569,18.76463],[73.37553,18.7652],[73.37514,18.76561],[73.37379,18.76558],[73.3733,18.76604],[73.37265,18.76657],[73.37222,18.7669],[73.37229,18.76748],[73.372,18.76833],[73.37175,18.76907],[73.37143,18.7695],[73.37104,18.77012],[73.37103,18.77068],[73.37103,18.77088],[73.37104,18.77095],[73.37109,18.77129],[73.37105,18.77141],[73.37093,18.77179],[73.37094,18.77299],[73.37103,18.77326],[73.37111,18.77349],[73.371,18.77388],[73.37072,18.77494],[73.37069,18.77575],[73.37072,18.77589],[73.37077,18.7761],[73.37084,18.77637],[73.37103,18.77701],[73.37114,18.77726],[73.37132,18.7775],[73.3714,18.77797],[73.3714,18.778],[73.37144,18.77823],[73.37118,18.77853],[73.37102,18.77861],[73.37074,18.77877],[73.37032,18.77907],[73.37007,18.77931],[73.37,18.77942],[73.37003,18.78044],[73.37037,18.78131],[73.37051,18.78164],[73.3709,18.78261],[73.37093,18.78282],[73.37096,18.78299],[73.37062,18.78339],[73.3706,18.78396],[73.37065,18.78442],[73.37104,18.78467],[73.37119,18.78477],[73.37131,18.78513],[73.3714,18.78536],[73.37168,18.78572],[73.37228,18.78607],[73.37256,18.78612],[73.37277,18.78616],[73.37312,18.78648],[73.37337,18.78671],[73.3734,18.78709],[73.37345,18.78773],[73.37351,18.78784],[73.3738,18.7884],[73.37418,18.78893],[73.37475,18.78884],[73.37517,18.7891],[73.37524,18.78916],[73.37559,18.7895],[73.37599,18.78983],[73.3762,18.7902],[73.3767,18.79055],[73.37697,18.79095],[73.3773,18.79148],[73.37763,18.79187],[73.37804,18.79215],[73.37835,18.79236],[73.37876,18.79271],[73.37877,18.79305],[73.37877,18.79322],[73.37861,18.79351],[73.37844,18.7938],[73.37819,18.79431],[73.37815,18.79439],[73.37822,18.79474],[73.37847,18.79501],[73.37862,18.79517],[73.37871,18.79551],[73.37882,18.79589],[73.37891,18.79664],[73.37894,18.79779],[73.37916,18.79832],[73.3797,18.79857],[73.37997,18.79879],[73.38022,18.799],[73.38064,18.79973],[73.38125,18.80045],[73.38172,18.80105],[73.38171,18.80214],[73.38167,18.8038],[73.38176,18.80466],[73.38166,18.80529],[73.38156,18.80588],[73.38171,18.80717],[73.38165,18.80768],[73.38105,18.80811],[73.38033,18.8083],[73.37956,18.80895],[73.37917,18.80979],[73.37971,18.81085],[73.38001,18.81182],[73.38016,18.81286],[73.38048,18.8136],[73.3804,18.81452],[73.38014,18.81549],[73.37968,18.81564],[73.37897,18.8164],[73.37878,18.81738],[73.3786,18.81815],[73.37843,18.81883],[73.37799,18.8201],[73.37771,18.82152],[73.37751,18.82269],[73.37695,18.82363],[73.37614,18.82527],[73.37553,18.82701],[73.37544,18.82971],[73.37552,18.83097],[73.37589,18.83204],[73.37601,18.8331],[73.37613,18.83464],[73.37618,18.83566],[73.37607,18.83631],[73.37597,18.83713],[73.37484,18.83846],[73.37446,18.83909],[73.37483,18.84008],[73.37499,18.84111],[73.37503,18.8425],[73.37474,18.84402],[73.3747,18.84422],[73.37451,18.84532],[73.37449,18.84679],[73.3753,18.84897],[73.37535,18.84988],[73.37495,18.84979],[73.37464,18.84993],[73.3742,18.85049],[73.37369,18.85162],[73.37395,18.85233],[73.37499,18.85228],[73.37519,18.85292],[73.37511,18.85377],[73.37475,18.85489],[73.3744,18.85566],[73.37308,18.85722],[73.37259,18.85843],[73.37256,18.85938],[73.37273,18.86127],[73.37271,18.86162],[73.37167,18.86323],[73.37089,18.86415],[73.37036,18.86456],[73.36992,18.86471],[73.3691,18.86463],[73.36843,18.86451],[73.36822,18.86466],[73.36788,18.86541],[73.36779,18.86637],[73.36739,18.86738],[73.36704,18.86773],[73.3658,18.86844],[73.36357,18.86976],[73.36295,18.87038],[73.36284,18.87047],[73.36261,18.87098],[73.36269,18.87244],[73.36232,18.87309],[73.36191,18.87355],[73.3605,18.87411],[73.3595,18.87423],[73.3583,18.87389],[73.35794,18.87357],[73.35771,18.87301],[73.35765,18.87234],[73.35752,18.8716],[73.35715,18.87127],[73.35653,18.87094],[73.35598,18.87086],[73.35586,18.87082],[73.35573,18.87078],[73.35561,18.87074],[73.35549,18.87071],[73.3551,18.87061],[73.35495,18.87054],[73.35478,18.87048],[73.35465,18.87045],[73.35363,18.86996],[73.35258,18.86971],[73.35212,18.86987],[73.35186,18.87024],[73.35164,18.87067],[73.35142,18.87075],[73.35122,18.87107],[73.35116,18.87118],[73.3511,18.87141],[73.35101,18.87163],[73.35098,18.87173],[73.35096,18.87186],[73.35065,18.87287],[73.35021,18.87396],[73.34981,18.87443],[73.34957,18.87471],[73.34949,18.87479],[73.34943,18.87489],[73.34935,18.87497],[73.34919,18.87517],[73.34908,18.87531],[73.34901,18.87539],[73.3488,18.87565],[73.34861,18.87579],[73.34848,18.87587],[73.34836,18.87595],[73.34816,18.87609],[73.34807,18.87617],[73.34798,18.87624],[73.34789,18.87632],[73.34781,18.8764],[73.34771,18.87648],[73.34761,18.87656],[73.34753,18.87664],[73.34742,18.87672],[73.34717,18.87696],[73.34708,18.87706],[73.3469,18.87724],[73.34683,18.87733],[73.34671,18.87745],[73.34543,18.87831],[73.3445,18.87879],[73.34381,18.879],[73.34344,18.87923],[73.34311,18.87917],[73.34277,18.87895],[73.34256,18.87833],[73.3423,18.87802],[73.34153,18.87779],[73.34091,18.87773],[73.34046,18.87806],[73.34023,18.87841],[73.33996,18.87896],[73.33993,18.87906],[73.33989,18.87917],[73.33981,18.8794],[73.33976,18.87951],[73.33966,18.87978],[73.33965,18.8799],[73.33916,18.88052],[73.33906,18.88059],[73.33884,18.88071],[73.33873,18.88076],[73.33849,18.88086],[73.33821,18.88099],[73.33798,18.88112],[73.33786,18.88119],[73.33775,18.88126],[73.33767,18.88133],[73.33757,18.8814],[73.33735,18.8816],[73.33697,18.88201],[73.33688,18.88212],[73.33649,18.88267],[73.33589,18.88331],[73.3354,18.88354],[73.33475,18.88368],[73.33464,18.88375],[73.33453,18.8838],[73.33444,18.88387],[73.33422,18.88401],[73.33413,18.88408],[73.33405,18.88416],[73.33399,18.88426],[73.33392,18.88436],[73.33387,18.88448],[73.33382,18.88459],[73.33371,18.88483],[73.33367,18.88494],[73.33362,18.88504],[73.33357,18.88514],[73.3335,18.88524],[73.33332,18.88605],[73.3328,18.88734],[73.33275,18.88745],[73.33268,18.88767],[73.33262,18.88778],[73.33255,18.88787],[73.33246,18.88796],[73.33238,18.88804],[73.33225,18.88808],[73.33214,18.88811],[73.332,18.88813],[73.33185,18.88816],[73.33154,18.88822],[73.3314,18.88825],[73.33129,18.88828],[73.33109,18.88835],[73.33096,18.88843],[73.33086,18.8885],[73.33045,18.88873],[73.33002,18.88886],[73.3299,18.88888],[73.32965,18.88891],[73.32952,18.88891],[73.32938,18.88894],[73.32928,18.88896],[73.32916,18.889],[73.32893,18.8891],[73.32883,18.88917],[73.32874,18.88924],[73.32867,18.88934],[73.32857,18.88941],[73.32835,18.88954],[73.32821,18.88961],[73.3281,18.88963],[73.32797,18.88963],[73.32734,18.88953],[73.32722,18.88947],[73.32711,18.8894],[73.32669,18.88896],[73.32662,18.88887],[73.32654,18.88878],[73.32639,18.88855],[73.32629,18.88849],[73.3262,18.88842],[73.3261,18.88836],[73.32599,18.88831],[73.32587,18.88828],[73.32573,18.88827],[73.32545,18.88827],[73.32484,18.88836],[73.32467,18.88838],[73.3236,18.88886],[73.32352,18.88893],[73.32342,18.88899],[73.32329,18.88908],[73.32318,18.88913],[73.32241,18.89013],[73.32235,18.89024],[73.32229,18.89035],[73.32225,18.89046],[73.32219,18.89069],[73.32216,18.89082],[73.32215,18.89096],[73.32215,18.89122],[73.32245,18.89212],[73.32289,18.89362],[73.32293,18.89495],[73.32201,18.89729],[73.32148,18.89828],[73.32144,18.89839],[73.32141,18.8985],[73.32141,18.89865],[73.32139,18.8989],[73.32134,18.89921],[73.32133,18.89934],[73.32126,18.89981],[73.32123,18.89992],[73.32121,18.90003],[73.32119,18.90015],[73.32118,18.90028],[73.32117,18.9004],[73.32114,18.90052],[73.32112,18.90064],[73.32112,18.90114],[73.32116,18.90217],[73.32119,18.90243],[73.32123,18.90269],[73.32125,18.90283],[73.32126,18.90295],[73.32129,18.90306],[73.32131,18.90319],[73.32134,18.9033],[73.32136,18.90342],[73.3214,18.90366],[73.32142,18.9038],[73.32146,18.90394],[73.32151,18.90418],[73.32153,18.9043],[73.32157,18.90454],[73.3216,18.90466],[73.32161,18.90478],[73.32162,18.90494],[73.32162,18.90509],[73.32164,18.90523],[73.32166,18.90537],[73.32231,18.90691],[73.32246,18.90724],[73.32252,18.90737],[73.32257,18.90748],[73.32271,18.90771],[73.32281,18.90778],[73.32289,18.90786],[73.32315,18.90798],[73.32328,18.90805],[73.32342,18.90809],[73.32355,18.90813],[73.32399,18.90828],[73.32427,18.90836],[73.3244,18.90839],[73.32453,18.90841],[73.32484,18.90841],[73.32496,18.9084],[73.3254,18.90831],[73.32553,18.90826],[73.32579,18.9082],[73.32605,18.90812],[73.32617,18.90806],[73.32657,18.90791],[73.32705,18.90764],[73.32718,18.90759],[73.32731,18.90752],[73.32743,18.90748],[73.32755,18.90744],[73.32768,18.9074],[73.32782,18.90736],[73.32797,18.90736],[73.32837,18.90744],[73.32864,18.90751],[73.32887,18.90764],[73.32898,18.90771],[73.32907,18.9078],[73.32929,18.90795],[73.32938,18.90805],[73.32947,18.90813],[73.32955,18.90824],[73.32963,18.90834],[73.32972,18.90845],[73.32986,18.90869],[73.32991,18.9088],[73.32994,18.90893],[73.32997,18.90905],[73.32997,18.90931],[73.32996,18.90943],[73.32992,18.90954],[73.32988,18.90966],[73.32982,18.90975],[73.32968,18.90995],[73.32959,18.91005],[73.3292,18.91084],[73.32915,18.91095],[73.32909,18.91105],[73.329,18.91129],[73.32896,18.91142],[73.32872,18.91203],[73.32872,18.9122],[73.32863,18.91269],[73.32863,18.91306],[73.32865,18.91318],[73.3287,18.9133],[73.32875,18.91342],[73.32888,18.91363],[73.32896,18.91374],[73.32907,18.91383],[73.32917,18.91391],[73.32929,18.91399],[73.32938,18.91407],[73.32949,18.91414],[73.32962,18.91419],[73.33003,18.91422],[73.33017,18.91424],[73.33033,18.91427],[73.33049,18.91429],[73.33064,18.91433],[73.33078,18.91437],[73.33105,18.91445],[73.3315,18.91464],[73.33162,18.9147],[73.33173,18.91475],[73.33182,18.91481],[73.33196,18.9149],[73.33207,18.91496],[73.33217,18.91505],[73.33227,18.91513],[73.33236,18.91521],[73.33243,18.9153],[73.33253,18.91551],[73.33257,18.91562],[73.33261,18.91575],[73.33265,18.91587],[73.33269,18.91599],[73.33273,18.9161],[73.33276,18.91621],[73.3328,18.91633],[73.33285,18.91659],[73.33288,18.91671],[73.33294,18.91686],[73.33298,18.9171],[73.33304,18.91837],[73.33305,18.9185],[73.33305,18.91902],[73.33285,18.91999],[73.33273,18.92036],[73.33267,18.92047],[73.33259,18.92055],[73.33253,18.92064],[73.33245,18.92074],[73.33233,18.92094],[73.33218,18.92114],[73.33212,18.92124],[73.33207,18.92134],[73.33194,18.92157],[73.33179,18.92182],[73.33173,18.92198],[73.33136,18.92332],[73.33128,18.92419],[73.3313,18.92432],[73.33133,18.92444],[73.33136,18.92459],[73.33139,18.92472],[73.33142,18.92483],[73.33143,18.92495],[73.33184,18.92575],[73.33188,18.92586],[73.3321,18.92621],[73.33218,18.92631],[73.33236,18.92648],[73.33246,18.92658],[73.33258,18.92666],[73.33269,18.92673],[73.33303,18.92697],[73.33356,18.92734],[73.33373,18.92745],[73.33385,18.92753],[73.33397,18.9276],[73.33413,18.9277],[73.33527,18.92803],[73.33539,18.92806],[73.33553,18.92807],[73.33568,18.92808],[73.33582,18.92811],[73.3361,18.92817],[73.33624,18.9282],[73.33639,18.92826],[73.33653,18.92831],[73.33683,18.92844],[73.33708,18.92859],[73.33729,18.92876],[73.33738,18.92885],[73.33754,18.92905],[73.33761,18.92914],[73.33768,18.92925],[73.33774,18.92937],[73.3378,18.92948],[73.33787,18.92971],[73.33788,18.92982],[73.33809,18.93059],[73.33806,18.93071],[73.33804,18.93082],[73.33803,18.93119],[73.33801,18.93131],[73.33799,18.93143],[73.33795,18.93154],[73.33791,18.93165],[73.33786,18.93175],[73.33781,18.93185],[73.33773,18.93194],[73.33765,18.93202],[73.33756,18.9321],[73.33745,18.93217],[73.33728,18.93233],[73.33709,18.93249],[73.33696,18.93258],[73.33687,18.93265],[73.33653,18.9329],[73.33567,18.9335],[73.33557,18.93358],[73.33541,18.93372],[73.33526,18.93385],[73.33517,18.93393],[73.33507,18.93401],[73.33497,18.9341],[73.33488,18.9342],[73.33477,18.93443],[73.33473,18.93455],[73.33467,18.93468],[73.33462,18.93484],[73.33458,18.93495],[73.33453,18.9351],[73.33452,18.93523],[73.33419,18.9366],[73.33424,18.93799],[73.33439,18.93874],[73.33447,18.93901],[73.33449,18.93914],[73.33451,18.93927],[73.33456,18.93953],[73.33459,18.93965],[73.33471,18.93989],[73.33476,18.94002],[73.33485,18.94017],[73.3349,18.94032],[73.33556,18.94102],[73.33565,18.9411],[73.33575,18.94119],[73.33584,18.94126],[73.33627,18.94154],[73.33637,18.94163],[73.33647,18.9417],[73.33657,18.94177],[73.33669,18.94184],[73.3368,18.94193],[73.33691,18.94201],[73.33712,18.94214],[73.33722,18.94222],[73.3373,18.94232],[73.33739,18.94241],[73.33745,18.9425],[73.33751,18.94261],[73.33755,18.94272],[73.33759,18.94284],[73.33765,18.9431],[73.33768,18.94325],[73.33771,18.94336],[73.33773,18.94348],[73.33775,18.94361],[73.33777,18.94377],[73.33777,18.9439],[73.33795,18.94464],[73.33799,18.94475],[73.33803,18.94486],[73.33811,18.94499],[73.33815,18.94513],[73.33818,18.94525],[73.33821,18.94538],[73.33822,18.94551],[73.33822,18.94564],[73.33818,18.94603],[73.33815,18.94616],[73.3381,18.94627],[73.33801,18.94636],[73.33792,18.94645],[73.33784,18.94653],[73.33776,18.94661],[73.33761,18.94678],[73.33757,18.94689],[73.33757,18.947],[73.33763,18.94725],[73.33766,18.9474],[73.33756,18.94776],[73.3375,18.94787],[73.33745,18.94799],[73.33741,18.94811],[73.33738,18.94822],[73.33727,18.94848],[73.33722,18.94862],[73.33722,18.94876],[73.33725,18.94949],[73.33762,18.95021],[73.33772,18.95029],[73.33784,18.95035],[73.33794,18.95043],[73.33802,18.95051],[73.3381,18.9506],[73.33822,18.95061],[73.33835,18.95063],[73.33848,18.95067],[73.33858,18.95074],[73.33868,18.95083],[73.33876,18.95091],[73.33892,18.95104],[73.33914,18.95119],[73.33946,18.9514],[73.33958,18.95147],[73.33967,18.95155],[73.33978,18.95162],[73.33991,18.95168],[73.34003,18.95174],[73.34027,18.95187],[73.34038,18.95193],[73.34048,18.95201],[73.3406,18.95207],[73.34084,18.95217],[73.34097,18.95221],[73.3411,18.95225],[73.34123,18.95228],[73.34135,18.95232],[73.34146,18.95237],[73.34162,18.95241],[73.34186,18.95251],[73.34218,18.95267],[73.34255,18.95294],[73.34292,18.9532],[73.34349,18.95349],[73.34399,18.95365],[73.34465,18.95379],[73.34577,18.954],[73.34651,18.95413],[73.34717,18.95435],[73.34756,18.95454],[73.34812,18.95489],[73.3487,18.95531],[73.34902,18.95566],[73.34951,18.95623],[73.34982,18.95661],[73.34998,18.95696],[73.35003,18.95723],[73.35004,18.95755],[73.35,18.95775],[73.34993,18.95803],[73.34969,18.95835],[73.34747,18.96084],[73.34644,18.96167],[73.34607,18.96193],[73.34561,18.96229],[73.34523,18.96287],[73.34487,18.96369],[73.34465,18.96439],[73.34451,18.96479],[73.34445,18.9653],[73.34445,18.96576],[73.34453,18.96607],[73.34473,18.96653],[73.34496,18.96698],[73.34516,18.96726],[73.34532,18.96742],[73.34546,18.96751],[73.34562,18.96752],[73.34579,18.96746],[73.34634,18.96753],[73.34672,18.96769],[73.34813,18.96809],[73.34879,18.96825],[73.34921,18.96842],[73.34943,18.96863],[73.3495,18.96903],[73.34958,18.96948],[73.3496,18.97009],[73.34962,18.97066],[73.34966,18.97113],[73.34971,18.97202],[73.34972,18.97314],[73.3497,18.97432],[73.34971,18.97507],[73.34974,18.97527],[73.34987,18.97564],[73.35007,18.97633],[73.35022,18.97665],[73.3507,18.97737],[73.35098,18.97776],[73.35189,18.97901],[73.35206,18.97925],[73.35212,18.97938],[73.35214,18.97955],[73.35214,18.97974],[73.35209,18.97997],[73.35153,18.98245],[73.35116,18.9835],[73.35088,18.98395],[73.35056,18.98438],[73.35031,18.98473],[73.35009,18.98491],[73.34993,18.98493],[73.34972,18.98491],[73.3494,18.9848],[73.34903,18.9846],[73.34888,18.98456],[73.34867,18.98465],[73.34839,18.9848],[73.34812,18.98509],[73.34799,18.98526],[73.34785,18.98569],[73.34776,18.98598],[73.34764,18.98632],[73.34753,18.98726],[73.34746,18.98835],[73.34724,18.98963],[73.34716,18.99013],[73.34715,18.99063],[73.3472,18.99088],[73.3473,18.99108],[73.34754,18.99136],[73.34764,18.99154],[73.34776,18.99202],[73.34791,18.99283],[73.348,18.99348],[73.34775,18.99422],[73.34731,18.9951],[73.34697,18.99557],[73.3466,18.99608],[73.34614,18.99654],[73.34549,18.99702],[73.34376,18.99817],[73.34339,18.9985],[73.34289,18.99906],[73.34247,18.99952],[73.3423,18.99999],[73.34223,19.00045],[73.34217,19.00105],[73.34216,19.00161],[73.34229,19.00242],[73.3424,19.00361],[73.34282,19.00512],[73.34348,19.0081],[73.34227,19.012],[73.34184,19.01565],[73.34106,19.01704],[73.33979,19.01926],[73.33946,19.01976],[73.3388,19.02081],[73.33876,19.02175],[73.33852,19.02479],[73.33852,19.02532],[73.33869,19.02733],[73.3394,19.03008],[73.33972,19.03124],[73.33972,19.03321],[73.33889,19.03465],[73.33818,19.03743],[73.33786,19.04191],[73.33717,19.04278],[73.33657,19.04309],[73.33532,19.04309],[73.33399,19.04305],[73.33226,19.04337],[73.33062,19.04349],[73.33009,19.04327],[73.32925,19.04258],[73.32861,19.04161],[73.32803,19.04047],[73.32717,19.03919],[73.3264,19.03814],[73.32547,19.03735],[73.32447,19.0369],[73.32369,19.03678],[73.3231,19.03688],[73.32247,19.03698],[73.32135,19.03789],[73.32097,19.03852],[73.32069,19.03931],[73.32064,19.03945],[73.32116,19.03957],[73.32163,19.04035],[73.32194,19.04118],[73.32194,19.04179],[73.32207,19.04265],[73.32214,19.04327],[73.32225,19.04362],[73.32307,19.04511],[73.32327,19.04556],[73.3244,19.04804],[73.3249,19.04939],[73.32541,19.05018],[73.32665,19.05205],[73.32783,19.05315],[73.33138,19.05483],[73.33215,19.05582],[73.33249,19.05668],[73.33232,19.05791],[73.33022,19.06047],[73.32884,19.06272],[73.32814,19.06422],[73.32796,19.06574],[73.32747,19.06811],[73.32663,19.06943],[73.32633,19.07193],[73.32447,19.07371],[73.32129,19.07533],[73.32032,19.07576],[73.31962,19.07653],[73.31904,19.07787],[73.31891,19.07882],[73.31927,19.08042],[73.3199,19.08249],[73.32039,19.0832],[73.32127,19.08432],[73.32176,19.08499],[73.32178,19.08553],[73.32176,19.0863],[73.32175,19.0873],[73.32093,19.08837],[73.31938,19.08985],[73.31858,19.09053],[73.31592,19.09275],[73.31498,19.09442],[73.31332,19.09657],[73.3101,19.09851],[73.30939,19.0996],[73.30932,19.10076],[73.30932,19.10184],[73.30898,19.10367],[73.30608,19.11031],[73.30124,19.11444],[73.30037,19.11519],[73.29637,19.11772],[73.29328,19.12121],[73.2901,19.12054],[73.28853,19.11777],[73.2858,19.11375],[73.28236,19.11251],[73.27831,19.11275],[73.27517,19.11456],[73.27244,19.11891],[73.26637,19.12389],[73.26369,19.12661],[73.26339,19.12933],[73.26415,19.13125],[73.26283,19.13445],[73.26071,19.1399],[73.25792,19.14372],[73.25644,19.14428],[73.25543,19.14487],[73.25296,19.15012],[73.25327,19.15423],[73.25489,19.15963],[73.25456,19.16287],[73.25443,19.16408],[73.25281,19.17067],[73.25044,19.17258],[73.24796,19.17426],[73.24558,19.17765],[73.24561,19.17843],[73.24588,19.18515],[73.24678,19.18881],[73.24801,19.19505],[73.24629,19.20254],[73.2447,19.2076],[73.24517,19.21574],[73.24361,19.21736],[73.23562,19.2192],[73.23159,19.21989],[73.22778,19.22121],[73.22668,19.22323],[73.22648,19.22566],[73.22755,19.22787],[73.23396,19.23131],[73.23706,19.23437],[73.2365,19.23661],[73.23018,19.24313],[73.2297,19.24729],[73.22886,19.24976],[73.22456,19.25158],[73.21607,19.25693],[73.21395,19.25733],[73.21023,19.25579],[73.20758,19.25627],[73.20566,19.25784],[73.20286,19.26117],[73.20117,19.26173],[73.19974,19.26154],[73.19677,19.2613],[73.19504,19.2609],[73.19361,19.26025],[73.19296,19.25945],[73.19268,19.25904],[73.19252,19.25856],[73.1925,19.25777],[73.19264,19.25716],[73.19289,19.25658],[73.19405,19.25438],[73.19443,19.25303],[73.19419,19.25173],[73.19372,19.25103],[73.19338,19.25079],[73.19296,19.25061],[73.19249,19.25052],[73.19201,19.25056],[73.19094,19.25112],[73.18909,19.25182],[73.18806,19.25278],[73.18689,19.2541],[73.18504,19.25559],[73.18347,19.25642],[73.18244,19.25654],[73.18186,19.25657],[73.18157,19.25654],[73.18114,19.25648],[73.1805,19.25632],[73.17964,19.25598],[73.17863,19.25543],[73.17657,19.25399],[73.17529,19.25314],[73.17188,19.25151],[73.17122,19.25108],[73.1708,19.2508],[73.17014,19.25076],[73.16956,19.25073],[73.16893,19.2509],[73.16864,19.25098],[73.16819,19.25123],[73.16784,19.25156],[73.16753,19.25205],[73.1672,19.2531],[73.16672,19.254],[73.16598,19.2548],[73.16537,19.25516],[73.16494,19.25544],[73.16243,19.25747],[73.16175,19.25801],[73.15784,19.25919],[73.15762,19.26033],[73.15617,19.26354],[73.15341,19.26599],[73.14966,19.26825],[73.14717,19.26846],[73.14536,19.26772],[73.14154,19.26752],[73.13819,19.27044],[73.13275,19.28032],[73.12794,19.28259],[73.12303,19.28142],[73.11423,19.27933],[73.10378,19.27192],[73.10189,19.26708],[73.10429,19.26185],[73.11342,19.25328],[73.11434,19.25158],[73.11617,19.24774],[73.11635,19.24737],[73.11587,19.24253],[73.11445,19.23783],[73.11428,19.23759],[73.11193,19.23433],[73.10759,19.23224],[73.10246,19.23209],[73.10202,19.23222],[73.09835,19.23329],[73.09259,19.23858],[73.08809,19.24148],[73.08249,19.24223],[73.07775,19.24104],[73.07623,19.23989],[73.07232,19.23697],[73.0697,19.235],[73.06686,19.2315],[73.06662,19.22747],[73.06741,19.21987],[73.06731,19.21749],[73.0671,19.21276],[73.06515,19.20627],[73.06289,19.20447],[73.0608,19.20334],[73.05892,19.20242],[73.05425,19.20209],[73.04673,19.20084],[73.03372,19.19772],[73.02859,19.19825],[73.02526,19.20006],[73.02216,19.20648],[73.01635,19.21506],[73.00855,19.22132],[73.00626,19.22396],[73.00489,19.22727],[73.00351,19.2306],[73.00222,19.23374],[73.00155,19.23771],[73.00061,19.24327],[72.99998,19.24683],[72.99925,19.25098],[72.99654,19.25615],[72.99176,19.26528],[72.99169,19.26542],[72.99158,19.26599],[72.99102,19.26892],[72.99102,19.27283],[72.99102,19.27449],[72.99004,19.27956],[72.98484,19.2853],[72.98115,19.28872],[72.981,19.28886],[72.97713,19.29165],[72.96794,19.29827],[72.96238,19.30005],[72.95697,19.30009],[72.95036,19.29869],[72.94797,19.29771],[72.94442,19.29626],[72.9409,19.29239],[72.93888,19.28944],[72.93708,19.28822],[72.93494,19.28793],[72.92672,19.29026],[72.90881,19.28876],[72.90578,19.28901],[72.90226,19.29049],[72.89711,19.29292],[72.88231,19.31029],[72.86701,19.32177],[72.86104,19.32494],[72.85402,19.32627],[72.83971,19.32581],[72.831,19.32411],[72.82595,19.32235]]},"properties":{"waterway":"river","name":"Ulhas"}},{"type":"Feature","geometry":{"type":"LineString","coordinates":[[72.90789,19.20882],[72.90782,19.20875],[72.90767,19.2087],[72.90726,19.20868],[72.9072,19.20868],[72.9071,19.20872],[72.90701,19.20875],[72.90693,19.20876],[72.90686,19.20882],[72.90679,19.20886],[72.90675,19.20883],[72.90662,19.20876],[72.90657,19.20876],[72.90649,19.20876],[72.90639,19.20872],[72.90632,19.2087],[72.90627,19.20869],[72.90617,19.20868],[72.90596,19.20877],[72.90588,19.2088],[72.90575,19.20876],[72.90564,19.20869],[72.90552,19.20872],[72.90542,19.20868],[72.9053,19.20866],[72.90511,19.20866],[72.9049,19.20861],[72.90464,19.20861]]},"properties":{"waterway":"stream","name":null}},{"type":"Feature","geometry":{"type":"LineString","coordinates":[[72.94019,19.23718],[72.94008,19.23756],[72.93985,19.23799],[72.93935,19.23821],[72.93874,19.23842],[72.93847,19.23842],[72.93798,19.23865],[72.93764,19.23891],[72.93744,19.23907],[72.93717,19.23905],[72.93696,19.23887],[72.93661,19.23858],[72.93595,19.23858],[72.93583,19.23871],[72.93578,19.239],[72.93563,19.23904],[72.93482,19.23897],[72.93392,19.23926],[72.93363,19.23919],[72.93308,19.23902],[72.93254,19.23859],[72.93203,19.23845],[72.93188,19.2381],[72.93213,19.23789],[72.9321,19.23721],[72.93194,19.23692]]},"properties":{"waterway":"stream","name":null}},{"type":"Feature","geometry":{"type":"LineString","coordinates":[[72.97298,19.20015],[72.97339,19.19987],[72.9738,19.19967],[72.97426,19.19949],[72.97485,19.19945],[72.97506,19.19947],[72.97549,19.19976],[72.97624,19.20003],[72.97655,19.20008],[72.97695,19.19993],[72.97727,19.19975],[72.97736,19.19974]]},"properties":{"waterway":"drain","name":null}},{"type":"Feature","geometry":{"type":"LineString","coordinates":[[72.97519,19.21007],[72.97533,19.20996],[72.97542,19.20983],[72.97544,19.20974],[72.97543,19.20966],[72.97532,19.20943],[72.9753,19.20927],[72.97528,19.20857],[72.97534,19.20821],[72.97563,19.20779],[72.9757,19.20775],[72.97578,19.20775],[72.97598,19.20785],[72.97615,19.20788],[72.97625,19.20784],[72.97632,19.20778],[72.97633,19.20771],[72.97631,19.20748],[72.97632,19.2074],[72.97637,19.20729],[72.97709,19.20607],[72.97736,19.20566],[72.9774,19.20563],[72.97745,19.20562],[72.97774,19.20563],[72.9783,19.20621],[72.97859,19.20663],[72.97904,19.20703],[72.97982,19.2074],[72.98024,19.20786],[72.9806,19.20813],[72.98162,19.20875],[72.98211,19.20962],[72.98232,19.20979],[72.98236,19.20981],[72.9827,19.21008],[72.98304,19.2103],[72.9835,19.21043],[72.98431,19.21043],[72.98597,19.21017],[72.98595,19.20955],[72.98602,19.20915],[72.98617,19.20883],[72.9866,19.20847],[72.98706,19.2082],[72.98717,19.20809],[72.98721,19.20772],[72.98712,19.20753],[72.98685,19.20727],[72.98676,19.20694],[72.98688,19.20631],[72.98687,19.20606],[72.98647,19.20523],[72.98634,19.20476],[72.98636,19.20435],[72.98634,19.20395],[72.98658,19.20327],[72.9869,19.20275],[72.98719,19.20245],[72.98763,19.20207],[72.98785,19.20188],[72.98817,19.20127],[72.98839,19.20106]]},"properties":{"waterway":"drain","name":null}},{"type":"Feature","geometry":{"type":"LineString","coordinates":[[72.91981,19.19255],[72.91497,19.19277],[72.91211,19.19387]]},"properties":{"waterway":"stream","name":"Dahisar River"}},{"type":"Feature","geometry":{"type":"LineString","coordinates":[[72.92607,19.21602],[72.92753,19.21661],[72.92991,19.21728],[72.93124,19.21752],[72.93205,19.21812],[72.93242,19.21839],[72.93262,19.21982],[72.93198,19.22115],[72.93231,19.22137],[72.93237,19.22221],[72.93208,19.22284],[72.93225,19.22316],[72.93269,19.22309],[72.93346,19.22316],[72.93415,19.22421],[72.93476,19.22521],[72.9355,19.2261],[72.93657,19.22712],[72.93657,19.22745],[72.93647,19.22808],[72.93682,19.22859],[72.93629,19.23055],[72.93548,19.23048],[72.93483,19.23002],[72.93397,19.23014],[72.93384,19.23004],[72.93371,19.22951],[72.93349,19.22954]]},"properties":{"waterway":"stream","name":null}},{"type":"Feature","geometry":{"type":"LineString","coordinates":[[72.93194,19.23692],[72.93015,19.23702],[72.92968,19.23729],[72.92902,19.23733],[72.92779,19.23826],[72.9274,19.238],[72.92723,19.23796],[72.9271,19.23823],[72.92699,19.23876],[72.92581,19.241],[72.92628,19.24212],[72.92746,19.24286],[72.92788,19.24385],[72.92762,19.24431],[72.92689,19.24476],[72.92623,19.2447],[72.92575,19.24493],[72.92554,19.24546],[72.92598,19.24587],[72.92623,19.24703],[72.92629,19.24796],[72.92613,19.24799],[72.92574,19.24777],[72.92519,19.24784],[72.92439,19.24867],[72.92436,19.24939],[72.92379,19.25017],[72.92309,19.25062],[72.92228,19.25069],[72.92199,19.25077],[72.92102,19.25148],[72.92029,19.25202],[72.91914,19.25213],[72.9185,19.25239],[72.91808,19.25277],[72.91775,19.25357],[72.9178,19.25439],[72.91772,19.25569],[72.91751,19.25598],[72.91744,19.2562],[72.91732,19.25682],[72.91711,19.25727],[72.917,19.258],[72.91687,19.2587],[72.91634,19.26051],[72.91624,19.26103],[72.91642,19.26173],[72.91677,19.2618],[72.91752,19.26152],[72.91807,19.26141],[72.91863,19.26158],[72.91897,19.26207],[72.91995,19.26329],[72.92016,19.26371],[72.92,19.26448],[72.91984,19.26497],[72.92062,19.2653],[72.92113,19.26512],[72.92221,19.26536],[72.9225,19.26553],[72.9226,19.26596],[72.92226,19.26706],[72.92189,19.26739],[72.9206,19.26773],[72.91961,19.26816],[72.9192,19.26846],[72.91881,19.26878],[72.91854,19.26946],[72.91834,19.27038],[72.91846,19.27102],[72.91871,19.27164],[72.91872,19.27207],[72.91853,19.27251],[72.91829,19.2727],[72.91804,19.27264],[72.91792,19.27254],[72.91756,19.27207],[72.9172,19.27193],[72.91682,19.27194],[72.91587,19.27302],[72.91511,19.27402],[72.91426,19.27465],[72.91342,19.27505],[72.9133,19.27531],[72.9134,19.27574],[72.91357,19.27594],[72.91422,19.27601],[72.91448,19.27623],[72.91459,19.27681],[72.91434,19.27719],[72.91425,19.27764],[72.91378,19.27806],[72.91376,19.27827],[72.91405,19.27843],[72.91439,19.27831],[72.91474,19.27828],[72.91484,19.27842],[72.91487,19.27862],[72.9147,19.27881],[72.91444,19.27893],[72.91407,19.27903],[72.91372,19.27902],[72.91347,19.27885],[72.91325,19.27862],[72.91315,19.27814],[72.91309,19.27796],[72.91259,19.27774],[72.91229,19.27777],[72.91202,19.27794],[72.91181,19.27817],[72.91167,19.27887],[72.91138,19.2794],[72.91042,19.28065],[72.90993,19.28119],[72.90925,19.28216],[72.90919,19.28296],[72.90922,19.28362],[72.90952,19.2847],[72.90943,19.28652],[72.9096,19.2872],[72.90939,19.28792],[72.90881,19.28876]]},"properties":{"waterway":"river","name":"Chena River"}},{"type":"Feature","geometry":{"type":"LineString","coordinates":[[72.93377,19.2036],[72.93214,19.20344],[72.93057,19.20303],[72.92933,19.20246],[72.92637,19.19866],[72.923,19.19516],[72.91981,19.19255]]},"properties":{"waterway":"stream","name":null}},{"type":"Feature","geometry":{"type":"LineString","coordinates":[[72.95022,19.2054],[72.95032,19.20533],[72.95037,19.20531],[72.95043,19.20527],[72.95047,19.20525],[72.95052,19.20525],[72.95056,19.20528],[72.9506,19.20531],[72.95068,19.2053],[72.95079,19.20527],[72.9509,19.20525],[72.95115,19.20518],[72.9512,19.20516],[72.95124,19.20513],[72.9513,19.20511],[72.95137,19.2051],[72.95147,19.20511],[72.95155,19.20513],[72.95161,19.20516],[72.95172,19.20516],[72.95192,19.20514],[72.95203,19.20513],[72.95219,19.20513],[72.95237,19.20508],[72.95244,19.20503],[72.95253,19.20496],[72.95261,19.20489],[72.95272,19.20484],[72.95289,19.20475],[72.95297,19.2047],[72.95308,19.20463],[72.9532,19.20458],[72.95333,19.20454],[72.95347,19.20454],[72.95362,19.20448],[72.9538,19.20438]]},"properties":{"waterway":"drain","name":null}},{"type":"Feature","geometry":{"type":"LineString","coordinates":[[72.97789,19.1895],[72.97812,19.18945],[72.97832,19.18947],[72.97848,19.18943],[72.97875,19.18924],[72.97888,19.18921],[72.97905,19.18922],[72.97932,19.18914],[72.97979,19.189]]},"properties":{"waterway":"drain","name":null}},{"type":"Feature","geometry":{"type":"LineString","coordinates":[[72.9582,19.24806],[72.95801,19.24819],[72.95794,19.24827],[72.95795,19.24839],[72.95806,19.24865],[72.9582,19.24931],[72.95795,19.24968],[72.95781,19.25015],[72.95823,19.25117],[72.9582,19.25194],[72.95819,19.252],[72.95816,19.25205],[72.95811,19.25209],[72.95807,19.25213],[72.9577,19.25246],[72.95766,19.2525],[72.95763,19.25255],[72.95761,19.25261],[72.95761,19.25267],[72.95766,19.25301],[72.95767,19.25307],[72.95765,19.25313],[72.95761,19.25318],[72.95755,19.25322],[72.95723,19.25341],[72.95716,19.25347],[72.95712,19.25354],[72.95709,19.25362],[72.95708,19.25371],[72.9571,19.2538],[72.9573,19.25494],[72.95764,19.25516],[72.95792,19.25532],[72.95795,19.25568],[72.95784,19.25685],[72.95795,19.25704],[72.95856,19.25733],[72.95863,19.25751],[72.95862,19.25757],[72.9586,19.25763],[72.95859,19.25766],[72.95839,19.25801],[72.95864,19.2588],[72.95907,19.25905],[72.95937,19.25892],[72.95962,19.25871],[72.95973,19.25863],[72.95984,19.25858],[72.96039,19.25865],[72.96073,19.25842],[72.96087,19.25837],[72.96099,19.25839],[72.96106,19.25842],[72.96113,19.2585],[72.96121,19.25858],[72.96131,19.25868],[72.96137,19.25875],[72.96147,19.25881]]},"properties":{"waterway":"stream","name":null}},{"type":"Feature","geometry":{"type":"LineString","coordinates":[[72.91211,19.19387],[72.91199,19.19385],[72.91179,19.19377],[72.91028,19.19349],[72.91005,19.1934],[72.90985,19.19315],[72.9084,19.193],[72.90818,19.19361],[72.90853,19.19491],[72.90799,19.19574],[72.90548,19.19719],[72.90386,19.19813],[72.9028,19.19874],[72.9021,19.19922],[72.90162,19.19954],[72.90004,19.20203],[72.89994,19.20368],[72.89915,19.20482]]},"properties":{"waterway":"river","name":"Dahisar River"}},{"type":"Feature","geometry":{"type":"LineString","coordinates":[[72.91981,19.19255],[72.91765,19.19027],[72.91515,19.18825],[72.91404,19.18614],[72.91413,19.18481],[72.91402,19.18453]]},"properties":{"waterway":"stream","name":null}},{"type":"Feature","geometry":{"type":"LineString","coordinates":[[72.9801,19.23025],[72.98061,19.23056],[72.98083,19.23067],[72.98093,19.23076],[72.98102,19.23077],[72.9814,19.23076],[72.98199,19.23082],[72.9821,19.23084],[72.98219,19.23089],[72.98223,19.23096],[72.98224,19.23104],[72.98218,19.23123],[72.98213,19.23137],[72.98216,19.23148],[72.98223,19.23158],[72.98261,19.23165],[72.98289,19.23185],[72.98311,19.23203],[72.98325,19.23221],[72.98332,19.23231],[72.98347,19.2324],[72.98362,19.23251],[72.98367,19.23263],[72.98371,19.23277],[72.98375,19.2329],[72.98383,19.23298]]},"properties":{"waterway":"stream","name":null}},{"type":"Feature","geometry":{"type":"LineString","coordinates":[[72.98188,19.23494],[72.98187,19.23477],[72.98199,19.23456],[72.98212,19.23416],[72.98229,19.23392],[72.98254,19.23344],[72.98292,19.23291],[72.98298,19.23282],[72.98306,19.23276],[72.98316,19.23273],[72.98329,19.23275],[72.98346,19.23282],[72.98383,19.23298],[72.98408,19.23303],[72.98441,19.23293]]},"properties":{"waterway":"stream","name":null}},{"type":"Feature","geometry":{"type":"LineString","coordinates":[[72.89181,19.27158],[72.89182,19.27167],[72.89188,19.27189],[72.89207,19.27237],[72.89207,19.27255],[72.89196,19.27306],[72.89195,19.27328],[72.89196,19.27339],[72.89214,19.27389],[72.89212,19.27397],[72.89204,19.27409],[72.89178,19.2743],[72.89156,19.27454],[72.89122,19.27468],[72.8909,19.27495],[72.89076,19.27509],[72.8906,19.27511],[72.89043,19.2751],[72.88994,19.27494],[72.88975,19.27523],[72.88968,19.27527],[72.88961,19.27527],[72.88927,19.27522],[72.88919,19.27523],[72.88915,19.27526],[72.88875,19.27568],[72.88874,19.27584],[72.88846,19.27621],[72.88844,19.27624],[72.88833,19.27635],[72.8882,19.27643],[72.88798,19.27648],[72.8875,19.27651],[72.88709,19.27663],[72.88682,19.27663],[72.88644,19.27649],[72.88641,19.27642],[72.88663,19.27609],[72.88665,19.27601],[72.88658,19.27597],[72.88557,19.27599],[72.88551,19.27601],[72.88547,19.27602],[72.88544,19.27607],[72.88538,19.27647],[72.88521,19.27674],[72.88513,19.27703],[72.88502,19.27709],[72.88473,19.27712],[72.88436,19.2771],[72.88423,19.27714],[72.88401,19.27727],[72.88369,19.27766],[72.88354,19.278],[72.88324,19.27828],[72.88297,19.27873],[72.88281,19.27909]]},"properties":{"waterway":"drain","name":null}},{"type":"Feature","geometry":{"type":"LineString","coordinates":[[72.96147,19.25881],[72.96154,19.25884],[72.96161,19.25883],[72.9617,19.25879],[72.96176,19.25876],[72.96184,19.25871],[72.96194,19.25868],[72.96201,19.25867],[72.96211,19.2587],[72.96231,19.25876],[72.96246,19.25881],[72.96257,19.25883],[72.9626,19.25884],[72.96328,19.25921],[72.96348,19.25928],[72.96364,19.25933],[72.96383,19.25937],[72.96401,19.25938],[72.96417,19.25938],[72.96428,19.25936],[72.96449,19.2593],[72.96462,19.25927],[72.96468,19.25928],[72.9651,19.25958],[72.96532,19.25982],[72.96544,19.26013],[72.9655,19.26026],[72.96558,19.26035],[72.96569,19.26041],[72.96582,19.26044],[72.96596,19.26045],[72.96608,19.26045],[72.96616,19.26045],[72.96633,19.26046],[72.9664,19.26047],[72.96673,19.26049],[72.96688,19.26055],[72.96698,19.26065],[72.96708,19.26082],[72.96718,19.261],[72.96723,19.26108],[72.96739,19.26136],[72.96755,19.26143],[72.96794,19.26152],[72.96858,19.26168]]},"properties":{"waterway":"drain","name":null}},{"type":"Feature","geometry":{"type":"LineString","coordinates":[[72.908,19.2302],[72.90687,19.22984],[72.90595,19.22948],[72.90562,19.22926],[72.90527,19.2287],[72.9045,19.22827],[72.90379,19.22806],[72.90295,19.22748],[72.90239,19.22703],[72.902,19.22701],[72.90161,19.2267]]},"properties":{"waterway":"drain","name":null}},{"type":"Feature","geometry":{"type":"LineString","coordinates":[[72.91674,19.21875],[72.91641,19.21906],[72.91527,19.22031],[72.9145,19.22066],[72.91391,19.22141],[72.91293,19.2223],[72.91214,19.22258],[72.90997,19.22309],[72.90941,19.22358],[72.90877,19.22473],[72.90811,19.22514],[72.90658,19.22554],[72.90482,19.22605],[72.90292,19.22643],[72.90161,19.2267],[72.90098,19.22683],[72.89996,19.22688],[72.89849,19.22656],[72.89804,19.22655],[72.89803,19.22678],[72.89715,19.22712],[72.89682,19.22703],[72.89611,19.22726],[72.89601,19.22742],[72.8959,19.22776],[72.89572,19.22802],[72.89532,19.22811],[72.8946,19.22778],[72.89397,19.22773],[72.89348,19.22748],[72.89227,19.22744],[72.89148,19.22742],[72.89075,19.22723],[72.89006,19.22675],[72.88938,19.22637],[72.88882,19.22624],[72.88845,19.22631]]},"properties":{"waterway":"stream","name":null}},{"type":"Feature","geometry":{"type":"LineString","coordinates":[[72.95397,19.20429],[72.95414,19.20433],[72.95454,19.20486],[72.95464,19.2049],[72.95477,19.20488],[72.9549,19.20484],[72.95526,19.20476],[72.95538,19.20477],[72.95548,19.20481],[72.9563,19.20474],[72.95654,19.20472],[72.95673,19.20475],[72.95687,19.2048],[72.95702,19.20478],[72.95771,19.2046],[72.95824,19.20455],[72.95837,19.20456],[72.95852,19.20494],[72.9586,19.20497],[72.95879,19.20484],[72.95911,19.2046],[72.95948,19.20447],[72.95968,19.20448],[72.95989,19.20458],[72.96009,19.20478],[72.96019,19.20479],[72.96031,19.20476],[72.96052,19.20454],[72.9607,19.20438]]},"properties":{"waterway":"drain","name":null}},{"type":"Feature","geometry":{"type":"LineString","coordinates":[[72.98829,19.21099],[72.98859,19.20931]]},"properties":{"waterway":"drain","name":null}},{"type":"Feature","geometry":{"type":"LineString","coordinates":[[72.98859,19.20931],[72.98872,19.20895],[72.98869,19.20841],[72.98876,19.20807],[72.98888,19.20774],[72.98913,19.20739],[72.98914,19.2073],[72.98915,19.20708],[72.98901,19.20668],[72.98891,19.20628],[72.98895,19.20582],[72.98894,19.2056],[72.98887,19.20544],[72.98861,19.20532],[72.98834,19.20528],[72.98817,19.20522],[72.98809,19.20509],[72.98825,19.20446],[72.98824,19.20434],[72.98822,19.20419],[72.98828,19.20399],[72.9884,19.20393],[72.9885,19.20399],[72.98876,19.20424],[72.98909,19.20443],[72.98948,19.20458],[72.98965,19.20449],[72.98979,19.20436],[72.99026,19.20383],[72.99034,19.20372],[72.99075,19.2031]]},"properties":{"waterway":"drain","name":null}},{"type":"Feature","geometry":{"type":"LineString","coordinates":[[72.97455,19.21066],[72.97519,19.21007]]},"properties":{"waterway":"drain","name":null}},{"type":"Feature","geometry":{"type":"LineString","coordinates":[[72.97038,19.21235],[72.97364,19.21151],[72.97455,19.21066]]},"properties":{"waterway":"drain","name":null}},{"type":"Feature","geometry":{"type":"LineString","coordinates":[[72.96562,19.20197],[72.96649,19.20168]]},"properties":{"waterway":"drain","name":null}},{"type":"Feature","geometry":{"type":"LineString","coordinates":[[72.9779,19.21714],[72.97849,19.21682]]},"properties":{"waterway":"drain","name":null}},{"type":"Feature","geometry":{"type":"LineString","coordinates":[[72.97849,19.21682],[72.97871,19.21671],[72.9791,19.21663],[72.97948,19.21661],[72.97989,19.21671],[72.98015,19.2167],[72.98091,19.21651],[72.9813,19.2165],[72.98203,19.21669],[72.98223,19.21665],[72.98251,19.21655],[72.98281,19.21639],[72.98335,19.2157],[72.98366,19.21558],[72.98407,19.21551],[72.98578,19.21557],[72.98588,19.21554],[72.98596,19.21541],[72.98601,19.2152]]},"properties":{"waterway":"drain","name":null}},{"type":"Feature","geometry":{"type":"LineString","coordinates":[[72.94071,19.18854],[72.94161,19.18776],[72.9418,19.18762],[72.94184,19.18758],[72.94196,19.18754],[72.94203,19.18757],[72.9421,19.18771],[72.9423,19.1879],[72.94245,19.18791],[72.94259,19.18788],[72.94271,19.18783],[72.94289,19.18781],[72.94351,19.18758],[72.94367,19.1876],[72.94422,19.18788],[72.94436,19.18791],[72.94483,19.18791],[72.94502,19.18798],[72.94581,19.18796],[72.94595,19.18791]]},"properties":{"waterway":"drain","name":null}},{"type":"Feature","geometry":{"type":"LineString","coordinates":[[72.97915,19.20181],[72.97939,19.20188]]},"properties":{"waterway":"drain","name":null}},{"type":"Feature","geometry":{"type":"LineString","coordinates":[[72.97939,19.20188],[72.97973,19.202],[72.98014,19.20213],[72.98065,19.20216],[72.98179,19.20215],[72.98279,19.20209],[72.98367,19.20189],[72.98399,19.20145],[72.98424,19.20122],[72.98487,19.20119],[72.98524,19.2012],[72.98585,19.20122],[72.98614,19.20133],[72.98665,19.20123],[72.98702,19.20117],[72.98807,19.20073]]},"properties":{"waterway":"drain","name":null}},{"type":"Feature","geometry":{"type":"LineString","coordinates":[[72.9728,19.20029],[72.97298,19.20015]]},"properties":{"waterway":"drain","name":null}},{"type":"Feature","geometry":{"type":"LineString","coordinates":[[72.96919,19.19953],[72.96958,19.1994],[72.9698,19.19935],[72.96997,19.19936],[72.9701,19.19942],[72.97018,19.19947],[72.97022,19.19957],[72.97024,19.20008],[72.97027,19.2002],[72.9704,19.20033],[72.97057,19.20035],[72.97216,19.20056],[72.97234,19.20057],[72.97253,19.2005],[72.9728,19.20029]]},"properties":{"waterway":"drain","name":null}},{"type":"Feature","geometry":{"type":"LineString","coordinates":[[72.96907,19.19955],[72.96919,19.19953]]},"properties":{"waterway":"drain","name":null}},{"type":"Feature","geometry":{"type":"LineString","coordinates":[[72.96649,19.20168],[72.96669,19.2016],[72.9668,19.20137],[72.96695,19.20096],[72.96705,19.20059],[72.96713,19.2005],[72.96722,19.20041],[72.96728,19.20026],[72.96728,19.20008],[72.96732,19.19999],[72.96766,19.19973],[72.96777,19.19967],[72.96802,19.19963],[72.96826,19.19972],[72.96838,19.19974],[72.96855,19.19968],[72.96876,19.1996],[72.96907,19.19955]]},"properties":{"waterway":"drain","name":null}},{"type":"Feature","geometry":{"type":"LineString","coordinates":[[72.88549,19.1901],[72.88548,19.19004]]},"properties":{"waterway":"drain","name":"Boisar Drain"}},{"type":"Feature","geometry":{"type":"LineString","coordinates":[[72.88575,19.19054],[72.88551,19.1903],[72.88549,19.1901]]},"properties":{"waterway":"drain","name":"Boisar Drain"}},{"type":"Feature","geometry":{"type":"LineString","coordinates":[[72.93442,19.23495],[72.93452,19.23655],[72.93429,19.23698],[72.93375,19.23726],[72.93339,19.23722],[72.93312,19.23697],[72.93299,19.2366],[72.93292,19.23652],[72.93263,19.23644],[72.93232,19.23651],[72.93221,19.23667],[72.93194,19.23692]]},"properties":{"waterway":"stream","name":null}},{"type":"Feature","geometry":{"type":"LineString","coordinates":[[72.88845,19.22631],[72.88836,19.22632]]},"properties":{"waterway":"stream","name":null}},{"type":"Feature","geometry":{"type":"LineString","coordinates":[[72.88836,19.22632],[72.88795,19.22631],[72.88713,19.22607],[72.88632,19.22589],[72.88621,19.22567],[72.88627,19.225],[72.88608,19.22438],[72.88593,19.22379],[72.88561,19.22322],[72.88527,19.22292],[72.88481,19.22292],[72.88453,19.22307]]},"properties":{"waterway":"stream","name":null}},{"type":"Feature","geometry":{"type":"LineString","coordinates":[[72.98593,19.21484],[72.98623,19.21485]]},"properties":{"waterway":"drain","name":null}},{"type":"Feature","geometry":{"type":"LineString","coordinates":[[72.98623,19.21485],[72.98693,19.21494],[72.98823,19.21496]]},"properties":{"waterway":"drain","name":null}},{"type":"Feature","geometry":{"type":"LineString","coordinates":[[72.98877,19.21498],[72.98912,19.21499]]},"properties":{"waterway":"drain","name":null}},{"type":"Feature","geometry":{"type":"LineString","coordinates":[[72.9607,19.20438],[72.96102,19.20432]]},"properties":{"waterway":"drain","name":null}},{"type":"Feature","geometry":{"type":"LineString","coordinates":[[72.96211,19.20371],[72.96219,19.20364],[72.96259,19.20271],[72.96269,19.20258],[72.96279,19.20254],[72.96328,19.20266],[72.96347,19.20234],[72.96373,19.20221],[72.96426,19.20199],[72.96441,19.202],[72.96456,19.20202],[72.96493,19.20237],[72.96506,19.20232],[72.96554,19.20202]]},"properties":{"waterway":"drain","name":null}},{"type":"Feature","geometry":{"type":"LineString","coordinates":[[72.96909,19.26191],[72.96959,19.26195],[72.9702,19.26194],[72.97038,19.26188],[72.97073,19.26178],[72.97085,19.26179],[72.97088,19.2618],[72.97092,19.2618],[72.97104,19.26184],[72.97112,19.26185],[72.97123,19.26189],[72.97135,19.26194],[72.97144,19.26197],[72.97149,19.26199],[72.97174,19.26206],[72.97183,19.26215],[72.97189,19.2622],[72.97225,19.26307],[72.97233,19.26315],[72.97264,19.26337],[72.97277,19.26339],[72.97306,19.26327],[72.97319,19.26322],[72.97328,19.26315],[72.9734,19.2631],[72.97354,19.26308],[72.97367,19.26309],[72.97426,19.26333],[72.9745,19.26338],[72.97455,19.26337],[72.97483,19.26305],[72.975,19.26295],[72.97506,19.26293],[72.97514,19.26291],[72.97532,19.26294],[72.97559,19.26309],[72.97581,19.26324],[72.97599,19.26338],[72.97613,19.26346],[72.9764,19.26358],[72.97663,19.26366],[72.97697,19.26374],[72.97712,19.26384],[72.9772,19.26393],[72.97725,19.26406],[72.97728,19.26424],[72.9773,19.26444],[72.9774,19.26468],[72.97755,19.26487],[72.97787,19.26517],[72.97803,19.2653],[72.97803,19.26543],[72.97799,19.26556],[72.97791,19.26567],[72.97786,19.26576],[72.9779,19.26581],[72.97797,19.26584],[72.97813,19.26581],[72.97844,19.26587],[72.97853,19.2659],[72.97862,19.26599],[72.9787,19.26617],[72.97891,19.2664],[72.97918,19.26655],[72.97942,19.26661],[72.97978,19.26696],[72.97992,19.26707],[72.98035,19.26721],[72.9804,19.26731],[72.98043,19.26748],[72.98052,19.26774],[72.98055,19.26789],[72.98054,19.26803],[72.98049,19.26823],[72.98049,19.26836],[72.98051,19.26839],[72.98055,19.26841],[72.98072,19.26837],[72.98083,19.26836],[72.98092,19.26839],[72.98099,19.26845],[72.98103,19.26853],[72.98106,19.26859],[72.9811,19.26866],[72.98119,19.2687],[72.98128,19.26871],[72.98133,19.26873],[72.98136,19.26878],[72.98148,19.26897],[72.98155,19.26909],[72.98162,19.26912],[72.98167,19.26925],[72.98168,19.26932],[72.98171,19.2694],[72.98174,19.26946],[72.98178,19.26954],[72.98188,19.26963],[72.98199,19.26972],[72.98203,19.2698],[72.98203,19.26986],[72.982,19.26996],[72.982,19.27012],[72.98205,19.2702],[72.98214,19.27025],[72.98225,19.27029],[72.98248,19.27042],[72.9827,19.2706],[72.98277,19.27067],[72.98282,19.27068],[72.98285,19.27062],[72.98288,19.27052],[72.98294,19.27044],[72.98302,19.27041],[72.98313,19.2704],[72.98321,19.27044],[72.98325,19.27048],[72.98327,19.27054],[72.98326,19.27059],[72.98322,19.27066],[72.98319,19.27071],[72.98319,19.27077],[72.98319,19.27083],[72.98324,19.27091],[72.98331,19.27091],[72.98339,19.27091],[72.98346,19.27087],[72.98348,19.27081],[72.98347,19.27071],[72.9835,19.27063],[72.98356,19.27058],[72.98362,19.27057],[72.98367,19.27059],[72.98369,19.27064],[72.98371,19.27072],[72.98367,19.27077],[72.98363,19.27084],[72.98361,19.27091],[72.98364,19.27096],[72.98372,19.271],[72.98378,19.27099],[72.98385,19.271],[72.98393,19.27103],[72.98398,19.27108],[72.98401,19.27115],[72.98402,19.2712],[72.98398,19.27127],[72.98392,19.27137],[72.98388,19.27148],[72.98387,19.27159],[72.98387,19.27166],[72.98385,19.27175],[72.98382,19.27182],[72.9838,19.27189],[72.98381,19.27198],[72.98385,19.27206],[72.98397,19.27209],[72.98411,19.27208],[72.9842,19.27209],[72.98431,19.27214],[72.9844,19.27222],[72.98444,19.27238],[72.98452,19.27253],[72.98466,19.27263],[72.98484,19.2727],[72.985,19.27267],[72.98514,19.27256],[72.98524,19.27251],[72.98535,19.27255],[72.98542,19.27262],[72.98543,19.27273],[72.98534,19.2728],[72.98525,19.27296],[72.98523,19.27308],[72.98528,19.27322],[72.98539,19.27344],[72.98543,19.27361],[72.98545,19.27372],[72.98547,19.2738],[72.98556,19.27398],[72.9857,19.27405],[72.98589,19.27399],[72.98609,19.27378],[72.98628,19.27349],[72.98645,19.27339],[72.98654,19.27323],[72.98669,19.27292],[72.9869,19.2728],[72.98709,19.27283],[72.98734,19.27297],[72.98752,19.27325],[72.98759,19.27347],[72.98781,19.27355],[72.98804,19.27351],[72.98821,19.27339],[72.98835,19.2733],[72.99102,19.27283]]},"properties":{"waterway":"drain","name":null}},{"type":"Feature","geometry":{"type":"LineString","coordinates":[[72.96858,19.26168],[72.96909,19.26191]]},"properties":{"waterway":"drain","name":null}},{"type":"Feature","geometry":{"type":"LineString","coordinates":[[72.88281,19.27909],[72.88273,19.27941],[72.88262,19.2798],[72.88264,19.28036],[72.88268,19.28076],[72.8828,19.28114],[72.88281,19.28127],[72.88278,19.28139],[72.88251,19.28199],[72.88251,19.28213],[72.88266,19.28233],[72.88286,19.28258],[72.88408,19.284],[72.88395,19.28457],[72.8839,19.28508],[72.88386,19.28528],[72.88367,19.28598],[72.88356,19.28621],[72.88345,19.28634],[72.88337,19.2865],[72.88318,19.28762]]},"properties":{"waterway":"drain","name":null}},{"type":"Feature","geometry":{"type":"LineString","coordinates":[[72.94595,19.18791],[72.94608,19.18787]]},"properties":{"waterway":"drain","name":null}},{"type":"Feature","geometry":{"type":"LineString","coordinates":[[72.94608,19.18787],[72.94636,19.18781]]},"properties":{"waterway":"drain","name":null}},{"type":"Feature","geometry":{"type":"LineString","coordinates":[[72.93349,19.22954],[72.93324,19.22986],[72.93307,19.23011],[72.93299,19.23038],[72.93288,19.23076],[72.93296,19.23105],[72.93317,19.23133],[72.93328,19.23152],[72.93341,19.23216],[72.93351,19.23243],[72.93359,19.23273],[72.93362,19.23324],[72.93366,19.23343],[72.93384,19.23375],[72.93401,19.23418],[72.93424,19.23448],[72.93436,19.23468],[72.93441,19.23479],[72.93442,19.23484],[72.93442,19.23495]]},"properties":{"waterway":"stream","name":null}},{"type":"Feature","geometry":{"type":"LineString","coordinates":[[72.93987,19.21786],[72.9395,19.21845],[72.93946,19.21859],[72.93955,19.21911],[72.93953,19.21942],[72.9395,19.21952],[72.93951,19.21967],[72.93954,19.21977],[72.93964,19.21993],[72.93965,19.22001],[72.93962,19.22053],[72.93964,19.22082],[72.9397,19.22109],[72.93988,19.2214],[72.94002,19.22204],[72.94005,19.22226],[72.94009,19.22285],[72.94009,19.22307],[72.94005,19.22347],[72.94006,19.22386],[72.94001,19.22405],[72.93993,19.22424],[72.93972,19.22457],[72.93948,19.22476],[72.93933,19.22486],[72.93889,19.22508],[72.93878,19.22517],[72.93874,19.22532],[72.93879,19.22545],[72.93918,19.22557],[72.93933,19.22585],[72.93945,19.22701],[72.93926,19.22732],[72.93916,19.2278],[72.93909,19.22943],[72.93888,19.23001],[72.93799,19.23066],[72.93712,19.23086],[72.93663,19.23069],[72.93629,19.23055]]},"properties":{"waterway":"stream","name":null}},{"type":"Feature","geometry":{"type":"LineString","coordinates":[[72.98654,19.25493],[72.98738,19.25458],[72.98771,19.25453],[72.988,19.25459],[72.98825,19.25454],[72.98875,19.25436],[72.98941,19.25428],[72.99003,19.25413],[72.99008,19.25412],[72.99106,19.25387],[72.99145,19.25407],[72.992,19.25427],[72.99254,19.25425],[72.99291,19.25417],[72.9935,19.25402],[72.99428,19.25419],[72.99485,19.25418],[72.99597,19.25494],[72.99654,19.25615]]},"properties":{"waterway":"stream","name":null}},{"type":"Feature","geometry":{"type":"LineString","coordinates":[[72.96662,19.24407],[72.96753,19.24362],[72.96776,19.2435],[72.96821,19.24341],[72.96902,19.24321],[72.96908,19.24321],[72.96976,19.24322],[72.97016,19.24337],[72.97035,19.24347],[72.97049,19.24344],[72.97087,19.24337],[72.97114,19.24318],[72.9715,19.24312],[72.97137,19.24128],[72.97136,19.24092],[72.97188,19.2403]]},"properties":{"waterway":"drain","name":null}},{"type":"Feature","geometry":{"type":"LineString","coordinates":[[72.96649,19.2774],[72.96667,19.27778],[72.96671,19.27813],[72.96672,19.27845],[72.96677,19.27862],[72.96678,19.27876],[72.96681,19.2789],[72.96678,19.27902],[72.96673,19.2791],[72.96666,19.27915],[72.96659,19.27917],[72.96652,19.27915],[72.96646,19.27911],[72.9664,19.27905],[72.96637,19.279],[72.96631,19.27898],[72.96626,19.27898],[72.96601,19.27903],[72.96564,19.2792],[72.96537,19.27941],[72.96501,19.28005],[72.96482,19.28024],[72.96445,19.28039],[72.96422,19.2805],[72.96415,19.28065],[72.96414,19.28092],[72.96401,19.28116],[72.96382,19.28129],[72.96311,19.28144],[72.96279,19.28154],[72.96273,19.28172],[72.96247,19.28218],[72.9623,19.28254],[72.96219,19.28291],[72.96224,19.28308],[72.96209,19.28326],[72.96192,19.28341],[72.96168,19.28343],[72.96132,19.28339],[72.96114,19.28343],[72.96096,19.28356],[72.96089,19.2837],[72.96092,19.28393],[72.96102,19.2841],[72.96123,19.28424],[72.96136,19.28435],[72.96142,19.28446],[72.9614,19.28458],[72.96125,19.28468],[72.96103,19.28464],[72.96062,19.28457],[72.96053,19.28458],[72.96044,19.28464],[72.96036,19.28474],[72.96035,19.28492],[72.96041,19.28507],[72.96054,19.28518],[72.96068,19.28532],[72.96073,19.28551],[72.9607,19.28564],[72.96055,19.28574],[72.96043,19.28575],[72.96025,19.28572],[72.96003,19.28566],[72.95984,19.28557],[72.95948,19.28535],[72.95938,19.28531],[72.95926,19.28531],[72.95896,19.28545],[72.95834,19.286],[72.95772,19.28633],[72.95757,19.28646],[72.95738,19.28675],[72.95735,19.2869],[72.95705,19.28732],[72.95681,19.28773],[72.9567,19.28799],[72.9564,19.28842],[72.95623,19.28879],[72.95606,19.28907],[72.95579,19.28921],[72.9553,19.28931],[72.95485,19.28927],[72.95425,19.28945],[72.95386,19.28963],[72.95379,19.28979],[72.95379,19.28997],[72.95379,19.29017],[72.95372,19.29037],[72.95354,19.29043],[72.95335,19.29046],[72.95316,19.29039],[72.95289,19.29035],[72.95264,19.2904],[72.9524,19.29062],[72.95214,19.29091],[72.95197,19.29112],[72.95194,19.29136],[72.95191,19.29159],[72.95196,19.29178],[72.95213,19.29189],[72.95238,19.29199],[72.95252,19.29194],[72.95275,19.29199],[72.95293,19.29213],[72.95301,19.29236],[72.95314,19.29268],[72.95321,19.29296],[72.95318,19.29318],[72.95307,19.29333],[72.95287,19.29342],[72.95268,19.2934],[72.95243,19.2933],[72.95225,19.29313],[72.95211,19.29287],[72.95177,19.29268],[72.95156,19.29262],[72.95137,19.29267],[72.95106,19.29299],[72.95082,19.29337],[72.95041,19.29393],[72.95023,19.29419],[72.95004,19.29454],[72.95015,19.29478],[72.94944,19.29641],[72.94797,19.29771]]},"properties":{"waterway":"river","name":null}},{"type":"Feature","geometry":{"type":"LineString","coordinates":[[72.98455,19.23541],[72.9843,19.23491],[72.98427,19.23461],[72.98422,19.23433],[72.98432,19.23415],[72.98442,19.23399],[72.98439,19.23379],[72.98433,19.23347],[72.98429,19.23324],[72.98432,19.23305],[72.98441,19.23293],[72.98455,19.23283],[72.98498,19.23282],[72.98521,19.23283],[72.98592,19.23295],[72.98629,19.23288],[72.98667,19.23272],[72.98732,19.23274],[72.98793,19.23271],[72.98832,19.23278],[72.98872,19.23254],[72.98938,19.2323],[72.98982,19.23226],[72.99013,19.23235],[72.99089,19.23206],[72.99123,19.23195],[72.9922,19.23163],[72.99292,19.23183],[72.99355,19.232],[72.99411,19.23214],[72.99442,19.2322],[72.99467,19.23232],[72.99478,19.23249],[72.99483,19.23267],[72.99492,19.23289],[72.99507,19.23311],[72.99525,19.23345],[72.9954,19.23359],[72.99557,19.23383],[72.99572,19.23396],[72.9959,19.23428],[72.99598,19.23439],[72.99611,19.23443],[72.99627,19.2344],[72.99647,19.23431],[72.99661,19.23418],[72.99675,19.23408],[72.99685,19.234],[72.99708,19.23399],[72.9973,19.23415],[72.99759,19.23435],[72.99793,19.2344],[72.99831,19.23446],[72.99842,19.23445],[72.99853,19.2344],[72.99869,19.23428],[72.99896,19.23431],[72.99914,19.23431],[72.99933,19.23444],[72.99942,19.23466],[72.99981,19.23475]]},"properties":{"waterway":"stream","name":null}},{"type":"Feature","geometry":{"type":"LineString","coordinates":[[72.97718,19.27887],[72.97704,19.2794],[72.97703,19.28003],[72.97717,19.28038],[72.97755,19.2805],[72.97808,19.28062],[72.97825,19.28078],[72.97827,19.28115],[72.97807,19.28154],[72.97791,19.28176],[72.97787,19.2819],[72.97808,19.28209],[72.97829,19.28224],[72.97857,19.28221],[72.97878,19.28194],[72.97891,19.28145],[72.97903,19.28115],[72.97918,19.28109],[72.97933,19.28108],[72.97953,19.28131],[72.97976,19.2814],[72.97993,19.28123],[72.98007,19.281],[72.9803,19.28085],[72.98047,19.28086],[72.98067,19.28102],[72.98092,19.28096],[72.98118,19.28086],[72.98138,19.28072],[72.98156,19.28055],[72.98153,19.28016],[72.98138,19.27988],[72.98108,19.27973],[72.98076,19.27961],[72.98054,19.27934],[72.98064,19.27893],[72.98089,19.27867],[72.9811,19.27842],[72.9811,19.27818],[72.98098,19.27781],[72.98067,19.27749],[72.98039,19.27701],[72.97964,19.27565],[72.97959,19.27535],[72.97966,19.27499],[72.97968,19.27491],[72.98,19.27463],[72.98028,19.27422],[72.98047,19.27378],[72.98051,19.2735],[72.98053,19.27336],[72.9806,19.27325],[72.98073,19.27315],[72.98084,19.27317],[72.98094,19.27321],[72.98102,19.27339],[72.98105,19.27353],[72.98122,19.27364],[72.9816,19.27366],[72.98196,19.27374],[72.98209,19.27382],[72.9822,19.27396],[72.98233,19.27408],[72.98249,19.27417],[72.98304,19.27417],[72.98348,19.2742],[72.98363,19.27419],[72.98435,19.27391],[72.98501,19.27361],[72.98521,19.27358],[72.98545,19.27372]]},"properties":{"waterway":"stream","name":null}},{"type":"Feature","geometry":{"type":"LineString","coordinates":[[72.97888,19.27488],[72.97905,19.27476],[72.97923,19.27474],[72.97941,19.27481],[72.97966,19.27499]]},"properties":{"waterway":"stream","name":null}},{"type":"Feature","geometry":{"type":"LineString","coordinates":[[72.98089,19.27239],[72.981,19.2725],[72.98092,19.27264],[72.98079,19.2726],[72.98061,19.27265],[72.98066,19.27277],[72.98051,19.27291],[72.98039,19.27308],[72.98035,19.27327],[72.98046,19.27343],[72.98051,19.2735]]},"properties":{"waterway":"stream","name":null}},{"type":"Feature","geometry":{"type":"LineString","coordinates":[[72.95069,19.21865],[72.95078,19.21861],[72.95082,19.21848],[72.95074,19.21832],[72.95075,19.21814],[72.95082,19.21794],[72.95111,19.21763],[72.95143,19.21732],[72.95165,19.2172],[72.95178,19.21704],[72.95185,19.21682],[72.95185,19.21682]]},"properties":{"waterway":"drain","name":null}},{"type":"Feature","geometry":{"type":"LineString","coordinates":[[72.95185,19.21682],[72.95188,19.21673]]},"properties":{"waterway":"drain","name":null}},{"type":"Feature","geometry":{"type":"LineString","coordinates":[[72.95188,19.21673],[72.9519,19.21668],[72.95223,19.21643],[72.95231,19.21625],[72.95245,19.21597],[72.95257,19.21577],[72.95258,19.21562],[72.95282,19.21535],[72.95282,19.21491],[72.95309,19.21477],[72.95306,19.21439],[72.95314,19.21409],[72.95333,19.21389],[72.95348,19.21376],[72.95481,19.21379],[72.95496,19.21367],[72.95501,19.21361]]},"properties":{"waterway":"drain","name":null}},{"type":"Feature","geometry":{"type":"LineString","coordinates":[[72.95501,19.21361],[72.95506,19.21355]]},"properties":{"waterway":"drain","name":null}},{"type":"Feature","geometry":{"type":"LineString","coordinates":[[72.95506,19.21355],[72.95511,19.21349],[72.95519,19.21339],[72.95527,19.21332],[72.95543,19.21331],[72.9556,19.21326],[72.95578,19.2132],[72.95583,19.21311],[72.95592,19.21301],[72.95603,19.21296],[72.95617,19.21298],[72.95622,19.21288],[72.95628,19.21268],[72.95636,19.21257],[72.95648,19.21249],[72.95677,19.21238],[72.95691,19.21216],[72.95706,19.21185],[72.95718,19.21172],[72.95743,19.21165],[72.95771,19.21162],[72.95789,19.21154],[72.95809,19.21136],[72.95825,19.21114],[72.95856,19.21107],[72.95894,19.21105],[72.95925,19.21105],[72.95948,19.21115],[72.95996,19.21138],[72.96002,19.21158],[72.96021,19.21175],[72.96037,19.21184]]},"properties":{"waterway":"drain","name":null}},{"type":"Feature","geometry":{"type":"LineString","coordinates":[[72.96037,19.21184],[72.96044,19.21187]]},"properties":{"waterway":"drain","name":null}},{"type":"Feature","geometry":{"type":"LineString","coordinates":[[72.96048,19.21189],[72.96054,19.21193]]},"properties":{"waterway":"drain","name":null}},{"type":"Feature","geometry":{"type":"LineString","coordinates":[[72.96044,19.21187],[72.96048,19.21189]]},"properties":{"waterway":"drain","name":null}},{"type":"Feature","geometry":{"type":"LineString","coordinates":[[72.96054,19.21193],[72.96105,19.2122],[72.96193,19.21328]]},"properties":{"waterway":"drain","name":null}},{"type":"Feature","geometry":{"type":"LineString","coordinates":[[72.96193,19.21328],[72.96199,19.21336]]},"properties":{"waterway":"drain","name":null}},{"type":"Feature","geometry":{"type":"LineString","coordinates":[[72.96199,19.21336],[72.96216,19.21357],[72.96243,19.21381],[72.96307,19.21394],[72.96332,19.21391]]},"properties":{"waterway":"drain","name":null}},{"type":"Feature","geometry":{"type":"LineString","coordinates":[[72.96332,19.21391],[72.96356,19.21387]]},"properties":{"waterway":"drain","name":null}},{"type":"Feature","geometry":{"type":"LineString","coordinates":[[72.96356,19.21387],[72.96362,19.21386],[72.96459,19.21354],[72.96629,19.21313],[72.9675,19.21294],[72.96778,19.21295]]},"properties":{"waterway":"drain","name":null}},{"type":"Feature","geometry":{"type":"LineString","coordinates":[[72.96778,19.21295],[72.96802,19.21295]]},"properties":{"waterway":"drain","name":null}},{"type":"Feature","geometry":{"type":"LineString","coordinates":[[72.96802,19.21295],[72.96819,19.21296],[72.96894,19.21292],[72.96906,19.21297],[72.96934,19.2131],[72.96958,19.2131],[72.96979,19.21293],[72.97004,19.21262],[72.9703,19.21241]]},"properties":{"waterway":"drain","name":null}},{"type":"Feature","geometry":{"type":"LineString","coordinates":[[72.9703,19.21241],[72.97038,19.21235]]},"properties":{"waterway":"drain","name":null}},{"type":"Feature","geometry":{"type":"LineString","coordinates":[[72.97471,19.23376],[72.97473,19.23391],[72.97504,19.23399],[72.97531,19.23413],[72.97596,19.2341]]},"properties":{"waterway":"drain","name":null}},{"type":"Feature","geometry":{"type":"LineString","coordinates":[[72.9884,19.26229],[72.98836,19.26239],[72.98833,19.26249],[72.98824,19.26266],[72.98813,19.26285],[72.98804,19.26298],[72.988,19.26311],[72.98776,19.26366],[72.98752,19.26413],[72.98739,19.26447],[72.98734,19.2646],[72.98735,19.26472],[72.98737,19.26486],[72.98735,19.26504],[72.98731,19.26519],[72.9874,19.26555],[72.98749,19.26573],[72.98775,19.26576],[72.98825,19.26583],[72.9891,19.26582],[72.99158,19.26599]]},"properties":{"waterway":"stream","name":null}},{"type":"Feature","geometry":{"type":"LineString","coordinates":[[72.98425,19.26412],[72.98434,19.26404],[72.98441,19.26396],[72.98444,19.2639],[72.98446,19.26389],[72.98449,19.26389],[72.98451,19.26391],[72.98458,19.26406],[72.98462,19.26413],[72.98466,19.26417],[72.98471,19.26418],[72.98477,19.26417],[72.98498,19.26411],[72.98504,19.2641],[72.98509,19.26411],[72.98513,19.26415],[72.98522,19.26433],[72.98526,19.26437],[72.98531,19.26439],[72.98566,19.26439],[72.98589,19.26441],[72.98599,19.26442],[72.98624,19.26444],[72.98633,19.26443],[72.98642,19.26439],[72.98654,19.26436],[72.98663,19.26438],[72.98674,19.26443],[72.98686,19.2645],[72.98698,19.26455],[72.98706,19.26458],[72.98712,19.26462]]},"properties":{"waterway":"stream","name":null}},{"type":"Feature","geometry":{"type":"LineString","coordinates":[[72.98914,19.2073],[72.98924,19.20738],[72.98932,19.2074],[72.98939,19.20739],[72.98944,19.20735],[72.98948,19.20735],[72.98957,19.20738],[72.98965,19.20745],[72.98973,19.20753],[72.98982,19.2076],[72.98989,19.20764],[72.98995,19.20763],[72.99,19.20759],[72.99004,19.20756],[72.99009,19.20756],[72.99013,19.20761],[72.99016,19.2077],[72.99016,19.20776],[72.99009,19.20777],[72.99006,19.20779],[72.99007,19.20782],[72.99011,19.20784],[72.99017,19.20781],[72.99024,19.20778],[72.99027,19.20775],[72.99031,19.20774],[72.99034,19.20778],[72.99034,19.20781],[72.99035,19.20786],[72.99038,19.20793],[72.99039,19.20797],[72.99036,19.208],[72.99029,19.20803],[72.99022,19.20805],[72.99014,19.20806],[72.99009,19.20806],[72.99009,19.20811],[72.99012,19.20815],[72.99015,19.20822],[72.99018,19.20829],[72.99018,19.20839]]},"properties":{"waterway":"stream","name":null}},{"type":"Feature","geometry":{"type":"LineString","coordinates":[[72.99009,19.20806],[72.98998,19.20807],[72.98988,19.20808],[72.9898,19.20813],[72.98972,19.20817],[72.98963,19.20819]]},"properties":{"waterway":"stream","name":null}},{"type":"Feature","geometry":{"type":"LineString","coordinates":[[72.97425,19.26177],[72.97431,19.26189],[72.97434,19.2621],[72.97445,19.2624],[72.97464,19.26258],[72.9749,19.26271],[72.97506,19.26293]]},"properties":{"waterway":"stream","name":null}},{"type":"Feature","geometry":{"type":"LineString","coordinates":[[72.96996,19.23497],[72.97025,19.23491],[72.97067,19.23491]]},"properties":{"waterway":"drain","name":null}},{"type":"Feature","geometry":{"type":"LineString","coordinates":[[72.97178,19.2225],[72.97178,19.22248],[72.97179,19.22196],[72.9716,19.22139],[72.97137,19.22042],[72.97154,19.22018],[72.97167,19.22001],[72.97198,19.21963],[72.97231,19.21938],[72.97236,19.21932],[72.97239,19.21908],[72.97243,19.21898],[72.9734,19.21878],[72.97362,19.21876],[72.97369,19.21876],[72.97381,19.21875],[72.97405,19.21867],[72.97425,19.21849],[72.97446,19.21845],[72.97485,19.21852],[72.97536,19.21884],[72.97569,19.21872],[72.97583,19.21851],[72.97589,19.21812],[72.97631,19.21817],[72.97655,19.21814],[72.97701,19.218],[72.9776,19.2177],[72.9778,19.21723],[72.9779,19.21714]]},"properties":{"waterway":"drain","name":null}},{"type":"Feature","geometry":{"type":"LineString","coordinates":[[72.98593,19.21484],[72.98582,19.2144],[72.98582,19.21418],[72.98597,19.2139],[72.98635,19.21367],[72.98666,19.21353],[72.98683,19.21338],[72.987,19.21322],[72.98724,19.21289],[72.98735,19.21259],[72.98791,19.21175],[72.98829,19.21099]]},"properties":{"waterway":"drain","name":null}},{"type":"Feature","geometry":{"type":"LineString","coordinates":[[72.98601,19.2152],[72.98593,19.21484]]},"properties":{"waterway":"drain","name":null}},{"type":"Feature","geometry":{"type":"LineString","coordinates":[[72.96345,19.27236],[72.96371,19.27268],[72.96397,19.27292],[72.96435,19.27312],[72.96454,19.27321],[72.96493,19.27356],[72.96501,19.27377],[72.96512,19.27383],[72.96514,19.27419],[72.96518,19.27429],[72.96575,19.27424],[72.96602,19.27428],[72.96609,19.27469],[72.96603,19.27494],[72.96596,19.27541]]},"properties":{"waterway":"stream","name":null}},{"type":"Feature","geometry":{"type":"LineString","coordinates":[[72.97127,19.2702],[72.97157,19.2702],[72.97193,19.27047]]},"properties":{"waterway":"canal","name":null}},{"type":"Feature","geometry":{"type":"LineString","coordinates":[[72.96741,19.26606],[72.96751,19.26609],[72.96754,19.26612],[72.96755,19.26631],[72.9677,19.26662],[72.96769,19.26667],[72.96767,19.26675],[72.96764,19.26681],[72.96771,19.26681],[72.96779,19.26681],[72.96787,19.26683],[72.96794,19.26689],[72.96808,19.26699],[72.96841,19.26714],[72.96844,19.26715]]},"properties":{"waterway":"drain","name":null}},{"type":"Feature","geometry":{"type":"LineString","coordinates":[[72.97193,19.27047],[72.97298,19.27053],[72.97305,19.27056],[72.97311,19.27061],[72.97313,19.27067],[72.97313,19.27076]]},"properties":{"waterway":"canal","name":null}},{"type":"Feature","geometry":{"type":"LineString","coordinates":[[72.91641,19.24351],[72.91689,19.24331],[72.9174,19.24331],[72.91796,19.2434],[72.91806,19.24372],[72.91811,19.24422],[72.91801,19.24455],[72.91812,19.24472],[72.91833,19.2446],[72.91878,19.24426],[72.91897,19.24404],[72.91942,19.24404],[72.91968,19.24432],[72.91958,19.2447],[72.9195,19.24506],[72.91953,19.24532],[72.9198,19.2453],[72.92011,19.24535],[72.9202,19.24514],[72.92076,19.24508],[72.92112,19.24514],[72.92131,19.24527],[72.92124,19.24553],[72.92145,19.246],[72.9216,19.24617],[72.92208,19.24609],[72.92238,19.24586],[72.92246,19.24541],[72.9226,19.24508],[72.92289,19.24491],[72.92327,19.24499],[72.92382,19.2452],[72.92423,19.24529],[72.92475,19.24529],[72.92499,19.24514],[72.92521,19.24523],[72.92533,19.24534],[72.92554,19.24546]]},"properties":{"waterway":"stream","name":null}},{"type":"Feature","geometry":{"type":"LineString","coordinates":[[72.91863,19.26158],[72.91889,19.26218],[72.9191,19.26338],[72.91907,19.26409],[72.91944,19.26475],[72.91984,19.26497]]},"properties":{"waterway":"stream","name":null}},{"type":"Feature","geometry":{"type":"LineString","coordinates":[[72.8889,19.26458],[72.88891,19.26468],[72.88888,19.26477],[72.88879,19.26494],[72.88878,19.26496],[72.88874,19.26505],[72.88876,19.26516],[72.88886,19.26565],[72.889,19.26616],[72.88899,19.26624],[72.88895,19.26634],[72.88898,19.2664],[72.88918,19.26663],[72.88919,19.2667],[72.88917,19.26679],[72.88913,19.26686],[72.88905,19.2669],[72.88894,19.26695],[72.88879,19.26705],[72.88877,19.26761],[72.88873,19.2677],[72.88867,19.26799],[72.88861,19.26808],[72.88852,19.26812],[72.88837,19.26815],[72.88832,19.2682],[72.8881,19.26844],[72.88786,19.26898],[72.88771,19.26916],[72.88755,19.26943],[72.88755,19.26956],[72.88756,19.2696],[72.88762,19.26965],[72.88786,19.26977],[72.88793,19.26982],[72.88799,19.26993],[72.88805,19.27009],[72.88814,19.27019],[72.8882,19.27031],[72.88822,19.27045],[72.88824,19.27058],[72.88826,19.27065],[72.8883,19.2707],[72.88838,19.27074],[72.88835,19.27101]]},"properties":{"waterway":"drain","name":null}},{"type":"Feature","geometry":{"type":"LineString","coordinates":[[72.88761,19.27247],[72.88753,19.27268],[72.8875,19.27283],[72.88748,19.27293],[72.88751,19.27315],[72.88749,19.27319],[72.88734,19.27346],[72.88731,19.27352],[72.8873,19.2737],[72.88727,19.27377],[72.88716,19.27393],[72.88712,19.27398],[72.88702,19.27428],[72.8869,19.27443],[72.88673,19.27453],[72.88631,19.2748]]},"properties":{"waterway":"drain","name":null}},{"type":"Feature","geometry":{"type":"LineString","coordinates":[[72.88846,19.27621],[72.88839,19.27611],[72.88811,19.27587],[72.88757,19.27556],[72.88631,19.2748],[72.886,19.27458],[72.88573,19.27496],[72.88559,19.27521],[72.88557,19.27531],[72.88551,19.27601]]},"properties":{"waterway":"drain","name":null}},{"type":"Feature","geometry":{"type":"LineString","coordinates":[[72.88846,19.27621],[72.88913,19.27662],[72.88947,19.27689],[72.88963,19.27707],[72.88972,19.27728],[72.88971,19.27753],[72.88984,19.27787],[72.88981,19.27809],[72.88919,19.27986],[72.88934,19.28012],[72.88856,19.28233],[72.88805,19.28374],[72.88693,19.28715],[72.88696,19.28745],[72.88696,19.2878],[72.88689,19.28798],[72.88674,19.28814],[72.8865,19.28827],[72.88604,19.29003]]},"properties":{"waterway":"drain","name":null}},{"type":"Feature","geometry":{"type":"LineString","coordinates":[[72.97509,19.22278],[72.97508,19.2227],[72.97505,19.22254],[72.97503,19.22245],[72.97493,19.22229],[72.97479,19.22203],[72.97467,19.22146],[72.97454,19.22121],[72.97444,19.22107],[72.97436,19.22102],[72.97427,19.22101],[72.97414,19.22101],[72.97406,19.22099],[72.97369,19.22045],[72.97368,19.22012],[72.97361,19.21966],[72.97357,19.21912],[72.97362,19.21876]]},"properties":{"waterway":"drain","name":null}},{"type":"Feature","geometry":{"type":"LineString","coordinates":[[72.96165,19.22386],[72.96187,19.22358]]},"properties":{"waterway":"drain","name":null}},{"type":"Feature","geometry":{"type":"LineString","coordinates":[[72.96079,19.22485],[72.96106,19.2247],[72.96119,19.22463],[72.96154,19.22438],[72.96154,19.22428],[72.96156,19.22419],[72.9616,19.22414],[72.96164,19.22412],[72.96165,19.22395],[72.96165,19.22386]]},"properties":{"waterway":"drain","name":null}},{"type":"Feature","geometry":{"type":"LineString","coordinates":[[72.96187,19.22358],[72.96189,19.22346],[72.96192,19.2234],[72.96197,19.22335],[72.96206,19.22333],[72.96233,19.22334],[72.96262,19.22333],[72.96291,19.22331],[72.96325,19.22327],[72.96345,19.22324],[72.96373,19.22323]]},"properties":{"waterway":"drain","name":null}},{"type":"Feature","geometry":{"type":"LineString","coordinates":[[72.95653,19.21944],[72.95623,19.21907],[72.9562,19.21894],[72.95623,19.21881],[72.95644,19.2186],[72.95669,19.21846],[72.95701,19.21831]]},"properties":{"waterway":"drain","name":null}},{"type":"Feature","geometry":{"type":"LineString","coordinates":[[72.95793,19.21988],[72.95792,19.21982],[72.95793,19.21977],[72.95796,19.21972],[72.95808,19.2196],[72.9581,19.21955],[72.95811,19.21947],[72.95808,19.2194],[72.95797,19.21935],[72.95783,19.21933],[72.95759,19.21925],[72.95756,19.21922],[72.95713,19.2185],[72.95701,19.21831],[72.95699,19.21827],[72.95683,19.21791],[72.95666,19.21754],[72.95644,19.21705],[72.95625,19.21664]]},"properties":{"waterway":"drain","name":null}},{"type":"Feature","geometry":{"type":"LineString","coordinates":[[72.97993,19.18927],[72.97979,19.189],[72.97974,19.1888],[72.97969,19.18856],[72.97971,19.18843],[72.97978,19.18834],[72.98,19.18822],[72.98086,19.18796]]},"properties":{"waterway":"drain","name":null}},{"type":"Feature","geometry":{"type":"LineString","coordinates":[[72.97596,19.2341],[72.9766,19.23411]]},"properties":{"waterway":"drain","name":null}},{"type":"Feature","geometry":{"type":"LineString","coordinates":[[72.97671,19.23476],[72.97659,19.23475],[72.97653,19.23474],[72.97652,19.23472],[72.97653,19.23465],[72.97656,19.23445],[72.9766,19.23411],[72.97661,19.23402],[72.97666,19.23355],[72.97676,19.23345],[72.97684,19.23319],[72.97687,19.23263],[72.97687,19.23165],[72.977,19.23172],[72.97721,19.23181]]},"properties":{"waterway":"stream","name":null}},{"type":"Feature","geometry":{"type":"LineString","coordinates":[[72.97911,19.24341],[72.97907,19.24377],[72.9791,19.24391],[72.97924,19.24422],[72.9793,19.24431],[72.97935,19.24434],[72.97953,19.24439],[72.9797,19.24447],[72.97992,19.24458],[72.98007,19.24473],[72.9802,19.24483],[72.98028,19.24487]]},"properties":{"waterway":"drain","name":null}},{"type":"Feature","geometry":{"type":"LineString","coordinates":[[72.98739,19.26447],[72.9873,19.26452],[72.98722,19.26454],[72.98715,19.26456],[72.98712,19.26462],[72.9871,19.26473],[72.98714,19.2649],[72.98721,19.26505],[72.98731,19.26519]]},"properties":{"waterway":"stream","name":null}},{"type":"Feature","geometry":{"type":"LineString","coordinates":[[72.98833,19.26335],[72.98842,19.26344],[72.98855,19.26353],[72.98865,19.2636],[72.98869,19.26371],[72.98866,19.26386],[72.98864,19.26392],[72.98868,19.26395],[72.98887,19.26395],[72.98918,19.26401],[72.98962,19.2641],[72.99176,19.26528]]},"properties":{"waterway":"stream","name":null}},{"type":"Feature","geometry":{"type":"LineString","coordinates":[[72.98687,19.19032],[72.98662,19.19018],[72.98619,19.19002],[72.98605,19.19001],[72.98594,19.19006],[72.98584,19.19012],[72.98582,19.19013],[72.98572,19.19005],[72.98562,19.1898],[72.98556,19.1895],[72.98498,19.18914]]},"properties":{"waterway":"drain","name":null}},{"type":"Feature","geometry":{"type":"LineString","coordinates":[[72.98735,19.19348],[72.98536,19.19381],[72.98481,19.19395]]},"properties":{"waterway":"drain","name":null}},{"type":"Feature","geometry":{"type":"LineString","coordinates":[[72.97856,19.24853],[72.97876,19.24853],[72.97916,19.24837],[72.97919,19.24847],[72.97927,19.24861],[72.97937,19.24873],[72.97961,19.24898],[72.97966,19.24904],[72.9797,19.24911],[72.98007,19.24934],[72.98026,19.24947],[72.98032,19.24955],[72.9805,19.24969],[72.98066,19.24976],[72.98071,19.24978]]},"properties":{"waterway":"drain","name":null}},{"type":"Feature","geometry":{"type":"LineString","coordinates":[[72.97603,19.24695],[72.97603,19.24709],[72.97605,19.24713],[72.97609,19.24717],[72.97655,19.2476],[72.97659,19.24763]]},"properties":{"waterway":"drain","name":null}},{"type":"Feature","geometry":{"type":"LineString","coordinates":[[72.94833,19.18768],[72.94843,19.18735],[72.94871,19.18724],[72.94956,19.18706],[72.95,19.18654],[72.95005,19.18596]]},"properties":{"waterway":"drain","name":null}},{"type":"Feature","geometry":{"type":"LineString","coordinates":[[72.97294,19.19383],[72.97295,19.1936],[72.97303,19.19285],[72.97311,19.19253]]},"properties":{"waterway":"drain","name":null}},{"type":"Feature","geometry":{"type":"LineString","coordinates":[[72.97311,19.19253],[72.97312,19.19248]]},"properties":{"waterway":"drain","name":null}},{"type":"Feature","geometry":{"type":"LineString","coordinates":[[72.97312,19.19248],[72.97323,19.19218],[72.97329,19.19209],[72.97332,19.19204]]},"properties":{"waterway":"drain","name":null}},{"type":"Feature","geometry":{"type":"LineString","coordinates":[[72.97332,19.19204],[72.97337,19.19198]]},"properties":{"waterway":"drain","name":null}},{"type":"Feature","geometry":{"type":"LineString","coordinates":[[72.97337,19.19198],[72.97338,19.19198],[72.97357,19.19181],[72.97371,19.19172],[72.97393,19.19162],[72.9741,19.19144],[72.97425,19.19146],[72.97437,19.19142],[72.97469,19.19107],[72.97491,19.19091],[72.97503,19.19083],[72.97517,19.19077],[72.97557,19.19059],[72.97564,19.19038],[72.97576,19.19021],[72.97588,19.19015],[72.97607,19.19011]]},"properties":{"waterway":"drain","name":null}},{"type":"Feature","geometry":{"type":"LineString","coordinates":[[72.97607,19.19011],[72.97614,19.1901]]},"properties":{"waterway":"drain","name":null}},{"type":"Feature","geometry":{"type":"LineString","coordinates":[[72.97538,19.22488],[72.97538,19.22487],[72.97546,19.22463],[72.9755,19.22435],[72.9755,19.22422],[72.9754,19.22413],[72.97531,19.22409],[72.97521,19.22398],[72.97514,19.22381],[72.97513,19.22364],[72.97512,19.22294],[72.97511,19.22288]]},"properties":{"waterway":"drain","name":null}},{"type":"Feature","geometry":{"type":"LineString","coordinates":[[72.97511,19.22288],[72.97509,19.22278]]},"properties":{"waterway":"drain","name":null}},{"type":"Feature","geometry":{"type":"LineString","coordinates":[[72.97484,19.22572],[72.97483,19.22566],[72.97493,19.22561],[72.97497,19.22556],[72.97497,19.22549],[72.97498,19.22545],[72.97504,19.22541],[72.97515,19.22536],[72.97532,19.22533],[72.97535,19.22531],[72.97537,19.22518],[72.97537,19.22506],[72.97538,19.22497]]},"properties":{"waterway":"drain","name":null}},{"type":"Feature","geometry":{"type":"LineString","coordinates":[[72.97538,19.22497],[72.97538,19.22488]]},"properties":{"waterway":"drain","name":null}},{"type":"Feature","geometry":{"type":"LineString","coordinates":[[72.89915,19.20482],[72.89822,19.20595],[72.89793,19.20669],[72.89776,19.2072],[72.8973,19.20779],[72.89626,19.20822],[72.89445,19.20825],[72.8939,19.20855],[72.89379,19.20958],[72.89293,19.21016],[72.89157,19.21039],[72.89059,19.21051],[72.89009,19.21088],[72.88986,19.21144],[72.88923,19.21208],[72.88906,19.2125],[72.88917,19.21316],[72.88941,19.21422],[72.88917,19.21531],[72.88866,19.2162],[72.88787,19.21736],[72.88742,19.2183],[72.88652,19.22011],[72.88571,19.22065],[72.88556,19.22078],[72.8854,19.22085],[72.88527,19.22093],[72.88514,19.22105],[72.88507,19.22123],[72.88501,19.22139],[72.88488,19.22158],[72.88473,19.22175],[72.88467,19.22201],[72.8846,19.22224],[72.88459,19.22242],[72.88452,19.22259],[72.88447,19.22278],[72.88447,19.22292],[72.88453,19.22307]]},"properties":{"waterway":"river","name":"Dahisar River"}},{"type":"Feature","geometry":{"type":"LineString","coordinates":[[72.96448,19.2317],[72.96463,19.23181],[72.96472,19.23181],[72.9649,19.23181],[72.96511,19.23187],[72.96538,19.23178],[72.96567,19.23167],[72.96587,19.23157],[72.96596,19.23151],[72.96618,19.23144],[72.96643,19.23142],[72.96659,19.23146],[72.96673,19.23153],[72.96686,19.23165],[72.96707,19.2317],[72.96727,19.23175],[72.96752,19.23165],[72.96785,19.23159],[72.96787,19.23157]]},"properties":{"waterway":"drain","name":null}},{"type":"Feature","geometry":{"type":"LineString","coordinates":[[72.97322,19.22843],[72.97325,19.22833]]},"properties":{"waterway":"drain","name":null}},{"type":"Feature","geometry":{"type":"LineString","coordinates":[[72.9732,19.2285],[72.97322,19.22843]]},"properties":{"waterway":"drain","name":null}},{"type":"Feature","geometry":{"type":"LineString","coordinates":[[72.97117,19.22964],[72.97135,19.22946],[72.97151,19.22929],[72.97169,19.2292],[72.97194,19.2291],[72.97216,19.22894],[72.97243,19.22866],[72.97253,19.2285],[72.97255,19.22847],[72.9726,19.22846],[72.97313,19.22854],[72.97316,19.22853],[72.9732,19.2285]]},"properties":{"waterway":"drain","name":null}},{"type":"Feature","geometry":{"type":"LineString","coordinates":[[72.97107,19.22974],[72.97117,19.22964]]},"properties":{"waterway":"drain","name":null}},{"type":"Feature","geometry":{"type":"LineString","coordinates":[[72.97085,19.23051],[72.97089,19.23045],[72.97098,19.23026],[72.97103,19.23008],[72.97106,19.22975],[72.97107,19.22974]]},"properties":{"waterway":"drain","name":null}},{"type":"Feature","geometry":{"type":"LineString","coordinates":[[72.9708,19.23055],[72.97085,19.23051]]},"properties":{"waterway":"drain","name":null}},{"type":"Feature","geometry":{"type":"LineString","coordinates":[[72.97011,19.23061],[72.97065,19.23059],[72.97072,19.23058],[72.9708,19.23055]]},"properties":{"waterway":"drain","name":null}},{"type":"Feature","geometry":{"type":"LineString","coordinates":[[72.96996,19.23062],[72.97011,19.23061]]},"properties":{"waterway":"drain","name":null}},{"type":"Feature","geometry":{"type":"LineString","coordinates":[[72.96796,19.23152],[72.96806,19.23146],[72.9683,19.23112],[72.96844,19.23107],[72.96869,19.23117],[72.969,19.23116],[72.9693,19.2311],[72.96955,19.23101],[72.96988,19.23063],[72.96996,19.23062]]},"properties":{"waterway":"drain","name":null}},{"type":"Feature","geometry":{"type":"LineString","coordinates":[[72.96787,19.23157],[72.96796,19.23152]]},"properties":{"waterway":"drain","name":null}},{"type":"Feature","geometry":{"type":"LineString","coordinates":[[72.97325,19.22833],[72.97337,19.22793],[72.97371,19.22708],[72.97372,19.22706],[72.97386,19.22658],[72.97395,19.22627],[72.97394,19.22621],[72.97392,19.22617],[72.97388,19.22614],[72.97349,19.22603],[72.97325,19.22597],[72.97292,19.22597],[72.97257,19.22589],[72.9722,19.22588],[72.97193,19.22591],[72.97171,19.2258],[72.97166,19.22576],[72.97162,19.22555],[72.97156,19.22544],[72.97148,19.2254],[72.97141,19.2253],[72.97134,19.22521],[72.97118,19.22505],[72.97106,19.22449],[72.97106,19.22445],[72.97107,19.2244],[72.97115,19.22426],[72.97125,19.22412],[72.97129,19.22402],[72.97133,19.22354],[72.97136,19.22346],[72.97156,19.22317],[72.97174,19.22283],[72.97177,19.22257]]},"properties":{"waterway":"drain","name":null}},{"type":"Feature","geometry":{"type":"LineString","coordinates":[[72.97177,19.22257],[72.97178,19.2225]]},"properties":{"waterway":"drain","name":null}},{"type":"Feature","geometry":{"type":"LineString","coordinates":[[72.97614,19.1901],[72.9763,19.19009],[72.97643,19.19013],[72.97657,19.19016],[72.97672,19.19016],[72.97687,19.19014],[72.97693,19.19012]]},"properties":{"waterway":"drain","name":null}},{"type":"Feature","geometry":{"type":"LineString","coordinates":[[72.97693,19.19012],[72.97701,19.19009]]},"properties":{"waterway":"drain","name":null}},{"type":"Feature","geometry":{"type":"LineString","coordinates":[[72.97701,19.19009],[72.97719,19.19004],[72.97733,19.18986],[72.97745,19.18968],[72.97756,19.1896],[72.97776,19.18953],[72.97778,19.18952]]},"properties":{"waterway":"drain","name":null}},{"type":"Feature","geometry":{"type":"LineString","coordinates":[[72.97778,19.18952],[72.97789,19.1895]]},"properties":{"waterway":"drain","name":null}},{"type":"Feature","geometry":{"type":"LineString","coordinates":[[72.98055,19.19042],[72.98033,19.19003],[72.98021,19.18978],[72.97997,19.18935]]},"properties":{"waterway":"drain","name":null}},{"type":"Feature","geometry":{"type":"LineString","coordinates":[[72.97997,19.18935],[72.97993,19.18927]]},"properties":{"waterway":"drain","name":null}},{"type":"Feature","geometry":{"type":"LineString","coordinates":[[72.97349,19.27091],[72.97403,19.27108],[72.97443,19.27144]]},"properties":{"waterway":"canal","name":null}},{"type":"Feature","geometry":{"type":"LineString","coordinates":[[72.94629,19.18519],[72.94665,19.18492]]},"properties":{"waterway":"drain","name":null}},{"type":"Feature","geometry":{"type":"LineString","coordinates":[[72.93487,19.18601],[72.93545,19.18576],[72.93577,19.18564],[72.936,19.18557],[72.93623,19.18555],[72.93636,19.18556],[72.93676,19.18554],[72.93725,19.18527],[72.93758,19.1852]]},"properties":{"waterway":"stream","name":null}},{"type":"Feature","geometry":{"type":"LineString","coordinates":[[72.93452,19.183],[72.93511,19.18327],[72.93533,19.1835],[72.93552,19.18374],[72.93573,19.18389],[72.93588,19.184],[72.93617,19.1842],[72.93637,19.18426],[72.93663,19.18424],[72.93679,19.18417],[72.93691,19.18402],[72.93689,19.18393]]},"properties":{"waterway":"stream","name":null}},{"type":"Feature","geometry":{"type":"LineString","coordinates":[[72.9355,19.18702],[72.93568,19.18682],[72.93598,19.18651],[72.93623,19.18636],[72.93627,19.18633],[72.93655,19.18626],[72.93682,19.18612],[72.93684,19.1861],[72.937,19.18595],[72.93739,19.1859],[72.93745,19.18586],[72.93763,19.18575],[72.93792,19.18562],[72.93811,19.1855],[72.93827,19.18535]]},"properties":{"waterway":"stream","name":null}},{"type":"Feature","geometry":{"type":"LineString","coordinates":[[72.96554,19.20202],[72.96562,19.20197]]},"properties":{"waterway":"drain","name":null}},{"type":"Feature","geometry":{"type":"LineString","coordinates":[[72.96955,19.26851],[72.9696,19.26858],[72.97007,19.26852],[72.97013,19.26875],[72.97033,19.26911],[72.97052,19.26943],[72.97076,19.27023],[72.97127,19.2702]]},"properties":{"waterway":"drain","name":null}},{"type":"Feature","geometry":{"type":"LineString","coordinates":[[72.96933,19.26823],[72.96937,19.26831]]},"properties":{"waterway":"drain","name":null}},{"type":"Feature","geometry":{"type":"LineString","coordinates":[[72.93656,19.18724],[72.93666,19.1871],[72.93675,19.18694],[72.9368,19.18685],[72.93687,19.18673],[72.93694,19.18651],[72.93715,19.18622],[72.93723,19.18611],[72.93739,19.18602],[72.93745,19.18586]]},"properties":{"waterway":"stream","name":null}},{"type":"Feature","geometry":{"type":"LineString","coordinates":[[72.93628,19.18721],[72.93658,19.18702],[72.93669,19.18689],[72.93676,19.18681],[72.93681,19.18647],[72.9369,19.18629],[72.93694,19.18616],[72.937,19.18595]]},"properties":{"waterway":"stream","name":null}},{"type":"Feature","geometry":{"type":"LineString","coordinates":[[72.93442,19.18421],[72.93474,19.18445],[72.93511,19.18467],[72.93548,19.18472],[72.93578,19.18466],[72.93591,19.18466],[72.93603,19.18465],[72.93609,19.18465],[72.93644,19.18464],[72.93646,19.18464]]},"properties":{"waterway":"stream","name":null}},{"type":"Feature","geometry":{"type":"LineString","coordinates":[[72.93931,19.18989],[72.93957,19.18977],[72.9398,19.18961],[72.94011,19.18945],[72.94028,19.18934],[72.94031,19.18924],[72.94031,19.18915],[72.9403,19.18912],[72.94026,19.1889],[72.94024,19.18882]]},"properties":{"waterway":"stream","name":null}},{"type":"Feature","geometry":{"type":"LineString","coordinates":[[72.93825,19.18785],[72.93824,19.18759],[72.93812,19.1873],[72.9381,19.18691],[72.93812,19.18669],[72.93829,19.18637]]},"properties":{"waterway":"stream","name":null}},{"type":"Feature","geometry":{"type":"LineString","coordinates":[[72.93577,19.18527],[72.93596,19.18508],[72.93607,19.18497],[72.93616,19.18489],[72.93644,19.18464],[72.93668,19.18459],[72.93698,19.18437]]},"properties":{"waterway":"stream","name":null}},{"type":"Feature","geometry":{"type":"LineString","coordinates":[[72.93579,19.18332],[72.93595,19.18333],[72.93611,19.18332],[72.93623,19.1833],[72.93645,19.1833]]},"properties":{"waterway":"stream","name":null}},{"type":"Feature","geometry":{"type":"LineString","coordinates":[[72.93818,19.18892],[72.93828,19.18864],[72.93849,19.18837],[72.93853,19.18816],[72.93866,19.18792]]},"properties":{"waterway":"stream","name":null}},{"type":"Feature","geometry":{"type":"LineString","coordinates":[[72.93721,19.18826],[72.93741,19.18811],[72.93752,19.18797],[72.93767,19.18764],[72.93771,19.18741],[72.93784,19.18717]]},"properties":{"waterway":"stream","name":null}},{"type":"Feature","geometry":{"type":"LineString","coordinates":[[72.9417,19.19029],[72.94189,19.19064],[72.94205,19.19082],[72.94213,19.19098],[72.94222,19.1914],[72.94231,19.19153],[72.94236,19.19229],[72.94242,19.19254]]},"properties":{"waterway":"drain","name":null}},{"type":"Feature","geometry":{"type":"LineString","coordinates":[[72.90605,19.18641],[72.9063,19.18834],[72.90656,19.18972],[72.90641,19.19199],[72.90581,19.19328],[72.90609,19.19525],[72.90562,19.19628],[72.90548,19.19719]]},"properties":{"waterway":"stream","name":null}},{"type":"Feature","geometry":{"type":"LineString","coordinates":[[72.89944,19.18751],[72.89849,19.18915],[72.89828,19.19132],[72.89914,19.19239],[72.90012,19.19424],[72.90148,19.19547],[72.90255,19.19687],[72.90261,19.19835],[72.9021,19.19922]]},"properties":{"waterway":"stream","name":null}},{"type":"Feature","geometry":{"type":"LineString","coordinates":[[72.9113,19.20477],[72.91006,19.20477],[72.90972,19.20453],[72.90922,19.20396],[72.90858,19.20171],[72.90854,19.20001],[72.90791,19.19953],[72.90626,19.19892],[72.90545,19.19849],[72.90386,19.19813]]},"properties":{"waterway":"stream","name":null}},{"type":"Feature","geometry":{"type":"LineString","coordinates":[[72.93362,19.20848],[72.93441,19.20899],[72.93458,19.20998],[72.93418,19.21201],[72.9331,19.21474],[72.93231,19.21638],[72.93214,19.21774],[72.93205,19.21812]]},"properties":{"waterway":"stream","name":null}},{"type":"Feature","geometry":{"type":"LineString","coordinates":[[72.92253,19.21015],[72.92218,19.20942],[72.92147,19.20913],[72.92101,19.20866],[72.92038,19.20808],[72.91985,19.20731],[72.91985,19.2064],[72.91976,19.20526],[72.92025,19.20428],[72.92026,19.20386],[72.91954,19.2032],[72.91926,19.2021],[72.91926,19.20047],[72.91952,19.19942],[72.91992,19.19877],[72.92004,19.19775],[72.91991,19.19754],[72.91949,19.19736],[72.91661,19.19642]]},"properties":{"waterway":"stream","name":null}},{"type":"Feature","geometry":{"type":"LineString","coordinates":[[72.93947,19.19852],[72.93986,19.19843],[72.94013,19.19847],[72.9403,19.19859],[72.94062,19.19862],[72.94095,19.19853]]},"properties":{"waterway":"stream","name":null}},{"type":"Feature","geometry":{"type":"LineString","coordinates":[[72.94089,19.19635],[72.9411,19.19637],[72.94131,19.19639],[72.94146,19.19647],[72.94151,19.19647]]},"properties":{"waterway":"stream","name":null}},{"type":"Feature","geometry":{"type":"LineString","coordinates":[[72.94316,19.19621],[72.94466,19.19606]]},"properties":{"waterway":"drain","name":null}},{"type":"Feature","geometry":{"type":"LineString","coordinates":[[72.98878,19.26113],[72.9884,19.26229]]},"properties":{"waterway":"stream","name":null}},{"type":"Feature","geometry":{"type":"LineString","coordinates":[[72.98972,19.25942],[72.98942,19.25963],[72.98918,19.25981],[72.98905,19.25997],[72.98896,19.26018],[72.98889,19.26044],[72.98885,19.26065],[72.98883,19.26085],[72.98878,19.26113]]},"properties":{"waterway":"stream","name":null}},{"type":"Feature","geometry":{"type":"LineString","coordinates":[[72.97896,19.23092],[72.97905,19.23086],[72.97918,19.23081],[72.9793,19.23073],[72.97939,19.23062],[72.97939,19.23062],[72.97967,19.23037],[72.97998,19.23024]]},"properties":{"waterway":"stream","name":null}},{"type":"Feature","geometry":{"type":"LineString","coordinates":[[72.97998,19.23024],[72.9801,19.23025]]},"properties":{"waterway":"stream","name":null}},{"type":"Feature","geometry":{"type":"LineString","coordinates":[[72.96937,19.26831],[72.96951,19.26845]]},"properties":{"waterway":"drain","name":null}},{"type":"Feature","geometry":{"type":"LineString","coordinates":[[72.96951,19.26845],[72.96955,19.26851]]},"properties":{"waterway":"drain","name":null}},{"type":"Feature","geometry":{"type":"LineString","coordinates":[[72.96854,19.26718],[72.96902,19.2673],[72.9691,19.26732],[72.96913,19.26736],[72.96916,19.26743],[72.96923,19.2678]]},"properties":{"waterway":"drain","name":null}},{"type":"Feature","geometry":{"type":"LineString","coordinates":[[72.96844,19.26715],[72.96854,19.26718]]},"properties":{"waterway":"drain","name":null}},{"type":"Feature","geometry":{"type":"LineString","coordinates":[[72.96925,19.2679],[72.96928,19.2681],[72.9693,19.26815],[72.96933,19.26823]]},"properties":{"waterway":"drain","name":null}},{"type":"Feature","geometry":{"type":"LineString","coordinates":[[72.96923,19.2678],[72.96925,19.2679]]},"properties":{"waterway":"drain","name":null}},{"type":"Feature","geometry":{"type":"LineString","coordinates":[[72.97401,19.26078],[72.97395,19.26122],[72.97407,19.26157],[72.97413,19.26166],[72.97425,19.26177]]},"properties":{"waterway":"stream","name":null}},{"type":"Feature","geometry":{"type":"LineString","coordinates":[[72.97412,19.26047],[72.97401,19.26078]]},"properties":{"waterway":"stream","name":null}},{"type":"Feature","geometry":{"type":"LineString","coordinates":[[72.98912,19.21499],[72.98947,19.21497]]},"properties":{"waterway":"drain","name":null}},{"type":"Feature","geometry":{"type":"LineString","coordinates":[[72.98947,19.21497],[72.98957,19.21497]]},"properties":{"waterway":"drain","name":null}},{"type":"Feature","geometry":{"type":"LineString","coordinates":[[72.96102,19.20432],[72.96142,19.20442],[72.9616,19.20441],[72.96168,19.20435],[72.96173,19.20416],[72.96177,19.20399],[72.96196,19.20384],[72.96199,19.20381]]},"properties":{"waterway":"drain","name":null}},{"type":"Feature","geometry":{"type":"LineString","coordinates":[[72.96199,19.20381],[72.96204,19.20377]]},"properties":{"waterway":"drain","name":null}},{"type":"Feature","geometry":{"type":"LineString","coordinates":[[72.96205,19.20375],[72.96211,19.20371]]},"properties":{"waterway":"drain","name":null}},{"type":"Feature","geometry":{"type":"LineString","coordinates":[[72.96204,19.20377],[72.96205,19.20375]]},"properties":{"waterway":"drain","name":null}},{"type":"Feature","geometry":{"type":"LineString","coordinates":[[72.97749,19.19973],[72.97756,19.19972],[72.97794,19.19985],[72.97834,19.20021],[72.97842,19.20039],[72.97841,19.2005],[72.97823,19.2007],[72.97818,19.20094],[72.97826,19.20124],[72.97843,19.20155],[72.97915,19.20181]]},"properties":{"waterway":"drain","name":null}},{"type":"Feature","geometry":{"type":"LineString","coordinates":[[72.97736,19.19974],[72.97749,19.19973]]},"properties":{"waterway":"drain","name":null}},{"type":"Feature","geometry":{"type":"LineString","coordinates":[[72.97366,19.23343],[72.97394,19.23354],[72.97462,19.23372],[72.97464,19.23373]]},"properties":{"waterway":"drain","name":null}},{"type":"Feature","geometry":{"type":"LineString","coordinates":[[72.97464,19.23373],[72.97471,19.23376]]},"properties":{"waterway":"drain","name":null}},{"type":"Feature","geometry":{"type":"LineString","coordinates":[[72.98957,19.21497],[72.99039,19.21493],[72.99062,19.21497]]},"properties":{"waterway":"drain","name":null}},{"type":"Feature","geometry":{"type":"LineString","coordinates":[[72.98833,19.21497],[72.98869,19.21497],[72.98877,19.21498]]},"properties":{"waterway":"drain","name":null}},{"type":"Feature","geometry":{"type":"LineString","coordinates":[[72.98823,19.21496],[72.98833,19.21497]]},"properties":{"waterway":"drain","name":null}},{"type":"Feature","geometry":{"type":"LineString","coordinates":[[72.9538,19.20438],[72.9539,19.20433]]},"properties":{"waterway":"drain","name":null}},{"type":"Feature","geometry":{"type":"LineString","coordinates":[[72.9539,19.20433],[72.95397,19.20429]]},"properties":{"waterway":"drain","name":null}}]}